image_path,predicted_class,confidence,is_chest_xray,prob_chest_xray,prob_other_images,error
scripts\PredicciónImágenes\Nodules\00022417_001.png,chest_xray,1.0,True,1.0,3.066636389270627e-10,
scripts\PredicciónImágenes\Nodules\00017313_001.png,chest_xray,1.0,True,1.0,8.663355588467425e-10,
scripts\PredicciónImágenes\Nodules\00012879_000.png,chest_xray,1.0,True,1.0,1.0775845993293842e-08,
scripts\PredicciónImágenes\Nodules\00009446_004.png,chest_xray,1.0,True,1.0,1.313405911806953e-10,
scripts\PredicciónImágenes\Nodules\00001286_004.png,chest_xray,0.9999991655349731,True,0.9999991655349731,8.752543294576753e-07,
scripts\PredicciónImágenes\Nodules\00007321_006.png,chest_xray,1.0,True,1.0,1.3886096439374995e-10,
scripts\PredicciónImágenes\Nodules\00001836_100.png,chest_xray,1.0,True,1.0,3.410696391981105e-09,
scripts\PredicciónImágenes\Nodules\00016404_010.png,chest_xray,1.0,True,1.0,8.66276472777372e-09,
scripts\PredicciónImágenes\Nodules\00017417_006.png,chest_xray,1.0,True,1.0,5.562989513485661e-10,
scripts\PredicciónImágenes\Nodules\00019373_022.png,chest_xray,1.0,True,1.0,1.2470765753391788e-08,
scripts\PredicciónImágenes\Nodules\00003174_011.png,chest_xray,1.0,True,1.0,1.5897835348513412e-12,
scripts\PredicciónImágenes\Nodules\00006905_001.png,chest_xray,1.0,True,1.0,2.4505928536422417e-11,
scripts\PredicciónImágenes\Nodules\00018624_000.png,chest_xray,1.0,True,1.0,1.6128628987921445e-10,
scripts\PredicciónImágenes\Nodules\00016615_004.png,chest_xray,1.0,True,1.0,8.937486167814868e-11,
scripts\PredicciónImágenes\Nodules\00020469_001.png,chest_xray,1.0,True,1.0,4.5822090566360885e-10,
scripts\PredicciónImágenes\Nodules\00010033_000.png,chest_xray,1.0,True,1.0,1.2861519627094253e-09,
scripts\PredicciónImágenes\Nodules\00019335_001.png,chest_xray,1.0,True,1.0,2.2234818153332725e-11,
scripts\PredicciónImágenes\Nodules\00008188_003.png,chest_xray,1.0,True,1.0,2.7267946234310614e-10,
scripts\PredicciónImágenes\Nodules\00010592_000.png,chest_xray,1.0,True,1.0,1.6634941037499407e-12,
scripts\PredicciónImágenes\Nodules\00013078_003.png,chest_xray,1.0,True,1.0,1.3115177346922913e-11,
scripts\PredicciónImágenes\Nodules\00016705_008.png,chest_xray,1.0,True,1.0,6.188189516365128e-09,
scripts\PredicciónImágenes\Nodules\00022238_000.png,chest_xray,1.0,True,1.0,1.2804250992815014e-08,
scripts\PredicciónImágenes\Nodules\00030586_000.png,chest_xray,1.0,True,1.0,5.66384439348866e-10,
scripts\PredicciónImágenes\Nodules\00006952_005.png,chest_xray,1.0,True,1.0,4.344310189363654e-10,
scripts\PredicciónImágenes\Nodules\00005582_000.png,chest_xray,1.0,True,1.0,2.2986013092918256e-10,
scripts\PredicciónImágenes\Nodules\00018989_001.png,chest_xray,1.0,True,1.0,9.735420247736215e-10,
scripts\PredicciónImágenes\Nodules\00018472_001.png,chest_xray,1.0,True,1.0,2.533107404389945e-12,
scripts\PredicciónImágenes\Nodules\00005014_008.png,chest_xray,1.0,True,1.0,8.285439175026443e-12,
scripts\PredicciónImágenes\Nodules\00018366_008.png,chest_xray,0.9999974966049194,True,0.9999974966049194,2.4727639811317204e-06,
scripts\PredicciónImágenes\Nodules\00009697_000.png,chest_xray,1.0,True,1.0,1.374658720187938e-10,
scripts\PredicciónImágenes\Nodules\00006964_005.png,chest_xray,1.0,True,1.0,1.1084146100959202e-10,
scripts\PredicciónImágenes\Nodules\00006072_001.png,chest_xray,1.0,True,1.0,3.6577894046985193e-09,
scripts\PredicciónImágenes\Nodules\00007691_001.png,chest_xray,1.0,True,1.0,1.3240031293548782e-09,
scripts\PredicciónImágenes\Nodules\00018542_000.png,chest_xray,1.0,True,1.0,1.1061258575750799e-09,
scripts\PredicciónImágenes\Nodules\00021759_003.png,chest_xray,1.0,True,1.0,2.955043501562393e-11,
scripts\PredicciónImágenes\Nodules\00020148_000.png,chest_xray,1.0,True,1.0,1.763466217670484e-12,
scripts\PredicciónImágenes\Nodules\00012323_000.png,chest_xray,1.0,True,1.0,1.1476500305640513e-11,
scripts\PredicciónImágenes\Nodules\00019166_000.png,chest_xray,1.0,True,1.0,4.816276821806298e-10,
scripts\PredicciónImágenes\Nodules\00000467_005.png,chest_xray,0.9999997615814209,True,0.9999997615814209,2.162182539677815e-07,
scripts\PredicciónImágenes\Nodules\00021254_000.png,chest_xray,1.0,True,1.0,5.3543081079965305e-09,
scripts\PredicciónImágenes\Nodules\00026125_001.png,chest_xray,1.0,True,1.0,1.274522432037628e-10,
scripts\PredicciónImágenes\Nodules\00000744_001.png,chest_xray,1.0,True,1.0,1.8609254137658127e-09,
scripts\PredicciónImágenes\Nodules\00018175_008.png,chest_xray,1.0,True,1.0,2.2778636615816694e-12,
scripts\PredicciónImágenes\Nodules\00003851_006.png,chest_xray,1.0,True,1.0,2.4006961783090697e-12,
scripts\PredicciónImágenes\Nodules\00004957_005.png,chest_xray,1.0,True,1.0,1.0972195374492344e-11,
scripts\PredicciónImágenes\Nodules\00001093_013.png,chest_xray,1.0,True,1.0,1.0550493811933848e-10,
scripts\PredicciónImágenes\Nodules\00004995_000.png,chest_xray,1.0,True,1.0,2.2216260775476115e-10,
scripts\PredicciónImágenes\Nodules\00023211_015.png,chest_xray,1.0,True,1.0,6.470077806852714e-10,
scripts\PredicciónImágenes\Nodules\00001555_002.png,chest_xray,1.0,True,1.0,4.8433763943922514e-11,
scripts\PredicciónImágenes\Nodules\00005862_000.png,chest_xray,1.0,True,1.0,3.5933495762252576e-12,
scripts\PredicciónImágenes\Nodules\00003547_003.png,chest_xray,0.9999998807907104,True,0.9999998807907104,6.547462305661611e-08,
scripts\PredicciónImágenes\Nodules\00008715_001.png,chest_xray,1.0,True,1.0,2.1704311958803402e-10,
scripts\PredicciónImágenes\Nodules\00014397_010.png,chest_xray,1.0,True,1.0,5.704696715014279e-10,
scripts\PredicciónImágenes\Nodules\00015521_000.png,chest_xray,1.0,True,1.0,4.225019889503301e-09,
scripts\PredicciónImágenes\Nodules\00027415_031.png,chest_xray,0.9733273386955261,True,0.9733273386955261,0.02667270228266716,
scripts\PredicciónImágenes\Nodules\00029150_001.png,chest_xray,1.0,True,1.0,3.6005105563674533e-09,
scripts\PredicciónImágenes\Nodules\00028915_000.png,chest_xray,1.0,True,1.0,5.988967655135014e-11,
scripts\PredicciónImágenes\Nodules\00005502_017.png,chest_xray,1.0,True,1.0,8.55837511970492e-10,
scripts\PredicciónImágenes\Nodules\00010069_008.png,chest_xray,1.0,True,1.0,1.8449701835732135e-11,
scripts\PredicciónImágenes\Nodules\00022457_010.png,chest_xray,1.0,True,1.0,2.5397996206155682e-11,
scripts\PredicciónImágenes\Nodules\00020921_001.png,chest_xray,1.0,True,1.0,6.81698031357314e-11,
scripts\PredicciónImágenes\Nodules\00019624_002.png,chest_xray,1.0,True,1.0,5.73140818659057e-13,
scripts\PredicciónImágenes\Nodules\00027415_025.png,chest_xray,0.9999958276748657,True,0.9999958276748657,4.145139428146649e-06,
scripts\PredicciónImágenes\Nodules\00028567_001.png,chest_xray,1.0,True,1.0,1.4037345938411327e-11,
scripts\PredicciónImágenes\Nodules\00028654_000.png,chest_xray,1.0,True,1.0,5.624422039218757e-10,
scripts\PredicciónImágenes\Nodules\00006281_000.png,chest_xray,1.0,True,1.0,7.690749426192411e-11,
scripts\PredicciónImágenes\Nodules\00013670_034.png,chest_xray,1.0,True,1.0,1.746538913494078e-08,
scripts\PredicciónImágenes\Nodules\00010361_000.png,chest_xray,1.0,True,1.0,3.1431041103147095e-10,
scripts\PredicciónImágenes\Nodules\00022738_000.png,chest_xray,1.0,True,1.0,2.682642552542802e-09,
scripts\PredicciónImágenes\Nodules\00013885_000.png,chest_xray,1.0,True,1.0,1.9712421972517546e-10,
scripts\PredicciónImágenes\Nodules\00025107_000.png,chest_xray,1.0,True,1.0,2.354736405862923e-10,
scripts\PredicciónImágenes\Nodules\00006861_000.png,chest_xray,1.0,True,1.0,3.3622737840438566e-12,
scripts\PredicciónImágenes\Nodules\00016486_007.png,chest_xray,1.0,True,1.0,1.5271502118441305e-10,
scripts\PredicciónImágenes\Nodules\00014934_009.png,chest_xray,1.0,True,1.0,4.5286172034586514e-10,
scripts\PredicciónImágenes\Nodules\00000954_002.png,chest_xray,1.0,True,1.0,2.317388468620063e-11,
scripts\PredicciónImágenes\Nodules\00030271_000.png,chest_xray,1.0,True,1.0,2.554480064975717e-12,
scripts\PredicciónImágenes\Nodules\00025514_008.png,chest_xray,1.0,True,1.0,1.1763316015711567e-12,
scripts\PredicciónImágenes\Nodules\00005607_001.png,chest_xray,1.0,True,1.0,1.149201497852026e-10,
scripts\PredicciónImágenes\Nodules\00001395_000.png,chest_xray,1.0,True,1.0,1.3909458029814914e-09,
scripts\PredicciónImágenes\Nodules\00020405_016.png,chest_xray,1.0,True,1.0,5.322734440704746e-12,
scripts\PredicciónImágenes\Nodules\00012284_000.png,chest_xray,1.0,True,1.0,1.9026573719327367e-11,
scripts\PredicciónImágenes\Nodules\00019754_004.png,chest_xray,1.0,True,1.0,3.6372326591566084e-12,
scripts\PredicciónImágenes\Nodules\00012291_005.png,chest_xray,1.0,True,1.0,1.1607519390111065e-09,
scripts\PredicciónImágenes\Nodules\00023033_002.png,chest_xray,1.0,True,1.0,1.0848720810585633e-09,
scripts\PredicciónImágenes\Nodules\00008004_004.png,chest_xray,1.0,True,1.0,6.094830418135189e-09,
scripts\PredicciónImágenes\Nodules\00001333_000.png,chest_xray,1.0,True,1.0,4.851887780432662e-09,
scripts\PredicciónImágenes\Nodules\00030026_000.png,chest_xray,1.0,True,1.0,3.103522994152286e-11,
scripts\PredicciónImágenes\Nodules\00009117_007.png,chest_xray,1.0,True,1.0,6.693500753662818e-10,
scripts\PredicciónImágenes\Nodules\00014895_005.png,chest_xray,1.0,True,1.0,6.805622038141834e-12,
scripts\PredicciónImágenes\Nodules\00005388_000.png,chest_xray,1.0,True,1.0,3.9459131073726894e-08,
scripts\PredicciónImágenes\Nodules\00002426_000.png,chest_xray,1.0,True,1.0,2.3292289971776903e-11,
scripts\PredicciónImágenes\Nodules\00005218_012.png,chest_xray,1.0,True,1.0,4.097266526059684e-08,
scripts\PredicciónImágenes\Nodules\00012179_000.png,chest_xray,1.0,True,1.0,2.0228279121181636e-11,
scripts\PredicciónImágenes\Nodules\00012759_000.png,chest_xray,1.0,True,1.0,3.122483382966834e-10,
scripts\PredicciónImágenes\Nodules\00013060_007.png,chest_xray,1.0,True,1.0,6.159215498735549e-11,
scripts\PredicciónImágenes\Nodules\00013904_010.png,chest_xray,1.0,True,1.0,3.470503051605789e-10,
scripts\PredicciónImágenes\Nodules\00010959_006.png,chest_xray,1.0,True,1.0,1.1741897731898376e-10,
scripts\PredicciónImágenes\Nodules\00004547_014.png,chest_xray,1.0,True,1.0,7.438851201690966e-10,
scripts\PredicciónImágenes\Nodules\00006642_025.png,chest_xray,1.0,True,1.0,8.659678876754562e-12,
scripts\PredicciónImágenes\Nodules\00014952_000.png,chest_xray,1.0,True,1.0,3.414391547273965e-10,
scripts\PredicciónImágenes\Nodules\00013647_000.png,chest_xray,0.9999997615814209,True,0.9999997615814209,2.768278761777765e-07,
scripts\PredicciónImágenes\Nodules\00023722_002.png,chest_xray,1.0,True,1.0,5.162537064506978e-11,
scripts\PredicciónImágenes\Nodules\00015029_000.png,chest_xray,1.0,True,1.0,3.182878682839174e-10,
scripts\PredicciónImágenes\Nodules\00021603_001.png,chest_xray,0.9999868869781494,True,0.9999868869781494,1.3095573194732424e-05,
scripts\PredicciónImágenes\Nodules\00027480_000.png,chest_xray,1.0,True,1.0,2.486729572259705e-12,
scripts\PredicciónImágenes\Nodules\00027299_000.png,chest_xray,1.0,True,1.0,7.607443841539663e-11,
scripts\PredicciónImágenes\Nodules\00002111_014.png,chest_xray,1.0,True,1.0,8.04355280298319e-12,
scripts\PredicciónImágenes\Nodules\00003273_000.png,chest_xray,1.0,True,1.0,4.959200827769905e-10,
scripts\PredicciónImágenes\Nodules\00020843_003.png,chest_xray,1.0,True,1.0,2.097606983941791e-11,
scripts\PredicciónImágenes\Nodules\00025505_004.png,chest_xray,1.0,True,1.0,5.950033798995946e-09,
scripts\PredicciónImágenes\Nodules\00004035_000.png,chest_xray,1.0,True,1.0,1.573813024347004e-10,
scripts\PredicciónImágenes\Nodules\00008626_024.png,chest_xray,1.0,True,1.0,3.471526355269816e-08,
scripts\PredicciónImágenes\Nodules\00013811_000.png,chest_xray,1.0,True,1.0,7.786801802314725e-13,
scripts\PredicciónImágenes\Nodules\00025595_000.png,chest_xray,1.0,True,1.0,3.323674321875636e-11,
scripts\PredicciónImágenes\Nodules\00006330_007.png,chest_xray,1.0,True,1.0,5.133066416362908e-09,
scripts\PredicciónImágenes\Nodules\00016775_002.png,chest_xray,1.0,True,1.0,5.483265508310353e-10,
scripts\PredicciónImágenes\Nodules\00022729_003.png,chest_xray,1.0,True,1.0,1.4126639857892087e-09,
scripts\PredicciónImágenes\Nodules\00008377_000.png,chest_xray,1.0,True,1.0,2.1398180536508216e-12,
scripts\PredicciónImágenes\Nodules\00021611_005.png,chest_xray,1.0,True,1.0,4.376395912331077e-10,
scripts\PredicciónImágenes\Nodules\00030253_000.png,chest_xray,1.0,True,1.0,2.3014329157688973e-12,
scripts\PredicciónImágenes\Nodules\00019805_011.png,chest_xray,1.0,True,1.0,2.550626654329591e-10,
scripts\PredicciónImágenes\Nodules\00005512_009.png,chest_xray,0.9999998807907104,True,0.9999998807907104,8.796771311381235e-08,
scripts\PredicciónImágenes\Nodules\00014874_001.png,chest_xray,1.0,True,1.0,3.270934911814294e-11,
scripts\PredicciónImágenes\Nodules\00016047_001.png,chest_xray,1.0,True,1.0,5.6908481399498e-11,
scripts\PredicciónImágenes\Nodules\00010516_001.png,chest_xray,1.0,True,1.0,9.89540047124926e-12,
scripts\PredicciónImágenes\Nodules\00009180_000.png,chest_xray,1.0,True,1.0,4.925882965411965e-11,
scripts\PredicciónImágenes\Nodules\00007565_004.png,chest_xray,1.0,True,1.0,2.867884818513744e-09,
scripts\PredicciónImágenes\Nodules\00015108_008.png,chest_xray,1.0,True,1.0,1.1471860787704014e-11,
scripts\PredicciónImágenes\Nodules\00017564_000.png,chest_xray,1.0,True,1.0,1.6080939748211454e-12,
scripts\PredicciónImágenes\Nodules\00009403_006.png,chest_xray,1.0,True,1.0,5.689081983284439e-10,
scripts\PredicciónImágenes\Nodules\00000093_001.png,chest_xray,1.0,True,1.0,2.0425297737880488e-12,
scripts\PredicciónImágenes\Nodules\00010634_007.png,chest_xray,1.0,True,1.0,3.8497155685490725e-08,
scripts\PredicciónImágenes\Nodules\00029371_001.png,chest_xray,1.0,True,1.0,2.6698288024817884e-10,
scripts\PredicciónImágenes\Nodules\00007454_003.png,chest_xray,1.0,True,1.0,2.3074933075406534e-09,
scripts\PredicciónImágenes\Nodules\00026814_002.png,chest_xray,1.0,True,1.0,1.757378953470834e-08,
scripts\PredicciónImágenes\Nodules\00003523_007.png,chest_xray,1.0,True,1.0,3.3794422121813383e-11,
scripts\PredicciónImágenes\Nodules\00015029_001.png,chest_xray,1.0,True,1.0,2.649198638238204e-10,
scripts\PredicciónImágenes\Nodules\00022852_000.png,chest_xray,1.0,True,1.0,7.846693073076949e-09,
scripts\PredicciónImágenes\Nodules\00001481_000.png,chest_xray,1.0,True,1.0,2.8110365146716276e-09,
scripts\PredicciónImágenes\Nodules\00015770_000.png,chest_xray,1.0,True,1.0,9.05828814734555e-11,
scripts\PredicciónImágenes\Nodules\00016191_014.png,chest_xray,1.0,True,1.0,1.6560768756335165e-08,
scripts\PredicciónImágenes\Nodules\00014218_000.png,chest_xray,1.0,True,1.0,2.1151649876038903e-10,
scripts\PredicciónImágenes\Nodules\00014146_001.png,chest_xray,1.0,True,1.0,1.1439806567314914e-11,
scripts\PredicciónImágenes\Nodules\00018681_002.png,chest_xray,1.0,True,1.0,1.432825524894099e-10,
scripts\PredicciónImágenes\Nodules\00018591_007.png,chest_xray,1.0,True,1.0,6.038709532418807e-09,
scripts\PredicciónImágenes\Nodules\00006084_003.png,chest_xray,1.0,True,1.0,5.955182180716889e-11,
scripts\PredicciónImágenes\Nodules\00020983_000.png,chest_xray,1.0,True,1.0,3.888931399131934e-09,
scripts\PredicciónImágenes\Nodules\00014149_037.png,chest_xray,1.0,True,1.0,7.274147062474867e-09,
scripts\PredicciónImágenes\Nodules\00016751_000.png,chest_xray,1.0,True,1.0,1.6017298164888727e-12,
scripts\PredicciónImágenes\Nodules\00003733_006.png,chest_xray,1.0,True,1.0,3.2538107624935364e-11,
scripts\PredicciónImágenes\Nodules\00026026_000.png,chest_xray,1.0,True,1.0,1.9934658090914326e-11,
scripts\PredicciónImágenes\Nodules\00028335_000.png,chest_xray,1.0,True,1.0,3.61689922456776e-09,
scripts\PredicciónImágenes\Nodules\00005417_000.png,chest_xray,1.0,True,1.0,2.1670196748146964e-09,
scripts\PredicciónImágenes\Nodules\00011319_000.png,chest_xray,1.0,True,1.0,1.7079652579396476e-12,
scripts\PredicciónImágenes\Nodules\00026480_000.png,chest_xray,1.0,True,1.0,7.899976679770493e-12,
scripts\PredicciónImágenes\Nodules\00006819_003.png,chest_xray,0.9999998807907104,True,0.9999998807907104,1.3813603061407775e-07,
scripts\PredicciónImágenes\Nodules\00007315_000.png,chest_xray,1.0,True,1.0,1.9863739830500854e-13,
scripts\PredicciónImágenes\Nodules\00018169_001.png,chest_xray,1.0,True,1.0,7.096032095255111e-11,
scripts\PredicciónImágenes\Nodules\00002058_001.png,chest_xray,1.0,True,1.0,3.2757456747134484e-09,
scripts\PredicciónImágenes\Nodules\00003393_006.png,chest_xray,1.0,True,1.0,9.809362211399275e-10,
scripts\PredicciónImágenes\Nodules\00012364_055.png,chest_xray,1.0,True,1.0,5.795574242739576e-09,
scripts\PredicciónImágenes\Nodules\00005416_002.png,chest_xray,1.0,True,1.0,2.465137427520858e-09,
scripts\PredicciónImágenes\Nodules\00014458_001.png,chest_xray,1.0,True,1.0,1.0716405540733831e-08,
scripts\PredicciónImágenes\Nodules\00025341_000.png,chest_xray,1.0,True,1.0,1.0904859237825804e-09,
scripts\PredicciónImágenes\Nodules\00029989_000.png,chest_xray,1.0,True,1.0,1.5777082418289012e-10,
scripts\PredicciónImágenes\Nodules\00010892_005.png,chest_xray,0.9999998807907104,True,0.9999998807907104,6.646486383488082e-08,
scripts\PredicciónImágenes\Nodules\00014981_000.png,chest_xray,1.0,True,1.0,1.379901401477035e-11,
scripts\PredicciónImágenes\Nodules\00016291_051.png,chest_xray,1.0,True,1.0,5.724667850870446e-09,
scripts\PredicciónImágenes\Nodules\00025515_001.png,chest_xray,1.0,True,1.0,2.964813505812458e-09,
scripts\PredicciónImágenes\Nodules\00002716_000.png,chest_xray,1.0,True,1.0,6.683221975833931e-09,
scripts\PredicciónImágenes\Nodules\00022208_008.png,chest_xray,1.0,True,1.0,5.219507118181532e-11,
scripts\PredicciónImágenes\Nodules\00014865_001.png,chest_xray,1.0,True,1.0,7.204808971650323e-11,
scripts\PredicciónImágenes\Nodules\00006792_002.png,chest_xray,1.0,True,1.0,3.0723533939180925e-08,
scripts\PredicciónImágenes\Nodules\00019647_007.png,chest_xray,1.0,True,1.0,3.388310118590532e-11,
scripts\PredicciónImágenes\Nodules\00026586_004.png,chest_xray,1.0,True,1.0,5.641994960114971e-08,
scripts\PredicciónImágenes\Nodules\00001012_000.png,chest_xray,1.0,True,1.0,5.233006805660523e-10,
scripts\PredicciónImágenes\Nodules\00012364_047.png,chest_xray,1.0,True,1.0,4.220431293333604e-08,
scripts\PredicciónImágenes\Nodules\00019946_008.png,chest_xray,1.0,True,1.0,1.9764045955383835e-09,
scripts\PredicciónImágenes\Nodules\00014298_001.png,chest_xray,1.0,True,1.0,1.0272543704559212e-08,
scripts\PredicciónImágenes\Nodules\00023033_011.png,chest_xray,1.0,True,1.0,8.095449643974462e-09,
scripts\PredicciónImágenes\Nodules\00026602_000.png,chest_xray,1.0,True,1.0,2.630006490367265e-10,
scripts\PredicciónImágenes\Nodules\00008701_031.png,chest_xray,1.0,True,1.0,3.752584021299299e-08,
scripts\PredicciónImágenes\Nodules\00023296_000.png,chest_xray,1.0,True,1.0,3.408934023951815e-09,
scripts\PredicciónImágenes\Nodules\00008064_001.png,chest_xray,1.0,True,1.0,2.0606022443914185e-10,
scripts\PredicciónImágenes\Nodules\00030079_049.png,chest_xray,0.9999998807907104,True,0.9999998807907104,9.081256990839393e-08,
scripts\PredicciónImágenes\Nodules\00008718_000.png,chest_xray,1.0,True,1.0,9.181401298963277e-12,
scripts\PredicciónImágenes\Nodules\00012701_005.png,chest_xray,1.0,True,1.0,7.227109466434456e-10,
scripts\PredicciónImágenes\Nodules\00019493_000.png,chest_xray,1.0,True,1.0,2.498708462361776e-10,
scripts\PredicciónImágenes\Nodules\00007645_002.png,chest_xray,1.0,True,1.0,1.1546056645495018e-11,
scripts\PredicciónImágenes\Nodules\00003759_000.png,chest_xray,1.0,True,1.0,2.940829177400239e-11,
scripts\PredicciónImágenes\Nodules\00018087_000.png,chest_xray,1.0,True,1.0,3.9200122314841934e-11,
scripts\PredicciónImágenes\Nodules\00003423_000.png,chest_xray,1.0,True,1.0,6.348911413961433e-12,
scripts\PredicciónImágenes\Nodules\00018492_001.png,chest_xray,1.0,True,1.0,5.048011453290258e-10,
scripts\PredicciónImágenes\Nodules\00022367_000.png,chest_xray,1.0,True,1.0,5.372040312590087e-11,
scripts\PredicciónImágenes\Nodules\00030628_003.png,chest_xray,1.0,True,1.0,5.58118440352473e-10,
scripts\PredicciónImágenes\Nodules\00017098_000.png,chest_xray,1.0,True,1.0,6.305734406852892e-11,
scripts\PredicciónImágenes\Nodules\00018964_001.png,chest_xray,1.0,True,1.0,4.8164928045935085e-08,
scripts\PredicciónImágenes\Nodules\00009390_000.png,chest_xray,1.0,True,1.0,1.578405808833061e-11,
scripts\PredicciónImágenes\Nodules\00017060_000.png,chest_xray,1.0,True,1.0,2.0119703125764943e-10,
scripts\PredicciónImágenes\Nodules\00004049_004.png,chest_xray,1.0,True,1.0,1.6815139280978997e-09,
scripts\PredicciónImágenes\Nodules\00013896_003.png,chest_xray,1.0,True,1.0,1.2097914892095218e-09,
scripts\PredicciónImágenes\Nodules\00015530_014.png,chest_xray,0.9999998807907104,True,0.9999998807907104,1.3167638712729968e-07,
scripts\PredicciónImágenes\Nodules\00029589_005.png,chest_xray,1.0,True,1.0,1.877883404333147e-09,
scripts\PredicciónImágenes\Nodules\00026263_001.png,chest_xray,1.0,True,1.0,1.0612049433644799e-10,
scripts\PredicciónImágenes\Nodules\00011782_001.png,chest_xray,1.0,True,1.0,8.866251732797537e-09,
scripts\PredicciónImágenes\Nodules\00004436_000.png,chest_xray,1.0,True,1.0,1.0650582638049855e-09,
scripts\PredicciónImágenes\Nodules\00008204_000.png,chest_xray,1.0,True,1.0,6.0003525585716755e-12,
scripts\PredicciónImágenes\Nodules\00020505_005.png,chest_xray,1.0,True,1.0,3.256032243825757e-08,
scripts\PredicciónImágenes\Nodules\00022877_013.png,chest_xray,0.9999966621398926,True,0.9999966621398926,3.39697203344258e-06,
scripts\PredicciónImágenes\Nodules\00010828_025.png,chest_xray,0.999998927116394,True,0.999998927116394,1.0406217825220665e-06,
scripts\PredicciónImágenes\Nodules\00018492_004.png,chest_xray,1.0,True,1.0,2.327647970201685e-11,
scripts\PredicciónImágenes\Nodules\00018331_003.png,chest_xray,1.0,True,1.0,8.847584886950699e-09,
scripts\PredicciónImágenes\Nodules\00018964_000.png,chest_xray,1.0,True,1.0,6.23646201347583e-09,
scripts\PredicciónImágenes\Nodules\00026330_000.png,chest_xray,1.0,True,1.0,7.722503192475472e-10,
scripts\PredicciónImágenes\Nodules\00005416_003.png,chest_xray,1.0,True,1.0,6.92991442008406e-09,
scripts\PredicciónImágenes\Nodules\00015831_004.png,chest_xray,1.0,True,1.0,6.80624480386971e-12,
scripts\PredicciónImágenes\Nodules\00027726_033.png,chest_xray,1.0,True,1.0,6.544762953808458e-09,
scripts\PredicciónImágenes\Nodules\00001040_000.png,chest_xray,1.0,True,1.0,9.213935725504996e-10,
scripts\PredicciónImágenes\Nodules\00015364_001.png,chest_xray,1.0,True,1.0,2.0182659710155093e-10,
scripts\PredicciónImágenes\Nodules\00025611_000.png,chest_xray,1.0,True,1.0,3.87839621529551e-10,
scripts\PredicciónImágenes\Nodules\00017262_003.png,chest_xray,1.0,True,1.0,2.0245813359132114e-10,
scripts\PredicciónImágenes\Nodules\00004654_001.png,chest_xray,1.0,True,1.0,1.3038319313096736e-09,
scripts\PredicciónImágenes\Nodules\00028624_002.png,chest_xray,1.0,True,1.0,1.5743842896043247e-09,
scripts\PredicciónImágenes\Nodules\00025768_006.png,chest_xray,1.0,True,1.0,9.068163442371713e-10,
scripts\PredicciónImágenes\Nodules\00019473_003.png,chest_xray,1.0,True,1.0,8.769748816028766e-12,
scripts\PredicciónImágenes\Nodules\00009120_008.png,chest_xray,1.0,True,1.0,1.174740860143686e-10,
scripts\PredicciónImágenes\Nodules\00010190_005.png,chest_xray,1.0,True,1.0,1.1581191734777452e-11,
scripts\PredicciónImágenes\Nodules\00013673_004.png,chest_xray,1.0,True,1.0,3.831502443877449e-13,
scripts\PredicciónImágenes\Nodules\00019271_005.png,chest_xray,1.0,True,1.0,5.582991707830942e-11,
scripts\PredicciónImágenes\Nodules\00006586_002.png,chest_xray,1.0,True,1.0,2.0940103817590483e-10,
scripts\PredicciónImágenes\Nodules\00028330_000.png,chest_xray,1.0,True,1.0,1.4412766535798482e-09,
scripts\PredicciónImágenes\Nodules\00015070_001.png,chest_xray,1.0,True,1.0,2.9213055585675107e-12,
scripts\PredicciónImágenes\Nodules\00010872_006.png,chest_xray,1.0,True,1.0,4.533489209035402e-11,
scripts\PredicciónImágenes\Nodules\00018500_011.png,chest_xray,1.0,True,1.0,1.4064145681391693e-11,
scripts\PredicciónImágenes\Nodules\00012072_001.png,chest_xray,1.0,True,1.0,9.310156812158965e-11,
scripts\PredicciónImágenes\Nodules\00004744_000.png,chest_xray,1.0,True,1.0,3.3545026756343077e-09,
scripts\PredicciónImágenes\Nodules\00008402_003.png,chest_xray,0.9999998807907104,True,0.9999998807907104,6.274358099744859e-08,
scripts\PredicciónImágenes\Nodules\00015446_002.png,chest_xray,1.0,True,1.0,2.531067022637501e-10,
scripts\PredicciónImágenes\Nodules\00009403_003.png,chest_xray,1.0,True,1.0,1.0856457399732733e-10,
scripts\PredicciónImágenes\Nodules\00006436_000.png,chest_xray,1.0,True,1.0,1.1173125619157176e-10,
scripts\PredicciónImágenes\Nodules\00022815_039.png,chest_xray,0.9999899864196777,True,0.9999899864196777,1.0021106390922796e-05,
scripts\PredicciónImágenes\Nodules\00029589_004.png,chest_xray,0.9999985694885254,True,0.9999985694885254,1.4009436881678994e-06,
scripts\PredicciónImágenes\Nodules\00001722_002.png,chest_xray,0.9999998807907104,True,0.9999998807907104,7.363841092455914e-08,
scripts\PredicciónImágenes\Nodules\00027012_000.png,chest_xray,1.0,True,1.0,3.788350744216018e-10,
scripts\PredicciónImágenes\Nodules\00010144_002.png,chest_xray,1.0,True,1.0,2.0097140965291693e-11,
scripts\PredicciónImágenes\Nodules\00010310_000.png,chest_xray,1.0,True,1.0,1.339172661651844e-10,
scripts\PredicciónImágenes\Nodules\00011832_002.png,chest_xray,1.0,True,1.0,1.172474335502105e-12,
scripts\PredicciónImágenes\Nodules\00029159_008.png,chest_xray,0.9999816417694092,True,0.9999816417694092,1.8343838746659458e-05,
scripts\PredicciónImágenes\Nodules\00027322_008.png,chest_xray,1.0,True,1.0,1.1865826543555613e-08,
scripts\PredicciónImágenes\Nodules\00025680_009.png,chest_xray,1.0,True,1.0,6.7739837177061e-12,
scripts\PredicciónImágenes\Nodules\00005683_000.png,chest_xray,1.0,True,1.0,2.547048405521224e-10,
scripts\PredicciónImágenes\Nodules\00015141_002.png,chest_xray,1.0,True,1.0,3.143456328569272e-11,
scripts\PredicciónImágenes\Nodules\00021901_000.png,chest_xray,1.0,True,1.0,8.791927602613825e-11,
scripts\PredicciónImágenes\Nodules\00012884_013.png,chest_xray,1.0,True,1.0,3.46316508803568e-09,
scripts\PredicciónImágenes\Nodules\00030267_001.png,chest_xray,1.0,True,1.0,8.256506589532364e-12,
scripts\PredicciónImágenes\Nodules\00007125_002.png,chest_xray,1.0,True,1.0,6.947774300325449e-11,
scripts\PredicciónImágenes\Nodules\00010750_000.png,chest_xray,1.0,True,1.0,4.7618336357357904e-11,
scripts\PredicciónImágenes\Nodules\00028696_001.png,chest_xray,0.9999998807907104,True,0.9999998807907104,1.6582094986006268e-07,
scripts\PredicciónImágenes\Nodules\00023211_014.png,chest_xray,0.9999997615814209,True,0.9999997615814209,2.0409768808349327e-07,
scripts\PredicciónImágenes\Nodules\00005743_000.png,chest_xray,1.0,True,1.0,1.9805424661401005e-11,
scripts\PredicciónImágenes\Nodules\00008259_004.png,chest_xray,1.0,True,1.0,4.692819050022834e-12,
scripts\PredicciónImágenes\Nodules\00018759_000.png,chest_xray,1.0,True,1.0,6.2191337149575254e-12,
scripts\PredicciónImágenes\Nodules\00020274_021.png,chest_xray,1.0,True,1.0,8.716061761226968e-10,
scripts\PredicciónImágenes\Nodules\00024814_000.png,chest_xray,1.0,True,1.0,3.3592277848271124e-09,
scripts\PredicciónImágenes\Nodules\00015056_002.png,chest_xray,1.0,True,1.0,2.7362363486105323e-09,
scripts\PredicciónImágenes\Nodules\00013673_001.png,chest_xray,1.0,True,1.0,4.951244492526485e-13,
scripts\PredicciónImágenes\Nodules\00006304_047.png,chest_xray,1.0,True,1.0,3.952705718290872e-09,
scripts\PredicciónImágenes\Nodules\00019299_002.png,chest_xray,1.0,True,1.0,3.429674513139025e-12,
scripts\PredicciónImágenes\Nodules\00017138_054.png,chest_xray,1.0,True,1.0,2.2279498246291496e-09,
scripts\PredicciónImágenes\Nodules\00013283_003.png,chest_xray,1.0,True,1.0,7.696989712258073e-10,
scripts\PredicciónImágenes\Nodules\00012604_002.png,chest_xray,1.0,True,1.0,1.7431641907705853e-08,
scripts\PredicciónImágenes\Nodules\00001738_003.png,chest_xray,1.0,True,1.0,1.128839688391281e-09,
scripts\PredicciónImágenes\Nodules\00011885_000.png,chest_xray,1.0,True,1.0,6.182378914365572e-11,
scripts\PredicciónImágenes\Nodules\00013454_000.png,chest_xray,1.0,True,1.0,3.308963103521023e-10,
scripts\PredicciónImágenes\Nodules\00003126_005.png,chest_xray,1.0,True,1.0,2.4523828301425965e-08,
scripts\PredicciónImágenes\Nodules\00027831_000.png,chest_xray,1.0,True,1.0,1.1260908178156726e-10,
scripts\PredicciónImágenes\Nodules\00016240_006.png,chest_xray,1.0,True,1.0,3.034472118024212e-10,
scripts\PredicciónImágenes\Nodules\00000626_001.png,chest_xray,1.0,True,1.0,1.5003736100749343e-11,
scripts\PredicciónImágenes\Nodules\00027104_001.png,chest_xray,1.0,True,1.0,4.827270961432761e-12,
scripts\PredicciónImágenes\Nodules\00008841_006.png,chest_xray,1.0,True,1.0,2.709010966939207e-12,
scripts\PredicciónImágenes\Nodules\00027317_000.png,chest_xray,1.0,True,1.0,2.1694894145052324e-12,
scripts\PredicciónImágenes\Nodules\00006925_001.png,chest_xray,1.0,True,1.0,3.759846656237187e-09,
scripts\PredicciónImágenes\Nodules\00004519_003.png,chest_xray,1.0,True,1.0,1.6219210419166075e-09,
scripts\PredicciónImágenes\Nodules\00013608_018.png,chest_xray,0.9999934434890747,True,0.9999934434890747,6.571272479050094e-06,
scripts\PredicciónImágenes\Nodules\00010144_003.png,chest_xray,1.0,True,1.0,5.8951860049377e-14,
scripts\PredicciónImágenes\Nodules\00027588_000.png,chest_xray,1.0,True,1.0,4.668584963063438e-10,
scripts\PredicciónImágenes\Nodules\00003846_000.png,chest_xray,1.0,True,1.0,2.3757693590198414e-09,
scripts\PredicciónImágenes\Nodules\00000091_001.png,chest_xray,1.0,True,1.0,1.2138814259321506e-11,
scripts\PredicciónImágenes\Nodules\00015556_021.png,chest_xray,1.0,True,1.0,4.063915436808285e-12,
scripts\PredicciónImágenes\Nodules\00010901_001.png,chest_xray,1.0,True,1.0,4.7098228095343586e-11,
scripts\PredicciónImágenes\Nodules\00028240_002.png,chest_xray,1.0,True,1.0,6.1098474370135936e-12,
scripts\PredicciónImágenes\Nodules\00020158_005.png,chest_xray,1.0,True,1.0,6.347800757255939e-11,
scripts\PredicciónImágenes\Nodules\00025670_000.png,chest_xray,1.0,True,1.0,2.6189686530564416e-10,
scripts\PredicciónImágenes\Nodules\00028765_000.png,chest_xray,1.0,True,1.0,5.000924119258343e-08,
scripts\PredicciónImágenes\Nodules\00005895_006.png,chest_xray,1.0,True,1.0,7.857588191217957e-11,
scripts\PredicciónImágenes\Nodules\00014089_000.png,chest_xray,1.0,True,1.0,3.056146048036057e-12,
scripts\PredicciónImágenes\Nodules\00013063_000.png,chest_xray,1.0,True,1.0,2.2726083168111977e-12,
scripts\PredicciónImágenes\Nodules\00018126_010.png,chest_xray,0.9999990463256836,True,0.9999990463256836,9.001187208923511e-07,
scripts\PredicciónImágenes\Nodules\00028963_002.png,chest_xray,1.0,True,1.0,6.348143122281158e-10,
scripts\PredicciónImágenes\Nodules\00000971_000.png,chest_xray,1.0,True,1.0,6.741361375378618e-12,
scripts\PredicciónImágenes\Nodules\00030697_000.png,chest_xray,1.0,True,1.0,1.0049423316074724e-12,
scripts\PredicciónImágenes\Nodules\00021035_017.png,chest_xray,0.999982476234436,True,0.999982476234436,1.757029167492874e-05,
scripts\PredicciónImágenes\Nodules\00018536_001.png,chest_xray,1.0,True,1.0,1.2704393960449867e-11,
scripts\PredicciónImágenes\Nodules\00021942_000.png,chest_xray,1.0,True,1.0,1.2867886443890253e-11,
scripts\PredicciónImágenes\Nodules\00026925_004.png,chest_xray,1.0,True,1.0,5.784368184436062e-08,
scripts\PredicciónImágenes\Nodules\00027492_004.png,chest_xray,1.0,True,1.0,3.776737145244624e-09,
scripts\PredicciónImágenes\Nodules\00003126_017.png,chest_xray,1.0,True,1.0,2.301955603911665e-08,
scripts\PredicciónImágenes\Nodules\00006338_009.png,chest_xray,1.0,True,1.0,7.1870586738909115e-12,
scripts\PredicciónImágenes\Nodules\00003868_002.png,chest_xray,1.0,True,1.0,2.2375221120363165e-10,
scripts\PredicciónImágenes\Nodules\00018366_022.png,chest_xray,1.0,True,1.0,6.755295212101942e-10,
scripts\PredicciónImágenes\Nodules\00008432_000.png,chest_xray,1.0,True,1.0,9.101827624924397e-11,
scripts\PredicciónImágenes\Nodules\00011632_031.png,chest_xray,0.9999990463256836,True,0.9999990463256836,9.913371741276933e-07,
scripts\PredicciónImágenes\Nodules\00009955_000.png,chest_xray,1.0,True,1.0,1.5064549000604055e-12,
scripts\PredicciónImágenes\Nodules\00014567_003.png,chest_xray,1.0,True,1.0,1.5536622335887706e-11,
scripts\PredicciónImágenes\Nodules\00011235_005.png,chest_xray,1.0,True,1.0,4.814111775885976e-09,
scripts\PredicciónImágenes\Nodules\00012930_003.png,chest_xray,1.0,True,1.0,2.8862170986521107e-10,
scripts\PredicciónImágenes\Nodules\00018819_000.png,chest_xray,1.0,True,1.0,3.366162383555693e-12,
scripts\PredicciónImágenes\Nodules\00026844_000.png,chest_xray,1.0,True,1.0,5.7152011123662305e-08,
scripts\PredicciónImágenes\Nodules\00020617_000.png,chest_xray,1.0,True,1.0,5.0909013116218205e-11,
scripts\PredicciónImágenes\Nodules\00023033_007.png,chest_xray,1.0,True,1.0,9.328981337430875e-11,
scripts\PredicciónImágenes\Nodules\00007027_000.png,chest_xray,1.0,True,1.0,2.5913368673080583e-10,
scripts\PredicciónImágenes\Nodules\00013408_010.png,chest_xray,1.0,True,1.0,1.8978812965642078e-10,
scripts\PredicciónImágenes\Nodules\00027621_000.png,chest_xray,1.0,True,1.0,7.605390926410105e-13,
scripts\PredicciónImágenes\Nodules\00018006_030.png,chest_xray,0.9999998807907104,True,0.9999998807907104,1.1802832489138382e-07,
scripts\PredicciónImágenes\Nodules\00025680_010.png,chest_xray,1.0,True,1.0,1.8513364452577008e-11,
scripts\PredicciónImágenes\Nodules\00028535_006.png,chest_xray,1.0,True,1.0,4.709396428381751e-09,
scripts\PredicciónImágenes\Nodules\00012432_000.png,chest_xray,1.0,True,1.0,6.199952773400241e-10,
scripts\PredicciónImágenes\Nodules\00029844_001.png,chest_xray,1.0,True,1.0,2.556011652332657e-11,
scripts\PredicciónImágenes\Nodules\00019634_012.png,chest_xray,0.9999998807907104,True,0.9999998807907104,1.4927579172763217e-07,
scripts\PredicciónImágenes\Nodules\00008692_001.png,chest_xray,1.0,True,1.0,5.203049657787062e-10,
scripts\PredicciónImágenes\Nodules\00004519_010.png,chest_xray,1.0,True,1.0,4.447147983199784e-09,
scripts\PredicciónImágenes\Nodules\00012072_003.png,chest_xray,1.0,True,1.0,9.005131640371644e-10,
scripts\PredicciónImágenes\Nodules\00009690_003.png,chest_xray,1.0,True,1.0,3.008109761282185e-09,
scripts\PredicciónImágenes\Nodules\00021420_014.png,chest_xray,1.0,True,1.0,8.313137733750864e-09,
scripts\PredicciónImágenes\Nodules\00019593_000.png,chest_xray,1.0,True,1.0,1.7990589573635418e-10,
scripts\PredicciónImágenes\Nodules\00002337_012.png,chest_xray,1.0,True,1.0,8.137777778027822e-12,
scripts\PredicciónImágenes\Nodules\00008202_000.png,chest_xray,1.0,True,1.0,3.729203404412296e-11,
scripts\PredicciónImágenes\Nodules\00014609_001.png,chest_xray,1.0,True,1.0,9.082261852311202e-12,
scripts\PredicciónImágenes\Nodules\00004829_000.png,chest_xray,1.0,True,1.0,1.0257183297168737e-10,
scripts\PredicciónImágenes\Nodules\00003599_001.png,chest_xray,1.0,True,1.0,3.2080260670142025e-10,
scripts\PredicciónImágenes\Nodules\00000735_000.png,chest_xray,1.0,True,1.0,1.323263498775873e-09,
scripts\PredicciónImágenes\Nodules\00013079_001.png,chest_xray,1.0,True,1.0,1.403488991691404e-10,
scripts\PredicciónImágenes\Nodules\00008459_000.png,chest_xray,1.0,True,1.0,2.6106222218713615e-12,
scripts\PredicciónImágenes\Nodules\00013625_024.png,chest_xray,1.0,True,1.0,1.9623215552488915e-10,
scripts\PredicciónImágenes\Nodules\00022374_003.png,chest_xray,1.0,True,1.0,1.0348304158025456e-10,
scripts\PredicciónImágenes\Nodules\00028563_000.png,chest_xray,1.0,True,1.0,1.8276150370866162e-08,
scripts\PredicciónImágenes\Nodules\00017747_031.png,chest_xray,1.0,True,1.0,1.7657635076329115e-10,
scripts\PredicciónImágenes\Nodules\00017747_016.png,chest_xray,1.0,True,1.0,1.2426269790921651e-08,
scripts\PredicciónImágenes\Nodules\00022958_000.png,chest_xray,0.9999998807907104,True,0.9999998807907104,1.2628655099433672e-07,
scripts\PredicciónImágenes\Nodules\00009247_000.png,chest_xray,1.0,True,1.0,3.1549907131278587e-10,
scripts\PredicciónImágenes\Nodules\00016671_005.png,chest_xray,1.0,True,1.0,4.617579322380161e-12,
scripts\PredicciónImágenes\Nodules\00010888_007.png,chest_xray,1.0,True,1.0,1.0753854404188523e-12,
scripts\PredicciónImágenes\Nodules\00010458_002.png,chest_xray,1.0,True,1.0,2.2710864300279354e-09,
scripts\PredicciónImágenes\Nodules\00004436_003.png,chest_xray,0.9999998807907104,True,0.9999998807907104,1.3262032894090225e-07,
scripts\PredicciónImágenes\Nodules\00025787_014.png,chest_xray,0.9999920129776001,True,0.9999920129776001,7.980233021953609e-06,
scripts\PredicciónImágenes\Nodules\00026185_009.png,chest_xray,1.0,True,1.0,6.572459021469967e-09,
scripts\PredicciónImágenes\Nodules\00000174_005.png,chest_xray,1.0,True,1.0,5.8993769869175594e-08,
scripts\PredicciónImágenes\Nodules\00006116_004.png,chest_xray,1.0,True,1.0,1.9573592524579908e-08,
scripts\PredicciónImágenes\Nodules\00010980_002.png,chest_xray,1.0,True,1.0,1.2912911018236883e-10,
scripts\PredicciónImágenes\Nodules\00029883_004.png,chest_xray,0.9999842643737793,True,0.9999842643737793,1.574675115989521e-05,
scripts\PredicciónImágenes\Nodules\00001444_000.png,chest_xray,1.0,True,1.0,4.800078390321261e-11,
scripts\PredicciónImágenes\Nodules\00015792_007.png,chest_xray,1.0,True,1.0,1.2864930232225902e-09,
scripts\PredicciónImágenes\Nodules\00022336_000.png,chest_xray,1.0,True,1.0,2.0271277711980673e-10,
scripts\PredicciónImágenes\Nodules\00020115_000.png,chest_xray,1.0,True,1.0,1.927768639164995e-10,
scripts\PredicciónImágenes\Nodules\00012045_047.png,chest_xray,0.9999995231628418,True,0.9999995231628418,4.50394253448394e-07,
scripts\PredicciónImágenes\Nodules\00019637_005.png,chest_xray,1.0,True,1.0,1.7176304822896782e-10,
scripts\PredicciónImágenes\Nodules\00018730_002.png,chest_xray,1.0,True,1.0,3.769047920987312e-11,
scripts\PredicciónImágenes\Nodules\00010592_004.png,chest_xray,1.0,True,1.0,6.636726168629536e-10,
scripts\PredicciónImágenes\Nodules\00004801_001.png,chest_xray,1.0,True,1.0,1.0605129274754432e-10,
scripts\PredicciónImágenes\Nodules\00012594_001.png,chest_xray,1.0,True,1.0,4.044984791562456e-08,
scripts\PredicciónImágenes\Nodules\00007076_017.png,chest_xray,1.0,True,1.0,7.538631524584005e-11,
scripts\PredicciónImágenes\Nodules\00022093_000.png,chest_xray,1.0,True,1.0,5.060818517726995e-12,
scripts\PredicciónImágenes\Nodules\00006425_003.png,chest_xray,1.0,True,1.0,4.967461109117721e-08,
scripts\PredicciónImágenes\Nodules\00000849_000.png,chest_xray,1.0,True,1.0,6.162353266558895e-11,
scripts\PredicciónImágenes\Nodules\00010872_007.png,chest_xray,1.0,True,1.0,1.4615642029980336e-11,
scripts\PredicciónImágenes\Nodules\00017731_001.png,chest_xray,1.0,True,1.0,2.3073546545626655e-11,
scripts\PredicciónImágenes\Nodules\00002578_000.png,chest_xray,1.0,True,1.0,1.3273832033533495e-10,
scripts\PredicciónImágenes\Nodules\00006233_006.png,chest_xray,1.0,True,1.0,3.2003683037018504e-10,
scripts\PredicciónImágenes\Nodules\00018237_024.png,chest_xray,1.0,True,1.0,6.656252438119736e-09,
scripts\PredicciónImágenes\Nodules\00007317_016.png,chest_xray,1.0,True,1.0,1.871845040080089e-11,
scripts\PredicciónImágenes\Nodules\00017199_007.png,chest_xray,1.0,True,1.0,5.652889822904683e-10,
scripts\PredicciónImágenes\Nodules\00010198_004.png,chest_xray,1.0,True,1.0,5.488842713674558e-10,
scripts\PredicciónImágenes\Nodules\00012050_004.png,chest_xray,1.0,True,1.0,9.412623458437963e-12,
scripts\PredicciónImágenes\Nodules\00009507_000.png,chest_xray,1.0,True,1.0,2.8157559617270067e-11,
scripts\PredicciónImágenes\Nodules\00013111_089.png,chest_xray,1.0,True,1.0,9.508744014397053e-09,
scripts\PredicciónImágenes\Nodules\00001995_001.png,chest_xray,1.0,True,1.0,1.7275189959087278e-11,
scripts\PredicciónImágenes\Nodules\00017884_000.png,chest_xray,1.0,True,1.0,1.6517589379594355e-11,
scripts\PredicciónImágenes\Nodules\00023412_000.png,chest_xray,1.0,True,1.0,5.695175234188277e-13,
scripts\PredicciónImágenes\Nodules\00005083_000.png,chest_xray,1.0,True,1.0,3.0289744046285705e-09,
scripts\PredicciónImágenes\Nodules\00012087_019.png,chest_xray,1.0,True,1.0,6.532726833444191e-13,
scripts\PredicciónImágenes\Nodules\00019231_003.png,chest_xray,1.0,True,1.0,1.1285533618732302e-09,
scripts\PredicciónImágenes\Nodules\00023198_000.png,chest_xray,1.0,True,1.0,9.293710245827924e-11,
scripts\PredicciónImágenes\Nodules\00003285_001.png,chest_xray,1.0,True,1.0,1.3789753193493848e-11,
scripts\PredicciónImágenes\Nodules\00006207_004.png,chest_xray,1.0,True,1.0,9.009387680336545e-11,
scripts\PredicciónImágenes\Nodules\00023166_000.png,chest_xray,1.0,True,1.0,2.0559864921665394e-09,
scripts\PredicciónImágenes\Nodules\00017567_000.png,chest_xray,1.0,True,1.0,3.2474292352424605e-12,
scripts\PredicciónImágenes\Nodules\00015112_000.png,chest_xray,1.0,True,1.0,4.846187895424237e-10,
scripts\PredicciónImágenes\Nodules\00002345_003.png,chest_xray,0.9999996423721313,True,0.9999996423721313,3.3626213280513184e-07,
scripts\PredicciónImágenes\Nodules\00013244_015.png,chest_xray,1.0,True,1.0,8.494292075278409e-12,
scripts\PredicciónImágenes\Nodules\00014930_014.png,chest_xray,1.0,True,1.0,1.1178679315548834e-08,
scripts\PredicciónImágenes\Nodules\00016019_000.png,chest_xray,1.0,True,1.0,4.6052942709318145e-11,
scripts\PredicciónImágenes\Nodules\00008701_008.png,chest_xray,0.9999996423721313,True,0.9999996423721313,3.130400330064731e-07,
scripts\PredicciónImágenes\Nodules\00025812_004.png,chest_xray,1.0,True,1.0,6.423818144085658e-10,
scripts\PredicciónImágenes\Nodules\00022877_012.png,chest_xray,0.7457094788551331,True,0.7457094788551331,0.25429055094718933,
scripts\PredicciónImágenes\Nodules\00005113_000.png,chest_xray,1.0,True,1.0,3.819143223893207e-09,
scripts\PredicciónImágenes\Nodules\00008342_028.png,chest_xray,1.0,True,1.0,1.6935227664660601e-09,
scripts\PredicciónImágenes\Nodules\00012973_024.png,chest_xray,1.0,True,1.0,3.143506011049624e-10,
scripts\PredicciónImágenes\Nodules\00007076_006.png,chest_xray,1.0,True,1.0,7.015447944791475e-11,
scripts\PredicciónImágenes\Nodules\00013247_001.png,chest_xray,1.0,True,1.0,2.1496462943026984e-10,
scripts\PredicciónImágenes\Nodules\00007391_000.png,chest_xray,1.0,True,1.0,5.188110357989828e-12,
scripts\PredicciónImágenes\Nodules\00019124_025.png,chest_xray,1.0,True,1.0,3.366233514157102e-08,
scripts\PredicciónImágenes\Nodules\00027551_000.png,chest_xray,1.0,True,1.0,1.4679780828419364e-12,
scripts\PredicciónImágenes\Nodules\00010872_002.png,chest_xray,1.0,True,1.0,8.68956906430185e-10,
scripts\PredicciónImágenes\Nodules\00012019_012.png,chest_xray,1.0,True,1.0,4.251192453619268e-10,
scripts\PredicciónImágenes\Nodules\00029196_000.png,chest_xray,1.0,True,1.0,9.902409447981597e-11,
scripts\PredicciónImágenes\Nodules\00012520_006.png,chest_xray,1.0,True,1.0,9.656766497556646e-10,
scripts\PredicciónImágenes\Nodules\00008345_004.png,chest_xray,0.9999998807907104,True,0.9999998807907104,6.222764881158582e-08,
scripts\PredicciónImágenes\Nodules\00011764_005.png,chest_xray,1.0,True,1.0,1.870216871993624e-12,
scripts\PredicciónImágenes\Nodules\00016655_000.png,chest_xray,1.0,True,1.0,2.004514176173755e-12,
scripts\PredicciónImágenes\Nodules\00003393_021.png,chest_xray,1.0,True,1.0,4.1472439371581515e-10,
scripts\PredicciónImágenes\Nodules\00028001_000.png,chest_xray,1.0,True,1.0,7.677357638513627e-10,
scripts\PredicciónImágenes\Nodules\00019124_065.png,chest_xray,1.0,True,1.0,1.492860349228131e-11,
scripts\PredicciónImágenes\Nodules\00000008_002.png,chest_xray,1.0,True,1.0,1.581117528570708e-11,
scripts\PredicciónImágenes\Nodules\00006338_008.png,chest_xray,1.0,True,1.0,1.4728279359998986e-11,
scripts\PredicciónImágenes\Nodules\00019176_039.png,chest_xray,1.0,True,1.0,3.32991642072733e-12,
scripts\PredicciónImágenes\Nodules\00019616_000.png,chest_xray,1.0,True,1.0,9.645610976605212e-10,
scripts\PredicciónImágenes\Nodules\00007482_006.png,chest_xray,1.0,True,1.0,2.4968722200924276e-08,
scripts\PredicciónImágenes\Nodules\00012376_017.png,chest_xray,1.0,True,1.0,1.2321098585843515e-09,
scripts\PredicciónImágenes\Nodules\00010723_003.png,chest_xray,1.0,True,1.0,1.2079462430314436e-10,
scripts\PredicciónImágenes\Nodules\00006713_014.png,chest_xray,1.0,True,1.0,2.2615916084323118e-11,
scripts\PredicciónImágenes\Nodules\00017557_002.png,chest_xray,1.0,True,1.0,8.537273665787382e-11,
scripts\PredicciónImágenes\Nodules\00016336_000.png,chest_xray,1.0,True,1.0,2.331822734902289e-09,
scripts\PredicciónImágenes\Nodules\00018559_000.png,chest_xray,1.0,True,1.0,8.976561716167453e-10,
scripts\PredicciónImágenes\Nodules\00026187_000.png,chest_xray,1.0,True,1.0,6.837939992010433e-09,
scripts\PredicciónImágenes\Nodules\00004582_005.png,chest_xray,1.0,True,1.0,4.797845107318288e-11,
scripts\PredicciónImágenes\Nodules\00019419_002.png,chest_xray,1.0,True,1.0,1.907002680767711e-11,
scripts\PredicciónImágenes\Nodules\00011885_002.png,chest_xray,1.0,True,1.0,1.3041403512659144e-09,
scripts\PredicciónImágenes\Nodules\00012704_002.png,chest_xray,1.0,True,1.0,1.3122740394333476e-10,
scripts\PredicciónImágenes\Nodules\00007454_002.png,chest_xray,1.0,True,1.0,3.0005857798443003e-09,
scripts\PredicciónImágenes\Nodules\00020398_015.png,chest_xray,1.0,True,1.0,6.377588679384871e-09,
scripts\PredicciónImágenes\Nodules\00029504_000.png,chest_xray,1.0,True,1.0,3.0243876847357853e-11,
scripts\PredicciónImágenes\Nodules\00007782_001.png,chest_xray,1.0,True,1.0,3.949506346967446e-11,
scripts\PredicciónImágenes\Nodules\00022192_019.png,chest_xray,1.0,True,1.0,3.1010589651714326e-09,
scripts\PredicciónImágenes\Nodules\00000383_002.png,chest_xray,0.9999995231628418,True,0.9999995231628418,5.179444997338578e-07,
scripts\PredicciónImágenes\Nodules\00020469_004.png,chest_xray,1.0,True,1.0,1.270914450068883e-11,
scripts\PredicciónImágenes\Nodules\00001908_000.png,chest_xray,1.0,True,1.0,3.745445731340169e-09,
scripts\PredicciónImágenes\Nodules\00027386_002.png,chest_xray,1.0,True,1.0,4.119566021643095e-09,
scripts\PredicciónImágenes\Nodules\00019348_004.png,chest_xray,1.0,True,1.0,4.4491735295970614e-10,
scripts\PredicciónImágenes\Nodules\00012156_005.png,chest_xray,1.0,True,1.0,4.1166556274951915e-11,
scripts\PredicciónImágenes\Nodules\00026993_001.png,chest_xray,1.0,True,1.0,1.6823664683585093e-10,
scripts\PredicciónImágenes\Nodules\00000275_000.png,chest_xray,1.0,True,1.0,2.278527588828183e-09,
scripts\PredicciónImágenes\Nodules\00007227_000.png,chest_xray,1.0,True,1.0,1.8103632482002752e-10,
scripts\PredicciónImágenes\Nodules\00005218_013.png,chest_xray,0.9999994039535522,True,0.9999994039535522,5.670021323567198e-07,
scripts\PredicciónImágenes\Nodules\00013737_001.png,chest_xray,1.0,True,1.0,7.5255329745616e-10,
scripts\PredicciónImágenes\Nodules\00008943_000.png,chest_xray,1.0,True,1.0,2.3478723305825344e-12,
scripts\PredicciónImágenes\Nodules\00004219_000.png,chest_xray,1.0,True,1.0,4.2192659088780005e-11,
scripts\PredicciónImágenes\Nodules\00018366_000.png,chest_xray,1.0,True,1.0,4.514217444295809e-09,
scripts\PredicciónImágenes\Nodules\00008021_000.png,chest_xray,1.0,True,1.0,6.156017536007585e-12,
scripts\PredicciónImágenes\Nodules\00010608_003.png,chest_xray,1.0,True,1.0,8.350709013171809e-12,
scripts\PredicciónImágenes\Nodules\00003550_000.png,chest_xray,1.0,True,1.0,1.626190382353343e-08,
scripts\PredicciónImágenes\Nodules\00013904_006.png,chest_xray,1.0,True,1.0,2.3417552619253712e-11,
scripts\PredicciónImágenes\Nodules\00027108_013.png,chest_xray,1.0,True,1.0,3.484634802930486e-08,
scripts\PredicciónImágenes\Nodules\00007467_000.png,chest_xray,1.0,True,1.0,4.344390819310817e-11,
scripts\PredicciónImágenes\Nodules\00014022_052.png,chest_xray,1.0,True,1.0,4.7133841274416e-10,
scripts\PredicciónImágenes\Nodules\00015649_004.png,chest_xray,1.0,True,1.0,1.5327852875834935e-10,
scripts\PredicciónImágenes\Nodules\00019415_001.png,chest_xray,1.0,True,1.0,2.5425817701263398e-11,
scripts\PredicciónImágenes\Nodules\00020095_001.png,chest_xray,1.0,True,1.0,1.926410497787856e-08,
scripts\PredicciónImágenes\Nodules\00022260_010.png,chest_xray,1.0,True,1.0,1.6841039738972607e-13,
scripts\PredicciónImágenes\Nodules\00000580_000.png,chest_xray,1.0,True,1.0,2.2179848235825972e-10,
scripts\PredicciónImágenes\Nodules\00028463_001.png,chest_xray,1.0,True,1.0,5.640800537776158e-08,
scripts\PredicciónImágenes\Nodules\00011587_009.png,chest_xray,1.0,True,1.0,1.1890447515483515e-09,
scripts\PredicciónImágenes\Nodules\00007209_000.png,chest_xray,1.0,True,1.0,2.2540884089816693e-12,
scripts\PredicciónImágenes\Nodules\00013283_000.png,chest_xray,1.0,True,1.0,2.510643470898799e-09,
scripts\PredicciónImágenes\Nodules\00006926_002.png,chest_xray,1.0,True,1.0,1.1242515945975029e-10,
scripts\PredicciónImágenes\Nodules\00011548_004.png,chest_xray,1.0,True,1.0,3.0318095256554045e-11,
scripts\PredicciónImágenes\Nodules\00006425_004.png,chest_xray,1.0,True,1.0,4.67319587471593e-08,
scripts\PredicciónImágenes\Nodules\00006480_001.png,chest_xray,1.0,True,1.0,5.320194155014613e-13,
scripts\PredicciónImágenes\Nodules\00012554_000.png,chest_xray,1.0,True,1.0,3.6412384218920124e-08,
scripts\PredicciónImágenes\Nodules\00030689_000.png,chest_xray,1.0,True,1.0,1.8609325191931703e-09,
scripts\PredicciónImágenes\Nodules\00009528_000.png,chest_xray,1.0,True,1.0,6.5478495021864536e-12,
scripts\PredicciónImágenes\Nodules\00018983_004.png,chest_xray,1.0,True,1.0,7.286929393224284e-11,
scripts\PredicciónImágenes\Nodules\00020539_000.png,chest_xray,1.0,True,1.0,4.281589405935593e-12,
scripts\PredicciónImágenes\Nodules\00003126_016.png,chest_xray,1.0,True,1.0,2.16477236136825e-09,
scripts\PredicciónImágenes\Nodules\00003002_010.png,chest_xray,1.0,True,1.0,7.249526673414053e-11,
scripts\PredicciónImágenes\Nodules\00029247_003.png,chest_xray,1.0,True,1.0,1.534424143301294e-09,
scripts\PredicciónImágenes\Nodules\00007557_002.png,chest_xray,1.0,True,1.0,1.5960438526363419e-10,
scripts\PredicciónImágenes\Nodules\00000766_000.png,chest_xray,1.0,True,1.0,2.2772459473685558e-09,
scripts\PredicciónImágenes\Nodules\00014659_000.png,chest_xray,1.0,True,1.0,5.038757744380007e-10,
scripts\PredicciónImágenes\Nodules\00005218_021.png,chest_xray,0.9999998807907104,True,0.9999998807907104,1.0360543001297629e-07,
scripts\PredicciónImágenes\Nodules\00019124_082.png,chest_xray,1.0,True,1.0,1.1080077300107405e-08,
scripts\PredicciónImágenes\Nodules\00006008_009.png,chest_xray,1.0,True,1.0,6.5320922004730164e-09,
scripts\PredicciónImágenes\Nodules\00010196_000.png,chest_xray,1.0,True,1.0,1.8620109620837155e-10,
scripts\PredicciónImágenes\Nodules\00009117_006.png,chest_xray,1.0,True,1.0,6.74874947592663e-11,
scripts\PredicciónImágenes\Nodules\00012048_005.png,chest_xray,0.9999979734420776,True,0.9999979734420776,2.082948185488931e-06,
scripts\PredicciónImágenes\Nodules\00012087_022.png,chest_xray,1.0,True,1.0,5.124221047481115e-10,
scripts\PredicciónImágenes\Nodules\00011517_000.png,chest_xray,1.0,True,1.0,4.387081276036042e-08,
scripts\PredicciónImágenes\Nodules\00004957_003.png,chest_xray,1.0,True,1.0,9.989578608760041e-11,
scripts\PredicciónImágenes\Nodules\00014731_000.png,chest_xray,1.0,True,1.0,2.7486094997253296e-11,
scripts\PredicciónImágenes\Nodules\00001381_002.png,chest_xray,0.9999996423721313,True,0.9999996423721313,2.994407282130851e-07,
scripts\PredicciónImágenes\Nodules\00003302_000.png,chest_xray,1.0,True,1.0,1.5736539848987263e-10,
scripts\PredicciónImágenes\Nodules\00029649_000.png,chest_xray,1.0,True,1.0,1.4495927895541438e-11,
scripts\PredicciónImágenes\Nodules\00008504_002.png,chest_xray,1.0,True,1.0,2.1891757070319207e-12,
scripts\PredicciónImágenes\Nodules\00023643_000.png,chest_xray,1.0,True,1.0,1.855700038078112e-10,
scripts\PredicciónImágenes\Nodules\00005269_000.png,chest_xray,1.0,True,1.0,2.5701998862537323e-10,
scripts\PredicciónImágenes\Nodules\00005939_007.png,chest_xray,1.0,True,1.0,1.2958975559307362e-10,
scripts\PredicciónImágenes\Nodules\00019765_009.png,chest_xray,1.0,True,1.0,2.067141791073368e-09,
scripts\PredicciónImágenes\Nodules\00013060_009.png,chest_xray,1.0,True,1.0,2.612164096138514e-10,
scripts\PredicciónImágenes\Nodules\00027415_029.png,chest_xray,0.9999022483825684,True,0.9999022483825684,9.768297604750842e-05,
scripts\PredicciónImágenes\Nodules\00016240_002.png,chest_xray,1.0,True,1.0,1.905338525842737e-10,
scripts\PredicciónImágenes\Nodules\00005881_000.png,chest_xray,0.9999998807907104,True,0.9999998807907104,8.445601196171992e-08,
scripts\PredicciónImágenes\Nodules\00019933_007.png,chest_xray,1.0,True,1.0,1.3777851082252823e-10,
scripts\PredicciónImágenes\Nodules\00026604_004.png,chest_xray,1.0,True,1.0,1.3268269816180123e-09,
scripts\PredicciónImágenes\Nodules\00007127_002.png,chest_xray,1.0,True,1.0,4.161353900355991e-11,
scripts\PredicciónImágenes\Nodules\00001654_001.png,chest_xray,1.0,True,1.0,9.936787503939115e-11,
scripts\PredicciónImágenes\Nodules\00002513_004.png,chest_xray,1.0,True,1.0,3.41830920123562e-13,
scripts\PredicciónImágenes\Nodules\00006233_000.png,chest_xray,0.9999997615814209,True,0.9999997615814209,2.0169832737337856e-07,
scripts\PredicciónImágenes\Nodules\00017544_002.png,chest_xray,1.0,True,1.0,3.715644458779366e-10,
scripts\PredicciónImágenes\Nodules\00023211_002.png,chest_xray,1.0,True,1.0,8.079167890251426e-11,
scripts\PredicciónImágenes\Nodules\00028545_000.png,chest_xray,1.0,True,1.0,1.3714263231989765e-11,
scripts\PredicciónImágenes\Nodules\00022412_002.png,chest_xray,1.0,True,1.0,9.774338977086572e-11,
scripts\PredicciónImágenes\Nodules\00030305_000.png,chest_xray,1.0,True,1.0,6.305842653597793e-11,
scripts\PredicciónImágenes\Nodules\00022065_030.png,chest_xray,1.0,True,1.0,3.031891959714983e-10,
scripts\PredicciónImágenes\Nodules\00015308_000.png,chest_xray,1.0,True,1.0,1.3341952542766933e-11,
scripts\PredicciónImágenes\Nodules\00018331_002.png,chest_xray,1.0,True,1.0,6.919585793241367e-09,
scripts\PredicciónImágenes\Nodules\00006517_008.png,chest_xray,1.0,True,1.0,2.9438133788278753e-12,
scripts\PredicciónImágenes\Nodules\00019058_004.png,chest_xray,1.0,True,1.0,1.6780574325914177e-12,
scripts\PredicciónImágenes\Nodules\00005014_007.png,chest_xray,1.0,True,1.0,9.09313901953368e-10,
scripts\PredicciónImágenes\Nodules\00020085_007.png,chest_xray,1.0,True,1.0,7.251130945684636e-11,
scripts\PredicciónImágenes\Nodules\00018918_000.png,chest_xray,1.0,True,1.0,1.5630631011731566e-08,
scripts\PredicciónImágenes\Nodules\00011237_003.png,chest_xray,1.0,True,1.0,8.990372335482277e-10,
scripts\PredicciónImágenes\Nodules\00002165_001.png,chest_xray,1.0,True,1.0,1.3317233600596001e-12,
scripts\PredicciónImágenes\Nodules\00000989_000.png,chest_xray,1.0,True,1.0,1.9712658172466035e-09,
scripts\PredicciónImágenes\Nodules\00014004_020.png,chest_xray,0.9999842643737793,True,0.9999842643737793,1.5718573195044883e-05,
scripts\PredicciónImágenes\Nodules\00018558_006.png,chest_xray,1.0,True,1.0,1.6113255174587948e-10,
scripts\PredicciónImágenes\Nodules\00018033_001.png,chest_xray,1.0,True,1.0,8.357893044319553e-09,
scripts\PredicciónImágenes\Nodules\00026613_000.png,chest_xray,1.0,True,1.0,1.389037431083484e-12,
scripts\PredicciónImágenes\Nodules\00011164_000.png,chest_xray,1.0,True,1.0,5.087450904994739e-09,
scripts\PredicciónImágenes\Nodules\00018748_002.png,chest_xray,1.0,True,1.0,7.714939798120213e-09,
scripts\PredicciónImágenes\Nodules\00025769_008.png,chest_xray,0.999998927116394,True,0.999998927116394,1.1241764923397568e-06,
scripts\PredicciónImágenes\Nodules\00002722_003.png,chest_xray,1.0,True,1.0,4.022643676493409e-11,
scripts\PredicciónImágenes\Nodules\00028947_000.png,chest_xray,1.0,True,1.0,1.0689703344723966e-08,
scripts\PredicciónImágenes\Nodules\00014454_002.png,chest_xray,1.0,True,1.0,2.400601245566847e-11,
scripts\PredicciónImágenes\Nodules\00008948_000.png,chest_xray,1.0,True,1.0,8.980859269149336e-14,
scripts\PredicciónImágenes\Nodules\00011811_004.png,chest_xray,0.9999998807907104,True,0.9999998807907104,6.3077877143769e-08,
scripts\PredicciónImágenes\Nodules\00012515_015.png,chest_xray,1.0,True,1.0,1.0214617346404609e-11,
scripts\PredicciónImágenes\Nodules\00012704_000.png,chest_xray,1.0,True,1.0,2.9458803018495017e-12,
scripts\PredicciónImágenes\Nodules\00018591_004.png,chest_xray,1.0,True,1.0,2.9355726183233344e-11,
scripts\PredicciónImágenes\Nodules\00030319_000.png,chest_xray,1.0,True,1.0,1.3644130963941237e-11,
scripts\PredicciónImágenes\Nodules\00007565_003.png,chest_xray,1.0,True,1.0,1.196262644498347e-09,
scripts\PredicciónImágenes\Nodules\00017297_000.png,chest_xray,1.0,True,1.0,2.759284467579448e-10,
scripts\PredicciónImágenes\Nodules\00025730_000.png,chest_xray,1.0,True,1.0,2.495994744222685e-09,
scripts\PredicciónImágenes\Nodules\00005502_016.png,chest_xray,1.0,True,1.0,1.1107940123267213e-09,
scripts\PredicciónImágenes\Nodules\00005897_000.png,chest_xray,1.0,True,1.0,7.381542488360537e-09,
scripts\PredicciónImágenes\Nodules\00008326_001.png,chest_xray,1.0,True,1.0,1.7571985533315626e-11,
scripts\PredicciónImágenes\Nodules\00027930_002.png,chest_xray,1.0,True,1.0,2.2109987452001434e-10,
scripts\PredicciónImágenes\Nodules\00022684_005.png,chest_xray,1.0,True,1.0,3.394275693846538e-10,
scripts\PredicciónImágenes\Nodules\00006529_001.png,chest_xray,1.0,True,1.0,1.0060671740141913e-10,
scripts\PredicciónImágenes\Nodules\00026860_001.png,chest_xray,1.0,True,1.0,7.801114199068593e-10,
scripts\PredicciónImágenes\Nodules\00001014_001.png,chest_xray,1.0,True,1.0,1.1749688895446031e-11,
scripts\PredicciónImágenes\Nodules\00027389_001.png,chest_xray,1.0,True,1.0,4.414832233123889e-08,
scripts\PredicciónImágenes\Nodules\00018960_011.png,chest_xray,1.0,True,1.0,4.481514714882451e-09,
scripts\PredicciónImágenes\Nodules\00011265_000.png,chest_xray,1.0,True,1.0,1.1116396692045782e-09,
scripts\PredicciónImágenes\Nodules\00027838_000.png,chest_xray,1.0,True,1.0,4.104659667714117e-11,
scripts\PredicciónImágenes\Nodules\00028292_001.png,chest_xray,1.0,True,1.0,3.644263779634116e-10,
scripts\PredicciónImágenes\Nodules\00014048_000.png,chest_xray,1.0,True,1.0,4.7010527026714044e-08,
scripts\PredicciónImágenes\Nodules\00018087_002.png,chest_xray,1.0,True,1.0,7.401314283672633e-11,
scripts\PredicciónImágenes\Nodules\00007312_000.png,chest_xray,1.0,True,1.0,2.7534921009930713e-09,
scripts\PredicciónImágenes\Nodules\00027652_009.png,chest_xray,1.0,True,1.0,8.774509452358359e-10,
scripts\PredicciónImágenes\Nodules\00021500_000.png,chest_xray,1.0,True,1.0,1.2523711234724288e-11,
scripts\PredicciónImágenes\Nodules\00021035_016.png,chest_xray,0.9999817609786987,True,0.9999817609786987,1.8268665371579118e-05,
scripts\PredicciónImágenes\Nodules\00023309_032.png,chest_xray,1.0,True,1.0,2.5662053815267427e-08,
scripts\PredicciónImágenes\Nodules\00022919_002.png,chest_xray,1.0,True,1.0,4.072099990537481e-09,
scripts\PredicciónImágenes\Nodules\00016422_000.png,chest_xray,1.0,True,1.0,8.886914815153801e-11,
scripts\PredicciónImágenes\Nodules\00009892_048.png,chest_xray,1.0,True,1.0,4.5484060962053263e-10,
scripts\PredicciónImágenes\Nodules\00017611_001.png,chest_xray,1.0,True,1.0,1.3361677320133936e-09,
scripts\PredicciónImágenes\Nodules\00026911_005.png,chest_xray,0.9999998807907104,True,0.9999998807907104,6.264289709179138e-08,
scripts\PredicciónImágenes\Nodules\00004571_016.png,chest_xray,1.0,True,1.0,1.4634666742341373e-11,
scripts\PredicciónImágenes\Nodules\00011189_000.png,chest_xray,0.9999998807907104,True,0.9999998807907104,5.99533080958281e-08,
scripts\PredicciónImágenes\Nodules\00016587_058.png,chest_xray,1.0,True,1.0,2.384436615168739e-12,
scripts\PredicciónImágenes\Nodules\00006233_001.png,chest_xray,0.9999990463256836,True,0.9999990463256836,9.704965577839175e-07,
scripts\PredicciónImágenes\Nodules\00024128_000.png,chest_xray,1.0,True,1.0,2.7532676659391964e-12,
scripts\PredicciónImágenes\Nodules\00001673_002.png,chest_xray,1.0,True,1.0,4.3606932301210044e-12,
scripts\PredicciónImágenes\Nodules\00027726_032.png,chest_xray,0.9999998807907104,True,0.9999998807907104,6.749788639126564e-08,
scripts\PredicciónImágenes\Nodules\00006879_000.png,chest_xray,1.0,True,1.0,6.524403239893672e-11,
scripts\PredicciónImágenes\Nodules\00013073_003.png,chest_xray,1.0,True,1.0,4.419893784302076e-09,
scripts\PredicciónImágenes\Nodules\00012045_034.png,chest_xray,1.0,True,1.0,2.5033127697485225e-13,
scripts\PredicciónImágenes\Nodules\00001164_000.png,chest_xray,1.0,True,1.0,5.100895816845252e-10,
scripts\PredicciónImágenes\Nodules\00011812_000.png,chest_xray,1.0,True,1.0,1.364418994453942e-10,
scripts\PredicciónImágenes\Nodules\00013060_008.png,chest_xray,1.0,True,1.0,3.417897076474219e-10,
scripts\PredicciónImágenes\Nodules\00003547_001.png,chest_xray,1.0,True,1.0,5.761135568604914e-08,
scripts\PredicciónImágenes\Nodules\00016244_002.png,chest_xray,1.0,True,1.0,5.194009666809052e-09,
scripts\PredicciónImágenes\Nodules\00009640_005.png,chest_xray,1.0,True,1.0,1.4232168776828757e-09,
scripts\PredicciónImágenes\Nodules\00013242_000.png,chest_xray,1.0,True,1.0,3.089024869229462e-11,
scripts\PredicciónImágenes\Nodules\00006497_001.png,chest_xray,1.0,True,1.0,4.674474696209074e-10,
scripts\PredicciónImágenes\Nodules\00007065_004.png,chest_xray,1.0,True,1.0,9.20483689270668e-10,
scripts\PredicciónImágenes\Nodules\00029820_003.png,chest_xray,1.0,True,1.0,4.362577799010836e-10,
scripts\PredicciónImágenes\Nodules\00027054_001.png,chest_xray,1.0,True,1.0,9.616191523620365e-12,
scripts\PredicciónImágenes\Nodules\00008326_002.png,chest_xray,1.0,True,1.0,1.1825829204781257e-09,
scripts\PredicciónImágenes\Nodules\00026474_006.png,chest_xray,1.0,True,1.0,4.122647112581035e-09,
scripts\PredicciónImágenes\Nodules\00004945_000.png,chest_xray,1.0,True,1.0,2.5981898923999047e-11,
scripts\PredicciónImágenes\Nodules\00008998_005.png,chest_xray,1.0,True,1.0,3.0448499277468954e-10,
scripts\PredicciónImágenes\Nodules\00008626_033.png,chest_xray,1.0,True,1.0,2.1627737101237443e-10,
scripts\PredicciónImágenes\Nodules\00015782_000.png,chest_xray,1.0,True,1.0,2.1635896199634352e-11,
scripts\PredicciónImágenes\Nodules\00005895_019.png,chest_xray,1.0,True,1.0,5.240135755868458e-11,
scripts\PredicciónImágenes\Nodules\00025447_001.png,chest_xray,1.0,True,1.0,1.795707788194989e-12,
scripts\PredicciónImágenes\Nodules\00003996_002.png,chest_xray,1.0,True,1.0,2.0332797945332715e-11,
scripts\PredicciónImágenes\Nodules\00028392_000.png,chest_xray,1.0,True,1.0,1.8996612009131164e-12,
scripts\PredicciónImágenes\Nodules\00017597_000.png,chest_xray,1.0,True,1.0,3.5584191149240496e-10,
scripts\PredicciónImágenes\Nodules\00023068_047.png,chest_xray,0.9998570680618286,True,0.9998570680618286,0.00014287119847722352,
scripts\PredicciónImágenes\Nodules\00002417_000.png,chest_xray,1.0,True,1.0,8.903784376457224e-10,
scripts\PredicciónImágenes\Nodules\00025513_000.png,chest_xray,1.0,True,1.0,3.766938760918492e-09,
scripts\PredicciónImágenes\Nodules\00004911_027.png,chest_xray,1.0,True,1.0,4.036528444828491e-09,
scripts\PredicciónImágenes\Nodules\00030413_000.png,chest_xray,1.0,True,1.0,3.2834741869880446e-11,
scripts\PredicciónImágenes\Nodules\00015584_009.png,chest_xray,1.0,True,1.0,4.852981731751083e-12,
scripts\PredicciónImágenes\Nodules\00029229_000.png,chest_xray,1.0,True,1.0,5.692363025389113e-09,
scripts\PredicciónImágenes\Nodules\00019605_009.png,chest_xray,1.0,True,1.0,3.3162834256472706e-08,
scripts\PredicciónImágenes\Nodules\00021212_002.png,chest_xray,1.0,True,1.0,4.131638607629551e-12,
scripts\PredicciónImágenes\Nodules\00027117_003.png,chest_xray,1.0,True,1.0,2.8220170644743803e-09,
scripts\PredicciónImágenes\Nodules\00018939_000.png,chest_xray,1.0,True,1.0,7.801973650467531e-11,
scripts\PredicciónImágenes\Nodules\00007731_000.png,chest_xray,1.0,True,1.0,6.132325203189737e-11,
scripts\PredicciónImágenes\Nodules\00028689_001.png,chest_xray,1.0,True,1.0,3.725952272409794e-12,
scripts\PredicciónImágenes\Nodules\00021282_003.png,chest_xray,1.0,True,1.0,1.2192009624101274e-09,
scripts\PredicciónImágenes\Nodules\00005977_002.png,chest_xray,1.0,True,1.0,4.66374092122912e-11,
scripts\PredicciónImágenes\Nodules\00016980_000.png,chest_xray,0.9999966621398926,True,0.9999966621398926,3.374605057615554e-06,
scripts\PredicciónImágenes\Nodules\00005091_001.png,chest_xray,1.0,True,1.0,1.3821155331328328e-09,
scripts\PredicciónImágenes\Nodules\00012719_013.png,chest_xray,1.0,True,1.0,9.619346985623167e-12,
scripts\PredicciónImágenes\Nodules\00017605_007.png,chest_xray,1.0,True,1.0,2.6210238424084764e-09,
scripts\PredicciónImágenes\Nodules\00008555_000.png,chest_xray,1.0,True,1.0,6.831867536971625e-12,
scripts\PredicciónImágenes\Nodules\00025777_002.png,chest_xray,1.0,True,1.0,1.639523933283371e-11,
scripts\PredicciónImágenes\Nodules\00013737_002.png,chest_xray,1.0,True,1.0,6.654496953473199e-10,
scripts\PredicciónImágenes\Nodules\00014274_008.png,chest_xray,1.0,True,1.0,4.887253379770584e-10,
scripts\PredicciónImágenes\Nodules\00006338_003.png,chest_xray,1.0,True,1.0,7.730671029541891e-13,
scripts\PredicciónImágenes\Nodules\00026004_003.png,chest_xray,0.9999998807907104,True,0.9999998807907104,6.874755342778371e-08,
scripts\PredicciónImágenes\Nodules\00021171_000.png,chest_xray,1.0,True,1.0,2.684886861448188e-11,
scripts\PredicciónImágenes\Nodules\00026993_000.png,chest_xray,1.0,True,1.0,4.1742659329102594e-10,
scripts\PredicciónImágenes\Nodules\00011588_000.png,chest_xray,1.0,True,1.0,1.2238156321675575e-10,
scripts\PredicciónImágenes\Nodules\00005218_017.png,chest_xray,1.0,True,1.0,3.7739162905836565e-08,
scripts\PredicciónImágenes\Nodules\00010695_000.png,chest_xray,1.0,True,1.0,2.738792179157734e-11,
scripts\PredicciónImágenes\Nodules\00003363_003.png,chest_xray,1.0,True,1.0,2.3102865398527683e-08,
scripts\PredicciónImágenes\Nodules\00016828_000.png,chest_xray,1.0,True,1.0,9.895834152118255e-12,
scripts\PredicciónImágenes\Nodules\00015792_008.png,chest_xray,1.0,True,1.0,1.6994905038814068e-08,
scripts\PredicciónImágenes\Nodules\00022591_000.png,chest_xray,1.0,True,1.0,7.18836145122137e-12,
scripts\PredicciónImágenes\Nodules\00002133_002.png,chest_xray,1.0,True,1.0,1.3792007900331749e-12,
scripts\PredicciónImágenes\Nodules\00013450_001.png,chest_xray,1.0,True,1.0,1.6657772050621134e-08,
scripts\PredicciónImágenes\Nodules\00004399_000.png,chest_xray,1.0,True,1.0,5.262748015155694e-09,
scripts\PredicciónImágenes\Nodules\00003519_000.png,chest_xray,1.0,True,1.0,6.744656916302105e-11,
scripts\PredicciónImágenes\Nodules\00020405_023.png,chest_xray,1.0,True,1.0,2.407091415079776e-09,
scripts\PredicciónImágenes\Nodules\00015150_000.png,chest_xray,1.0,True,1.0,4.958214741557221e-11,
scripts\PredicciónImágenes\Nodules\00019786_000.png,chest_xray,1.0,True,1.0,1.7290173737194436e-09,
scripts\PredicciónImágenes\Nodules\00026469_001.png,chest_xray,1.0,True,1.0,4.377049389603371e-09,
scripts\PredicciónImágenes\Nodules\00005555_001.png,chest_xray,1.0,True,1.0,3.5857379565573666e-11,
scripts\PredicciónImágenes\Nodules\00012045_046.png,chest_xray,1.0,True,1.0,2.3184429931433215e-09,
scripts\PredicciónImágenes\Nodules\00005456_006.png,chest_xray,0.9999998807907104,True,0.9999998807907104,6.908049954290618e-08,
scripts\PredicciónImágenes\Nodules\00000415_000.png,chest_xray,1.0,True,1.0,1.4354960553575324e-09,
scripts\PredicciónImágenes\Nodules\00028628_000.png,chest_xray,1.0,True,1.0,1.5699232136512364e-08,
scripts\PredicciónImágenes\Nodules\00023033_003.png,chest_xray,1.0,True,1.0,2.914072455562078e-11,
scripts\PredicciónImágenes\Nodules\00020159_004.png,chest_xray,1.0,True,1.0,4.261752409306929e-11,
scripts\PredicciónImágenes\Nodules\00003455_000.png,chest_xray,1.0,True,1.0,4.367442407726685e-09,
scripts\PredicciónImágenes\Nodules\00005681_048.png,chest_xray,1.0,True,1.0,6.121454038110485e-12,
scripts\PredicciónImágenes\Nodules\00004170_004.png,chest_xray,1.0,True,1.0,1.2346392354659064e-12,
scripts\PredicciónImágenes\Nodules\00019124_071.png,chest_xray,1.0,True,1.0,9.303091630386007e-11,
scripts\PredicciónImágenes\Nodules\00017470_000.png,chest_xray,1.0,True,1.0,7.277948859893413e-13,
scripts\PredicciónImágenes\Nodules\00012892_013.png,chest_xray,1.0,True,1.0,8.683737062753494e-10,
scripts\PredicciónImágenes\Nodules\00025234_003.png,chest_xray,1.0,True,1.0,5.1088966390722135e-11,
scripts\PredicciónImágenes\Nodules\00013422_000.png,chest_xray,1.0,True,1.0,3.268236237197186e-10,
scripts\PredicciónImágenes\Nodules\00021130_001.png,chest_xray,1.0,True,1.0,5.6850329999136306e-11,
scripts\PredicciónImágenes\Nodules\00007416_003.png,chest_xray,1.0,True,1.0,9.174832118000187e-13,
scripts\PredicciónImágenes\Nodules\00020408_042.png,chest_xray,1.0,True,1.0,1.0886202161941583e-08,
scripts\PredicciónImágenes\Nodules\00005518_000.png,chest_xray,1.0,True,1.0,1.1682542433444354e-10,
scripts\PredicciónImágenes\Nodules\00004544_004.png,chest_xray,1.0,True,1.0,1.3700739761451919e-12,
scripts\PredicciónImágenes\Nodules\00009683_003.png,chest_xray,1.0,True,1.0,3.212457383439116e-11,
scripts\PredicciónImágenes\Nodules\00016117_000.png,chest_xray,1.0,True,1.0,5.629374570659262e-12,
scripts\PredicciónImágenes\Nodules\00022374_007.png,chest_xray,1.0,True,1.0,2.3300454447816588e-12,
scripts\PredicciónImágenes\Nodules\00022651_026.png,chest_xray,1.0,True,1.0,1.5195869562667497e-10,
scripts\PredicciónImágenes\Nodules\00030454_000.png,chest_xray,1.0,True,1.0,8.418305164070716e-09,
scripts\PredicciónImágenes\Nodules\00022113_001.png,chest_xray,0.9999998807907104,True,0.9999998807907104,9.260986644221703e-08,
scripts\PredicciónImágenes\Nodules\00002668_006.png,chest_xray,1.0,True,1.0,3.7004527220219074e-10,
scripts\PredicciónImágenes\Nodules\00004519_004.png,chest_xray,1.0,True,1.0,7.276876878847816e-10,
scripts\PredicciónImágenes\Nodules\00000105_005.png,chest_xray,1.0,True,1.0,8.39770919469629e-10,
scripts\PredicciónImágenes\Nodules\00020537_003.png,chest_xray,1.0,True,1.0,1.8348135455426018e-08,
scripts\PredicciónImágenes\Nodules\00018765_001.png,chest_xray,1.0,True,1.0,8.679034158021182e-10,
scripts\PredicciónImágenes\Nodules\00002756_001.png,chest_xray,1.0,True,1.0,6.243766614844048e-10,
scripts\PredicciónImágenes\Nodules\00009315_002.png,chest_xray,1.0,True,1.0,1.3233378802490758e-11,
scripts\PredicciónImágenes\Nodules\00021759_010.png,chest_xray,1.0,True,1.0,3.895876676818233e-11,
scripts\PredicciónImágenes\Nodules\00025695_007.png,chest_xray,1.0,True,1.0,3.2671971794684396e-09,
scripts\PredicciónImágenes\Nodules\00009120_006.png,chest_xray,1.0,True,1.0,6.487999157020474e-13,
scripts\PredicciónImágenes\Nodules\00012163_000.png,chest_xray,1.0,True,1.0,1.987007003378949e-09,
scripts\PredicciónImágenes\Nodules\00029617_003.png,chest_xray,1.0,True,1.0,1.2844905583619948e-08,
scripts\PredicciónImágenes\Nodules\00029617_010.png,chest_xray,1.0,True,1.0,6.710924593811285e-10,
scripts\PredicciónImágenes\Nodules\00005776_008.png,chest_xray,1.0,True,1.0,1.1092261657796865e-11,
scripts\PredicciónImágenes\Nodules\00014558_011.png,chest_xray,1.0,True,1.0,2.1253965254430796e-10,
scripts\PredicciónImágenes\Nodules\00005881_001.png,chest_xray,1.0,True,1.0,1.8530941225947117e-09,
scripts\PredicciónImágenes\Nodules\00017214_002.png,chest_xray,1.0,True,1.0,1.2088278822375287e-08,
scripts\PredicciónImágenes\Nodules\00005904_001.png,chest_xray,1.0,True,1.0,1.2930977122405096e-10,
scripts\PredicciónImágenes\Nodules\00017544_001.png,chest_xray,0.9999889135360718,True,0.9999889135360718,1.1137561159557663e-05,
scripts\PredicciónImágenes\Nodules\00008295_008.png,chest_xray,1.0,True,1.0,2.5539759196391287e-10,
scripts\PredicciónImágenes\Nodules\00001382_003.png,chest_xray,1.0,True,1.0,8.930371997450948e-09,
scripts\PredicciónImágenes\Nodules\00017462_001.png,chest_xray,1.0,True,1.0,2.8237964050381592e-11,
scripts\PredicciónImágenes\Nodules\00019610_002.png,chest_xray,1.0,True,1.0,2.1832567698165661e-10,
scripts\PredicciónImágenes\Nodules\00008395_003.png,chest_xray,1.0,True,1.0,1.0018916035345327e-12,
scripts\PredicciónImágenes\Nodules\00004328_003.png,chest_xray,1.0,True,1.0,3.4591194925798208e-12,
scripts\PredicciónImágenes\Nodules\00013202_001.png,chest_xray,1.0,True,1.0,6.964047116753136e-09,
scripts\PredicciónImágenes\Nodules\00007506_003.png,chest_xray,1.0,True,1.0,3.9802550144685256e-11,
scripts\PredicciónImágenes\Nodules\00020537_004.png,chest_xray,1.0,True,1.0,1.0857668542030297e-08,
scripts\PredicciónImágenes\Nodules\00014033_002.png,chest_xray,0.9999998807907104,True,0.9999998807907104,1.206465043424032e-07,
scripts\PredicciónImágenes\Nodules\00002018_000.png,chest_xray,1.0,True,1.0,5.146288395430076e-10,
scripts\PredicciónImágenes\Nodules\00014948_001.png,chest_xray,1.0,True,1.0,2.2783581687946253e-09,
scripts\PredicciónImágenes\Nodules\00012007_004.png,chest_xray,1.0,True,1.0,2.145122187519055e-12,
scripts\PredicciónImágenes\Nodules\00016982_000.png,chest_xray,1.0,True,1.0,5.011728254622483e-10,
scripts\PredicciónImágenes\Nodules\00005110_003.png,chest_xray,1.0,True,1.0,3.713601995358751e-11,
scripts\PredicciónImágenes\Nodules\00011093_000.png,chest_xray,1.0,True,1.0,2.9854533067918965e-08,
scripts\PredicciónImágenes\Nodules\00012520_000.png,chest_xray,1.0,True,1.0,3.8113817657503546e-11,
scripts\PredicciónImágenes\Nodules\00016404_006.png,chest_xray,1.0,True,1.0,2.3798421011633764e-09,
scripts\PredicciónImágenes\Nodules\00014219_000.png,chest_xray,1.0,True,1.0,1.0577978076797834e-10,
scripts\PredicciónImágenes\Nodules\00008897_002.png,chest_xray,1.0,True,1.0,7.271625142302174e-12,
scripts\PredicciónImágenes\Nodules\00002721_000.png,chest_xray,1.0,True,1.0,1.0871169242587797e-10,
scripts\PredicciónImágenes\Nodules\00013935_003.png,chest_xray,1.0,True,1.0,1.826991856412885e-11,
scripts\PredicciónImágenes\Nodules\00018765_003.png,chest_xray,0.9999998807907104,True,0.9999998807907104,1.6573605421399407e-07,
scripts\PredicciónImágenes\Nodules\00026185_008.png,chest_xray,1.0,True,1.0,1.2097014501222247e-09,
scripts\PredicciónImágenes\Nodules\00030638_000.png,chest_xray,1.0,True,1.0,5.477639175577309e-11,
scripts\PredicciónImágenes\Nodules\00015679_000.png,chest_xray,1.0,True,1.0,5.933934593693735e-11,
scripts\PredicciónImágenes\Nodules\00005253_000.png,chest_xray,1.0,True,1.0,3.1405349432134244e-09,
scripts\PredicciónImágenes\Nodules\00012746_005.png,chest_xray,1.0,True,1.0,1.5305970380019573e-10,
scripts\PredicciónImágenes\Nodules\00011849_001.png,chest_xray,1.0,True,1.0,1.6539303260287852e-08,
scripts\PredicciónImágenes\Nodules\00019162_000.png,chest_xray,1.0,True,1.0,7.131445434183092e-11,
scripts\PredicciónImágenes\Nodules\00014953_001.png,chest_xray,1.0,True,1.0,2.7025109927691915e-10,
scripts\PredicciónImágenes\Nodules\00025446_001.png,chest_xray,1.0,True,1.0,4.955094667913329e-11,
scripts\PredicciónImágenes\Nodules\00005091_002.png,chest_xray,1.0,True,1.0,2.1364302688064996e-11,
scripts\PredicciónImágenes\Nodules\00005365_011.png,chest_xray,1.0,True,1.0,8.341007884382634e-10,
scripts\PredicciónImágenes\Nodules\00012891_003.png,chest_xray,1.0,True,1.0,2.4849433274964916e-11,
scripts\PredicciónImágenes\Nodules\00027131_007.png,chest_xray,1.0,True,1.0,6.726161294601241e-10,
scripts\PredicciónImágenes\Nodules\00025119_008.png,chest_xray,1.0,True,1.0,7.74414907200871e-12,
scripts\PredicciónImágenes\Nodules\00010703_000.png,chest_xray,1.0,True,1.0,1.401926491562122e-10,
scripts\PredicciónImágenes\Nodules\00021073_011.png,chest_xray,1.0,True,1.0,3.288245231658493e-10,
scripts\PredicciónImágenes\Nodules\00016837_000.png,chest_xray,1.0,True,1.0,1.1053063846133693e-11,
scripts\PredicciónImágenes\Nodules\00016811_005.png,chest_xray,1.0,True,1.0,1.367105428862203e-09,
scripts\PredicciónImágenes\Nodules\00007862_003.png,chest_xray,1.0,True,1.0,4.6483886184667256e-10,
scripts\PredicciónImágenes\Nodules\00016550_019.png,chest_xray,1.0,True,1.0,3.672285808775655e-10,
scripts\PredicciónImágenes\Nodules\00004436_005.png,chest_xray,1.0,True,1.0,1.5916041817831683e-08,
scripts\PredicciónImágenes\Nodules\00010672_000.png,chest_xray,1.0,True,1.0,1.8114754141151934e-10,
scripts\PredicciónImágenes\Nodules\00019624_001.png,chest_xray,1.0,True,1.0,2.8509243577001797e-12,
scripts\PredicciónImágenes\Nodules\00029339_004.png,chest_xray,1.0,True,1.0,4.156697555601774e-11,
scripts\PredicciónImágenes\Nodules\00015792_004.png,chest_xray,1.0,True,1.0,4.0730589040416376e-11,
scripts\PredicciónImágenes\Nodules\00019056_002.png,chest_xray,1.0,True,1.0,1.927768639164995e-10,
scripts\PredicciónImágenes\Nodules\00019124_087.png,chest_xray,1.0,True,1.0,1.7231374105364239e-09,
scripts\PredicciónImágenes\Nodules\00025628_001.png,chest_xray,0.9999996423721313,True,0.9999996423721313,3.5698781175597105e-07,
scripts\PredicciónImágenes\Nodules\00003393_025.png,chest_xray,1.0,True,1.0,4.9727887585504504e-08,
scripts\PredicciónImágenes\Nodules\00017786_001.png,chest_xray,1.0,True,1.0,8.615633761976937e-10,
scripts\PredicciónImágenes\Nodules\00013021_000.png,chest_xray,1.0,True,1.0,2.023621938421205e-12,
scripts\PredicciónImágenes\Nodules\00030183_001.png,chest_xray,1.0,True,1.0,2.479679517275457e-10,
scripts\PredicciónImágenes\Nodules\00009912_001.png,chest_xray,1.0,True,1.0,4.92955365416492e-09,
scripts\PredicciónImágenes\Nodules\00006925_003.png,chest_xray,1.0,True,1.0,1.3272376975237421e-08,
scripts\PredicciónImágenes\Nodules\00010452_001.png,chest_xray,1.0,True,1.0,1.3178437896499418e-08,
scripts\PredicciónImágenes\Nodules\00013061_000.png,chest_xray,1.0,True,1.0,1.5552313603617307e-10,
scripts\PredicciónImágenes\Nodules\00009552_000.png,chest_xray,1.0,True,1.0,1.6101427136039348e-10,
scripts\PredicciónImágenes\Nodules\00015568_002.png,chest_xray,1.0,True,1.0,4.0147024593650826e-11,
scripts\PredicciónImágenes\Nodules\00010897_003.png,chest_xray,1.0,True,1.0,2.1718786769042708e-08,
scripts\PredicciónImágenes\Nodules\00024634_001.png,chest_xray,1.0,True,1.0,2.2506109476072567e-10,
scripts\PredicciónImágenes\Nodules\00023137_000.png,chest_xray,1.0,True,1.0,1.3056124757715448e-11,
scripts\PredicciónImágenes\Nodules\00029511_000.png,chest_xray,1.0,True,1.0,6.712492540972281e-12,
scripts\PredicciónImágenes\Nodules\00019124_026.png,chest_xray,1.0,True,1.0,1.1940582966829538e-09,
scripts\PredicciónImágenes\Nodules\00017569_005.png,chest_xray,1.0,True,1.0,1.1436966040889729e-08,
scripts\PredicciónImágenes\Nodules\00004436_001.png,chest_xray,1.0,True,1.0,1.5623469185044314e-09,
scripts\PredicciónImágenes\Nodules\00015506_004.png,chest_xray,1.0,True,1.0,1.1687970591367502e-08,
scripts\PredicciónImágenes\Nodules\00020958_001.png,chest_xray,1.0,True,1.0,1.0153169416327046e-09,
scripts\PredicciónImágenes\Nodules\00004911_028.png,chest_xray,1.0,True,1.0,1.14688036845223e-10,
scripts\PredicciónImágenes\Nodules\00009397_007.png,chest_xray,0.9999998807907104,True,0.9999998807907104,1.1511478703596367e-07,
scripts\PredicciónImágenes\Nodules\00029450_001.png,chest_xray,1.0,True,1.0,6.881042957651573e-11,
scripts\PredicciónImágenes\Nodules\00013670_046.png,chest_xray,0.9999988079071045,True,0.9999988079071045,1.250339323632943e-06,
scripts\PredicciónImágenes\Nodules\00021791_002.png,chest_xray,1.0,True,1.0,2.5056012820101614e-09,
scripts\PredicciónImágenes\Nodules\00027315_002.png,chest_xray,1.0,True,1.0,1.0114260540206033e-09,
scripts\PredicciónImágenes\Nodules\00009551_018.png,chest_xray,1.0,True,1.0,2.5123619851186163e-10,
scripts\PredicciónImágenes\Nodules\00018233_031.png,chest_xray,0.999988317489624,True,0.999988317489624,1.169974075310165e-05,
scripts\PredicciónImágenes\Nodules\00006338_006.png,chest_xray,1.0,True,1.0,1.551282158285261e-10,
scripts\PredicciónImágenes\Nodules\00007394_000.png,chest_xray,1.0,True,1.0,2.229647022566894e-12,
scripts\PredicciónImágenes\Nodules\00017464_011.png,chest_xray,0.9999992847442627,True,0.9999992847442627,6.598738764296286e-07,
scripts\PredicciónImágenes\Nodules\00013655_001.png,chest_xray,1.0,True,1.0,1.861658396884458e-11,
scripts\PredicciónImágenes\Nodules\00017705_003.png,chest_xray,1.0,True,1.0,1.3233650286714749e-12,
scripts\PredicciónImágenes\Nodules\00008710_000.png,chest_xray,1.0,True,1.0,2.8382637906609887e-10,
scripts\PredicciónImágenes\Nodules\00023026_004.png,chest_xray,1.0,True,1.0,3.65418736936185e-11,
scripts\PredicciónImágenes\Nodules\00016587_059.png,chest_xray,1.0,True,1.0,6.693424148274119e-10,
scripts\PredicciónImágenes\Nodules\00014006_014.png,chest_xray,1.0,True,1.0,1.7261719831296318e-11,
scripts\PredicciónImágenes\Nodules\00013594_025.png,chest_xray,0.9999998807907104,True,0.9999998807907104,1.291497397915009e-07,
scripts\PredicciónImágenes\Nodules\00022132_008.png,chest_xray,1.0,True,1.0,8.627173281317013e-11,
scripts\PredicciónImágenes\Nodules\00013508_000.png,chest_xray,1.0,True,1.0,1.7342268066045108e-08,
scripts\PredicciónImágenes\Nodules\00014211_006.png,chest_xray,1.0,True,1.0,7.066702778502076e-09,
scripts\PredicciónImágenes\Nodules\00017262_000.png,chest_xray,1.0,True,1.0,3.0917698956578477e-12,
scripts\PredicciónImágenes\Nodules\00011598_030.png,chest_xray,1.0,True,1.0,8.132417517181523e-10,
scripts\PredicciónImágenes\Nodules\00020419_000.png,chest_xray,1.0,True,1.0,6.092151089154285e-11,
scripts\PredicciónImágenes\Nodules\00026064_000.png,chest_xray,1.0,True,1.0,3.6735066100135327e-09,
scripts\PredicciónImágenes\Nodules\00000372_007.png,chest_xray,1.0,True,1.0,3.11582877554617e-12,
scripts\PredicciónImágenes\Nodules\00013937_001.png,chest_xray,1.0,True,1.0,1.8129123202648145e-11,
scripts\PredicciónImágenes\Nodules\00018331_006.png,chest_xray,1.0,True,1.0,1.4548938942482437e-08,
scripts\PredicciónImágenes\Nodules\00020537_005.png,chest_xray,1.0,True,1.0,1.903683966020253e-08,
scripts\PredicciónImágenes\Nodules\00022585_000.png,chest_xray,1.0,True,1.0,1.8189200146068174e-09,
scripts\PredicciónImágenes\Nodules\00009826_000.png,chest_xray,1.0,True,1.0,3.853750651927612e-11,
scripts\PredicciónImágenes\Nodules\00026412_011.png,chest_xray,1.0,True,1.0,1.874934207890533e-09,
scripts\PredicciónImágenes\Nodules\00025394_001.png,chest_xray,1.0,True,1.0,1.4595702424458068e-10,
scripts\PredicciónImágenes\Nodules\00006605_031.png,chest_xray,1.0,True,1.0,5.588942642020811e-09,
scripts\PredicciónImágenes\Nodules\00006764_003.png,chest_xray,1.0,True,1.0,3.8604307250889036e-11,
scripts\PredicciónImágenes\Nodules\00017747_034.png,chest_xray,0.9999998807907104,True,0.9999998807907104,1.1260988230787916e-07,
scripts\PredicciónImágenes\Nodules\00016539_000.png,chest_xray,1.0,True,1.0,6.900501503537271e-09,
scripts\PredicciónImágenes\Nodules\00014452_003.png,chest_xray,1.0,True,1.0,1.340726418774807e-10,
scripts\PredicciónImágenes\Nodules\00013346_019.png,chest_xray,1.0,True,1.0,2.3615639999086113e-10,
scripts\PredicciónImágenes\Nodules\00001082_002.png,chest_xray,1.0,True,1.0,3.6624687282937884e-08,
scripts\PredicciónImágenes\Nodules\00002326_001.png,chest_xray,1.0,True,1.0,2.6242554795885553e-09,
scripts\PredicciónImágenes\Nodules\00005777_003.png,chest_xray,1.0,True,1.0,1.0389182569792155e-10,
scripts\PredicciónImágenes\Nodules\00007017_009.png,chest_xray,1.0,True,1.0,2.0521763108294344e-11,
scripts\PredicciónImágenes\Nodules\00009690_002.png,chest_xray,1.0,True,1.0,3.0844441584187976e-11,
scripts\PredicciónImágenes\Nodules\00012339_000.png,chest_xray,1.0,True,1.0,6.981505082164982e-14,
scripts\PredicciónImágenes\Nodules\00012531_000.png,chest_xray,1.0,True,1.0,5.580548467776225e-09,
scripts\PredicciónImágenes\Nodules\00020092_000.png,chest_xray,1.0,True,1.0,1.1070032390758655e-10,
scripts\PredicciónImágenes\Nodules\00012800_000.png,chest_xray,1.0,True,1.0,1.167430707660344e-09,
scripts\PredicciónImágenes\Nodules\00008008_000.png,chest_xray,1.0,True,1.0,3.574650020432557e-10,
scripts\PredicciónImágenes\Nodules\00002028_000.png,chest_xray,1.0,True,1.0,1.7283480202578971e-09,
scripts\PredicciónImágenes\Nodules\00011832_000.png,chest_xray,1.0,True,1.0,2.841111373941274e-11,
scripts\PredicciónImágenes\Nodules\00028429_001.png,chest_xray,0.9999997615814209,True,0.9999997615814209,2.695888667858526e-07,
scripts\PredicciónImágenes\Nodules\00029313_001.png,chest_xray,1.0,True,1.0,5.10862142519275e-12,
scripts\PredicciónImágenes\Nodules\00005722_055.png,chest_xray,0.9999996423721313,True,0.9999996423721313,3.1786964882485336e-07,
scripts\PredicciónImágenes\Nodules\00003455_001.png,chest_xray,1.0,True,1.0,2.197059867370399e-09,
scripts\PredicciónImágenes\Nodules\00006425_001.png,chest_xray,1.0,True,1.0,2.2170649316421986e-08,
scripts\PredicciónImágenes\Nodules\00011178_012.png,chest_xray,1.0,True,1.0,3.638550832157916e-12,
scripts\PredicciónImágenes\Nodules\00021970_000.png,chest_xray,1.0,True,1.0,4.262685256856136e-12,
scripts\PredicciónImágenes\Nodules\00017455_000.png,chest_xray,1.0,True,1.0,1.5553945631463506e-10,
scripts\PredicciónImágenes\Nodules\00018296_000.png,chest_xray,1.0,True,1.0,8.798922701558354e-11,
scripts\PredicciónImágenes\Nodules\00019396_001.png,chest_xray,1.0,True,1.0,1.8442955496134061e-10,
scripts\PredicciónImágenes\Nodules\00014890_000.png,chest_xray,1.0,True,1.0,1.8006569542719508e-12,
scripts\PredicciónImágenes\Nodules\00022208_005.png,chest_xray,1.0,True,1.0,9.314282678474228e-10,
scripts\PredicciónImágenes\Nodules\00026833_001.png,chest_xray,1.0,True,1.0,3.200923692769919e-10,
scripts\PredicciónImágenes\Nodules\00001504_014.png,chest_xray,0.9999985694885254,True,0.9999985694885254,1.4864521062918357e-06,
scripts\PredicciónImágenes\Nodules\00018126_016.png,chest_xray,0.9999961853027344,True,0.9999961853027344,3.849014774459647e-06,
scripts\PredicciónImágenes\Nodules\00026469_002.png,chest_xray,1.0,True,1.0,3.208761922834924e-09,
scripts\PredicciónImágenes\Nodules\00015792_000.png,chest_xray,1.0,True,1.0,5.7182206018857595e-12,
scripts\PredicciónImágenes\Nodules\00020163_000.png,chest_xray,1.0,True,1.0,2.636905450936755e-12,
scripts\PredicciónImágenes\Nodules\00028774_012.png,chest_xray,0.9999998807907104,True,0.9999998807907104,1.6909486078020564e-07,
scripts\PredicciónImágenes\Nodules\00021251_002.png,chest_xray,1.0,True,1.0,3.014732241624074e-09,
scripts\PredicciónImágenes\Nodules\00008543_000.png,chest_xray,1.0,True,1.0,1.7183888860461405e-12,
scripts\PredicciónImágenes\Nodules\00012156_000.png,chest_xray,1.0,True,1.0,1.0926792456955603e-11,
scripts\PredicciónImágenes\Nodules\00000459_017.png,chest_xray,0.9999970197677612,True,0.9999970197677612,3.0193314159987494e-06,
scripts\PredicciónImágenes\Nodules\00002194_000.png,chest_xray,0.9999998807907104,True,0.9999998807907104,7.617270370019469e-08,
scripts\PredicciónImágenes\Nodules\00018029_002.png,chest_xray,1.0,True,1.0,1.0569910918745151e-10,
scripts\PredicciónImágenes\Nodules\00016167_007.png,chest_xray,1.0,True,1.0,7.177846095274276e-10,
scripts\PredicciónImágenes\Nodules\00026860_000.png,chest_xray,1.0,True,1.0,3.9140201496534743e-11,
scripts\PredicciónImágenes\Nodules\00023309_009.png,chest_xray,1.0,True,1.0,1.4109310941812225e-11,
scripts\PredicciónImágenes\Nodules\00011456_000.png,chest_xray,1.0,True,1.0,6.625463198906001e-12,
scripts\PredicciónImágenes\Nodules\00013118_001.png,chest_xray,1.0,True,1.0,3.0450442514706744e-12,
scripts\PredicciónImágenes\Nodules\00020277_002.png,chest_xray,1.0,True,1.0,7.177244354394929e-10,
scripts\PredicciónImágenes\Nodules\00020967_001.png,chest_xray,1.0,True,1.0,1.0726865229404581e-10,
scripts\PredicciónImágenes\Nodules\00011896_008.png,chest_xray,1.0,True,1.0,1.034567397029118e-11,
scripts\PredicciónImágenes\Nodules\00015421_000.png,chest_xray,1.0,True,1.0,2.3543207314236092e-12,
scripts\PredicciónImágenes\Nodules\00021403_002.png,chest_xray,1.0,True,1.0,9.56410728392143e-10,
scripts\PredicciónImágenes\Nodules\00028201_000.png,chest_xray,0.9999929666519165,True,0.9999929666519165,7.032591383904219e-06,
scripts\PredicciónImágenes\Nodules\00002727_000.png,chest_xray,1.0,True,1.0,3.6013105692012104e-11,
scripts\PredicciónImágenes\Nodules\00014203_033.png,chest_xray,1.0,True,1.0,3.724517583236775e-08,
scripts\PredicciónImágenes\Nodules\00014028_001.png,chest_xray,1.0,True,1.0,5.4378841707336534e-11,
scripts\PredicciónImágenes\Nodules\00013342_000.png,chest_xray,1.0,True,1.0,1.6893642040827217e-09,
scripts\PredicciónImágenes\Nodules\00005124_000.png,chest_xray,1.0,True,1.0,4.687558934762803e-12,
scripts\PredicciónImágenes\Nodules\00008230_030.png,chest_xray,1.0,True,1.0,3.7271147279582806e-10,
scripts\PredicciónImágenes\Nodules\00008158_000.png,chest_xray,1.0,True,1.0,2.795358666762837e-10,
scripts\PredicciónImágenes\Nodules\00008951_001.png,chest_xray,1.0,True,1.0,3.935744785632522e-11,
scripts\PredicciónImágenes\Nodules\00017747_027.png,chest_xray,1.0,True,1.0,4.111980755894251e-10,
scripts\PredicciónImágenes\Nodules\00001772_001.png,chest_xray,1.0,True,1.0,2.588859437935298e-08,
scripts\PredicciónImágenes\Nodules\00013655_003.png,chest_xray,1.0,True,1.0,6.067196745007664e-11,
scripts\PredicciónImágenes\Nodules\00007703_000.png,chest_xray,1.0,True,1.0,7.767958233031655e-14,
scripts\PredicciónImágenes\Nodules\00011091_001.png,chest_xray,1.0,True,1.0,3.914419244473166e-13,
scripts\PredicciónImágenes\Nodules\00028923_001.png,chest_xray,1.0,True,1.0,1.9011710261640502e-10,
scripts\PredicciónImágenes\Nodules\00003973_000.png,chest_xray,1.0,True,1.0,4.73522234756274e-08,
scripts\PredicciónImágenes\Nodules\00027466_003.png,chest_xray,1.0,True,1.0,2.4253377972627277e-08,
scripts\PredicciónImágenes\Nodules\00021942_016.png,chest_xray,1.0,True,1.0,2.640795138120211e-09,
scripts\PredicciónImágenes\Nodules\00013674_000.png,chest_xray,1.0,True,1.0,8.036134951927565e-11,
scripts\PredicciónImágenes\Nodules\00016896_010.png,chest_xray,1.0,True,1.0,5.3235086477920746e-11,
scripts\PredicciónImágenes\Nodules\00022065_020.png,chest_xray,0.9999984502792358,True,0.9999984502792358,1.5673373354729847e-06,
scripts\PredicciónImágenes\Nodules\00022520_003.png,chest_xray,1.0,True,1.0,7.713456609548253e-12,
scripts\PredicciónImágenes\Nodules\00014735_001.png,chest_xray,1.0,True,1.0,4.0609132723190555e-10,
scripts\PredicciónImágenes\Nodules\00018028_000.png,chest_xray,1.0,True,1.0,1.7428598841906506e-10,
scripts\PredicciónImágenes\Nodules\00019124_018.png,chest_xray,1.0,True,1.0,3.232289813581701e-08,
scripts\PredicciónImágenes\Nodules\00014567_002.png,chest_xray,1.0,True,1.0,3.8072260621913045e-11,
scripts\PredicciónImágenes\Nodules\00001722_008.png,chest_xray,1.0,True,1.0,7.383330835608604e-09,
scripts\PredicciónImágenes\Nodules\00022470_012.png,chest_xray,0.9999998807907104,True,0.9999998807907104,9.524066513222351e-08,
scripts\PredicciónImágenes\Nodules\00030541_000.png,chest_xray,1.0,True,1.0,1.802938874584381e-12,
scripts\PredicciónImágenes\Nodules\00017599_004.png,chest_xray,1.0,True,1.0,3.640026335904878e-10,
scripts\PredicciónImágenes\Nodules\00016486_020.png,chest_xray,1.0,True,1.0,2.9914597465818815e-09,
scripts\PredicciónImágenes\Nodules\00010980_000.png,chest_xray,1.0,True,1.0,1.1576002309499067e-11,
scripts\PredicciónImágenes\Nodules\00014190_000.png,chest_xray,1.0,True,1.0,7.271593808859389e-13,
scripts\PredicciónImágenes\Nodules\00020725_004.png,chest_xray,1.0,True,1.0,1.351410736788461e-12,
scripts\PredicciónImágenes\Nodules\00020472_001.png,chest_xray,1.0,True,1.0,3.653255475910555e-10,
scripts\PredicciónImágenes\Nodules\00013990_000.png,chest_xray,1.0,True,1.0,1.793532544702714e-10,
scripts\PredicciónImágenes\Nodules\00010458_004.png,chest_xray,1.0,True,1.0,5.146818526924335e-10,
scripts\PredicciónImágenes\Nodules\00000105_004.png,chest_xray,1.0,True,1.0,2.5227027578011985e-08,
scripts\PredicciónImágenes\Nodules\00018126_028.png,chest_xray,0.9999992847442627,True,0.9999992847442627,6.917054520272359e-07,
scripts\PredicciónImágenes\Nodules\00021494_007.png,chest_xray,1.0,True,1.0,7.038373439627321e-09,
scripts\PredicciónImágenes\Nodules\00019466_003.png,chest_xray,0.9999998807907104,True,0.9999998807907104,7.501120791175708e-08,
scripts\PredicciónImágenes\Nodules\00029943_010.png,chest_xray,1.0,True,1.0,2.9563174824831506e-11,
scripts\PredicciónImágenes\Nodules\00019124_064.png,chest_xray,0.9999994039535522,True,0.9999994039535522,5.771121323050465e-07,
scripts\PredicciónImágenes\Nodules\00015074_000.png,chest_xray,1.0,True,1.0,2.396507992052932e-10,
scripts\PredicciónImágenes\Nodules\00016166_006.png,chest_xray,1.0,True,1.0,4.288273292019085e-09,
scripts\PredicciónImágenes\Nodules\00012891_009.png,chest_xray,1.0,True,1.0,4.3909064752212235e-12,
scripts\PredicciónImágenes\Nodules\00018652_003.png,chest_xray,1.0,True,1.0,1.8788326450192017e-09,
scripts\PredicciónImágenes\Nodules\00020471_001.png,chest_xray,1.0,True,1.0,2.0046702076115253e-09,
scripts\PredicciónImágenes\Nodules\00025714_000.png,chest_xray,1.0,True,1.0,3.273520621238646e-10,
scripts\PredicciónImágenes\Nodules\00016291_050.png,chest_xray,1.0,True,1.0,1.7896003567940966e-09,
scripts\PredicciónImágenes\Nodules\00008386_002.png,chest_xray,1.0,True,1.0,3.7201899893979373e-10,
scripts\PredicciónImágenes\Nodules\00020491_001.png,chest_xray,1.0,True,1.0,1.6285548465333477e-09,
scripts\PredicciónImágenes\Nodules\00020197_004.png,chest_xray,1.0,True,1.0,1.6440934724748502e-10,
scripts\PredicciónImágenes\Nodules\00011966_003.png,chest_xray,1.0,True,1.0,4.097405081893157e-09,
scripts\PredicciónImágenes\Nodules\00022138_000.png,chest_xray,1.0,True,1.0,4.749146631510826e-10,
scripts\PredicciónImágenes\Nodules\00009397_013.png,chest_xray,1.0,True,1.0,8.508691147490755e-12,
scripts\PredicciónImágenes\Nodules\00012831_000.png,chest_xray,1.0,True,1.0,4.262071806593326e-10,
scripts\PredicciónImágenes\Nodules\00017549_000.png,chest_xray,1.0,True,1.0,2.23688206846262e-10,
scripts\PredicciónImágenes\Nodules\00012461_000.png,chest_xray,1.0,True,1.0,2.210340938058053e-10,
scripts\PredicciónImágenes\Nodules\00026713_007.png,chest_xray,0.9999970197677612,True,0.9999970197677612,2.945144615296158e-06,
scripts\PredicciónImágenes\Nodules\00001836_114.png,chest_xray,1.0,True,1.0,7.289730596937716e-09,
scripts\PredicciónImágenes\Nodules\00013542_000.png,chest_xray,1.0,True,1.0,5.697650129476983e-10,
scripts\PredicciónImágenes\Nodules\00014663_018.png,chest_xray,1.0,True,1.0,1.4926106184365295e-10,
scripts\PredicciónImágenes\Nodules\00022119_000.png,chest_xray,1.0,True,1.0,1.6143286707404059e-09,
scripts\PredicciónImágenes\Nodules\00016280_000.png,chest_xray,1.0,True,1.0,2.106017617242717e-11,
scripts\PredicciónImágenes\Nodules\00014438_003.png,chest_xray,1.0,True,1.0,1.7168180765914087e-10,
scripts\PredicciónImágenes\Nodules\00012404_001.png,chest_xray,1.0,True,1.0,3.836546913493777e-10,
scripts\PredicciónImágenes\Nodules\00006926_001.png,chest_xray,1.0,True,1.0,9.720256544110129e-11,
scripts\PredicciónImágenes\Nodules\00028774_000.png,chest_xray,0.9999998807907104,True,0.9999998807907104,1.2498583146225428e-07,
scripts\PredicciónImágenes\Nodules\00006926_000.png,chest_xray,1.0,True,1.0,2.4846222301810883e-10,
scripts\PredicciónImágenes\Nodules\00026287_008.png,chest_xray,1.0,True,1.0,1.7498714977026708e-10,
scripts\PredicciónImágenes\Nodules\00010720_001.png,chest_xray,1.0,True,1.0,1.4181362750775861e-09,
scripts\PredicciónImágenes\Nodules\00015649_001.png,chest_xray,1.0,True,1.0,1.1898705354340677e-09,
scripts\PredicciónImágenes\Nodules\00002264_000.png,chest_xray,1.0,True,1.0,1.7306323041310634e-11,
scripts\PredicciónImágenes\Nodules\00010198_013.png,chest_xray,1.0,True,1.0,3.971659445767273e-09,
scripts\PredicciónImágenes\Nodules\00014536_001.png,chest_xray,1.0,True,1.0,1.346753958353375e-11,
scripts\PredicciónImágenes\Nodules\00018107_000.png,chest_xray,1.0,True,1.0,1.3741771054398555e-09,
scripts\PredicciónImágenes\Nodules\00020166_002.png,chest_xray,1.0,True,1.0,1.1219600803968888e-09,
scripts\PredicciónImágenes\Nodules\00007366_000.png,chest_xray,1.0,True,1.0,4.595700989901141e-12,
scripts\PredicciónImágenes\Nodules\00013670_033.png,chest_xray,0.9999997615814209,True,0.9999997615814209,2.4582516289228806e-07,
scripts\PredicciónImágenes\Nodules\00014129_010.png,chest_xray,1.0,True,1.0,5.858191536034507e-12,
scripts\PredicciónImágenes\Nodules\00027042_000.png,chest_xray,1.0,True,1.0,1.1750372896912609e-09,
scripts\PredicciónImágenes\Nodules\00012156_002.png,chest_xray,1.0,True,1.0,1.3622911826383088e-11,
scripts\PredicciónImágenes\Nodules\00020393_001.png,chest_xray,1.0,True,1.0,8.086386560357539e-10,
scripts\PredicciónImágenes\Nodules\00018052_009.png,chest_xray,1.0,True,1.0,2.0182756799158597e-08,
scripts\PredicciónImágenes\Nodules\00021672_000.png,chest_xray,0.9999998807907104,True,0.9999998807907104,1.6668521141127712e-07,
scripts\PredicciónImágenes\Nodules\00027156_000.png,chest_xray,1.0,True,1.0,2.2427530943502916e-09,
scripts\PredicciónImágenes\Nodules\00029207_000.png,chest_xray,1.0,True,1.0,6.109096561957017e-10,
scripts\PredicciónImágenes\Nodules\00007209_001.png,chest_xray,1.0,True,1.0,3.514757387045042e-13,
scripts\PredicciónImágenes\Nodules\00016550_018.png,chest_xray,1.0,True,1.0,6.810793595768416e-11,
scripts\PredicciónImágenes\Nodules\00009259_000.png,chest_xray,1.0,True,1.0,1.4801188052970815e-11,
scripts\PredicciónImágenes\Nodules\00025085_000.png,chest_xray,1.0,True,1.0,5.649615886227366e-09,
scripts\PredicciónImágenes\Nodules\00010771_003.png,chest_xray,1.0,True,1.0,6.255958251433213e-11,
scripts\PredicciónImágenes\Nodules\00020405_019.png,chest_xray,1.0,True,1.0,6.641259764350593e-10,
scripts\PredicciónImágenes\Nodules\00009690_001.png,chest_xray,1.0,True,1.0,2.8381855088355223e-08,
scripts\PredicciónImágenes\Nodules\00011963_004.png,chest_xray,1.0,True,1.0,3.1608481023542856e-12,
scripts\PredicciónImágenes\Nodules\00006699_016.png,chest_xray,1.0,True,1.0,6.478017566813321e-10,
scripts\PredicciónImágenes\Nodules\00013490_001.png,chest_xray,1.0,True,1.0,8.642065951747213e-10,
scripts\PredicciónImágenes\Nodules\00026004_007.png,chest_xray,0.9999994039535522,True,0.9999994039535522,5.719676892113057e-07,
scripts\PredicciónImágenes\Nodules\00009758_000.png,chest_xray,1.0,True,1.0,1.0057098383253749e-11,
scripts\PredicciónImágenes\Nodules\00004214_000.png,chest_xray,1.0,True,1.0,2.3142622540550661e-10,
scripts\PredicciónImágenes\Nodules\00029891_000.png,chest_xray,0.9999988079071045,True,0.9999988079071045,1.1911175761269988e-06,
scripts\PredicciónImágenes\Nodules\00006446_004.png,chest_xray,1.0,True,1.0,1.243246894322425e-10,
scripts\PredicciónImágenes\Nodules\00030338_002.png,chest_xray,0.9999998807907104,True,0.9999998807907104,1.1507933095344924e-07,
scripts\PredicciónImágenes\Nodules\00020269_002.png,chest_xray,1.0,True,1.0,2.7835063143299976e-09,
scripts\PredicciónImágenes\Nodules\00014695_006.png,chest_xray,1.0,True,1.0,6.271408947711166e-10,
scripts\PredicciónImágenes\Nodules\00009168_002.png,chest_xray,1.0,True,1.0,2.239588653418778e-10,
scripts\PredicciónImágenes\Nodules\00002544_000.png,chest_xray,1.0,True,1.0,3.6222667226804006e-11,
scripts\PredicciónImágenes\Nodules\00004436_004.png,chest_xray,1.0,True,1.0,1.540833061142166e-08,
scripts\PredicciónImágenes\Nodules\00005218_020.png,chest_xray,0.9999998807907104,True,0.9999998807907104,6.001508978670245e-08,
scripts\PredicciónImágenes\Nodules\00006471_002.png,chest_xray,1.0,True,1.0,1.5495825733680135e-09,
scripts\PredicciónImágenes\Nodules\00017089_009.png,chest_xray,1.0,True,1.0,3.4944486193566604e-10,
scripts\PredicciónImágenes\Nodules\00019417_003.png,chest_xray,1.0,True,1.0,2.5999001562748703e-11,
scripts\PredicciónImágenes\Nodules\00025150_011.png,chest_xray,1.0,True,1.0,1.3036771662200408e-10,
scripts\PredicciónImágenes\Nodules\00020436_004.png,chest_xray,1.0,True,1.0,4.7853609963510735e-11,
scripts\PredicciónImágenes\Nodules\00005799_000.png,chest_xray,1.0,True,1.0,1.7860248002765644e-11,
scripts\PredicciónImágenes\Nodules\00001722_001.png,chest_xray,1.0,True,1.0,5.084074938821459e-09,
scripts\PredicciónImágenes\Nodules\00028763_000.png,chest_xray,1.0,True,1.0,4.224617100589967e-09,
scripts\PredicciónImágenes\Nodules\00019124_089.png,chest_xray,1.0,True,1.0,3.1501397046440616e-09,
scripts\PredicciónImágenes\Nodules\00024454_000.png,chest_xray,1.0,True,1.0,2.9242226695647133e-11,
scripts\PredicciónImágenes\Nodules\00011821_002.png,chest_xray,0.9999998807907104,True,0.9999998807907104,6.683454500944208e-08,
scripts\PredicciónImágenes\Nodules\00015600_000.png,chest_xray,1.0,True,1.0,4.5289888506161446e-10,
scripts\PredicciónImágenes\Nodules\00009019_001.png,chest_xray,1.0,True,1.0,1.6739026831302795e-11,
scripts\PredicciónImágenes\Nodules\00027560_000.png,chest_xray,1.0,True,1.0,1.0584482179609722e-09,
scripts\PredicciónImágenes\Nodules\00020539_002.png,chest_xray,1.0,True,1.0,2.455750602869955e-10,
scripts\PredicciónImágenes\Nodules\00008620_003.png,chest_xray,0.9999997615814209,True,0.9999997615814209,2.208451519436494e-07,
scripts\PredicciónImágenes\Nodules\00010103_014.png,chest_xray,1.0,True,1.0,5.841536282469306e-11,
scripts\PredicciónImágenes\Nodules\00020735_000.png,chest_xray,1.0,True,1.0,3.6980396522778847e-10,
scripts\PredicciónImágenes\Nodules\00015401_000.png,chest_xray,1.0,True,1.0,1.1598406696872177e-12,
scripts\PredicciónImágenes\Nodules\00021980_000.png,chest_xray,1.0,True,1.0,1.4416077706580488e-11,
scripts\PredicciónImágenes\Nodules\00022054_000.png,chest_xray,1.0,True,1.0,1.733093182854084e-11,
scripts\PredicciónImágenes\Nodules\00006721_000.png,chest_xray,1.0,True,1.0,2.369693677395368e-11,
scripts\PredicciónImágenes\Nodules\00012704_015.png,chest_xray,1.0,True,1.0,4.988106039327533e-10,
scripts\PredicciónImágenes\Nodules\00013655_005.png,chest_xray,1.0,True,1.0,1.5875549486121798e-10,
scripts\PredicciónImágenes\Nodules\00007670_046.png,chest_xray,1.0,True,1.0,3.4321712139018246e-10,
scripts\PredicciónImágenes\Nodules\00014567_004.png,chest_xray,1.0,True,1.0,3.7652272966148814e-10,
scripts\PredicciónImágenes\Nodules\00016052_010.png,chest_xray,1.0,True,1.0,9.117082783172137e-11,
scripts\PredicciónImágenes\Nodules\00010053_000.png,chest_xray,1.0,True,1.0,1.024149406773922e-12,
scripts\PredicciónImágenes\Nodules\00030726_000.png,chest_xray,1.0,True,1.0,1.2574953522914711e-08,
scripts\PredicciónImágenes\Nodules\00001278_004.png,chest_xray,1.0,True,1.0,1.978314734252251e-11,
scripts\PredicciónImágenes\Nodules\00003061_000.png,chest_xray,1.0,True,1.0,7.593194129018599e-11,
scripts\PredicciónImágenes\Nodules\00019124_047.png,chest_xray,1.0,True,1.0,2.2354671447288865e-09,
scripts\PredicciónImágenes\Nodules\00029891_001.png,chest_xray,0.999998927116394,True,0.999998927116394,1.0843513109648484e-06,
scripts\PredicciónImágenes\Nodules\00002919_006.png,chest_xray,1.0,True,1.0,5.324824137176165e-09,
scripts\PredicciónImágenes\Nodules\00003654_000.png,chest_xray,1.0,True,1.0,4.258301489201699e-10,
scripts\PredicciónImágenes\Nodules\00015108_007.png,chest_xray,1.0,True,1.0,1.5819130944408344e-12,
scripts\PredicciónImágenes\Nodules\00027957_004.png,chest_xray,1.0,True,1.0,2.66651062341694e-10,
scripts\PredicciónImágenes\Nodules\00005563_001.png,chest_xray,1.0,True,1.0,2.9169808929419005e-11,
scripts\PredicciónImágenes\Nodules\00013868_000.png,chest_xray,1.0,True,1.0,4.0428288494709363e-10,
scripts\PredicciónImágenes\Nodules\00025332_000.png,chest_xray,1.0,True,1.0,1.9402811302082767e-10,
scripts\PredicciónImágenes\Nodules\00029105_027.png,chest_xray,1.0,True,1.0,1.0808920425375845e-09,
scripts\PredicciónImágenes\Nodules\00013937_010.png,chest_xray,1.0,True,1.0,1.06837615143629e-10,
scripts\PredicciónImágenes\Nodules\00017698_001.png,chest_xray,1.0,True,1.0,1.184261716469237e-10,
scripts\PredicciónImágenes\Nodules\00008259_001.png,chest_xray,1.0,True,1.0,3.3368882657036636e-10,
scripts\PredicciónImágenes\Nodules\00010905_014.png,chest_xray,1.0,True,1.0,5.174413415104384e-12,
scripts\PredicciónImágenes\Nodules\00017799_000.png,chest_xray,1.0,True,1.0,1.0018175525261519e-11,
scripts\PredicciónImágenes\Nodules\00003589_000.png,chest_xray,1.0,True,1.0,1.939657635896541e-12,
scripts\PredicciónImágenes\Nodules\00014596_002.png,chest_xray,1.0,True,1.0,5.393456861679802e-11,
scripts\PredicciónImágenes\Nodules\00020277_003.png,chest_xray,1.0,True,1.0,1.29171413149054e-11,
scripts\PredicciónImágenes\Nodules\00025213_000.png,chest_xray,1.0,True,1.0,2.0497441244327064e-10,
scripts\PredicciónImágenes\Nodules\00027897_000.png,chest_xray,1.0,True,1.0,1.5722416701891007e-09,
scripts\PredicciónImágenes\Nodules\00000711_008.png,chest_xray,1.0,True,1.0,2.917388552958755e-10,
scripts\PredicciónImágenes\Nodules\00009309_001.png,chest_xray,1.0,True,1.0,4.992843638529365e-11,
scripts\PredicciónImágenes\Nodules\00013081_000.png,chest_xray,1.0,True,1.0,1.0923609933266576e-10,
scripts\PredicciónImágenes\Nodules\00006925_000.png,chest_xray,1.0,True,1.0,7.650106936818446e-11,
scripts\PredicciónImágenes\Nodules\00023033_012.png,chest_xray,1.0,True,1.0,1.5308122824908565e-11,
scripts\PredicciónImágenes\Nodules\00004279_000.png,chest_xray,1.0,True,1.0,8.058026468305002e-10,
scripts\PredicciónImágenes\Nodules\00000714_001.png,chest_xray,1.0,True,1.0,9.522741102607757e-12,
scripts\PredicciónImágenes\Nodules\00012834_032.png,chest_xray,0.9999988079071045,True,0.9999988079071045,1.151846731772821e-06,
scripts\PredicciónImágenes\Nodules\00020047_001.png,chest_xray,1.0,True,1.0,1.1821132961387093e-10,
scripts\PredicciónImágenes\Nodules\00012773_000.png,chest_xray,1.0,True,1.0,1.8475258215661094e-12,
scripts\PredicciónImágenes\Nodules\00012640_023.png,chest_xray,1.0,True,1.0,5.401633584867227e-10,
scripts\PredicciónImágenes\Nodules\00000361_000.png,chest_xray,1.0,True,1.0,1.5520072726982193e-10,
scripts\PredicciónImágenes\Nodules\00001322_001.png,chest_xray,1.0,True,1.0,6.416021491872925e-09,
scripts\PredicciónImágenes\Nodules\00005061_000.png,chest_xray,1.0,True,1.0,6.043525679899631e-09,
scripts\PredicciónImágenes\Nodules\00011587_011.png,chest_xray,1.0,True,1.0,3.6571825567932592e-09,
scripts\PredicciónImágenes\Nodules\00027973_000.png,chest_xray,1.0,True,1.0,8.953639045461426e-12,
scripts\PredicciónImágenes\Nodules\00028354_000.png,chest_xray,1.0,True,1.0,6.669265584235973e-09,
scripts\PredicciónImágenes\Nodules\00002723_009.png,chest_xray,1.0,True,1.0,1.0898532076808465e-10,
scripts\PredicciónImágenes\Nodules\00012659_019.png,chest_xray,1.0,True,1.0,7.822600345264163e-10,
scripts\PredicciónImágenes\Nodules\00020393_008.png,chest_xray,1.0,True,1.0,2.79848633155666e-09,
scripts\PredicciónImágenes\Nodules\00001722_000.png,chest_xray,1.0,True,1.0,1.7899843066104815e-11,
scripts\PredicciónImágenes\Nodules\00018587_003.png,chest_xray,0.9999998807907104,True,0.9999998807907104,6.245713990438162e-08,
scripts\PredicciónImágenes\Nodules\00010814_005.png,chest_xray,1.0,True,1.0,3.898809275426629e-09,
scripts\PredicciónImágenes\Nodules\00020194_000.png,chest_xray,1.0,True,1.0,6.167115429445147e-11,
scripts\PredicciónImágenes\Nodules\00030023_004.png,chest_xray,1.0,True,1.0,4.268121966966021e-11,
scripts\PredicciónImágenes\Nodules\00007090_001.png,chest_xray,1.0,True,1.0,1.2979471719631874e-08,
scripts\PredicciónImágenes\Nodules\00027478_005.png,chest_xray,1.0,True,1.0,5.95425708738162e-09,
scripts\PredicciónImágenes\Nodules\00007812_000.png,chest_xray,1.0,True,1.0,7.962290549112794e-11,
scripts\PredicciónImágenes\Nodules\00025447_000.png,chest_xray,1.0,True,1.0,2.5055891389458296e-11,
scripts\PredicciónImágenes\Nodules\00023168_001.png,chest_xray,1.0,True,1.0,4.41973346809732e-09,
scripts\PredicciónImágenes\Nodules\00011270_000.png,chest_xray,1.0,True,1.0,3.967597084209018e-11,
scripts\PredicciónImágenes\Nodules\00029134_000.png,chest_xray,1.0,True,1.0,5.878706410555878e-09,
scripts\PredicciónImágenes\Nodules\00007268_000.png,chest_xray,1.0,True,1.0,3.124924624620107e-11,
scripts\PredicciónImágenes\Nodules\00014948_006.png,chest_xray,1.0,True,1.0,2.946108079715515e-10,
scripts\PredicciónImágenes\Nodules\00008152_000.png,chest_xray,1.0,True,1.0,2.2117958853318243e-10,
scripts\PredicciónImágenes\Nodules\00016561_002.png,chest_xray,1.0,True,1.0,6.131568031086942e-10,
scripts\PredicciónImágenes\Nodules\00015377_001.png,chest_xray,1.0,True,1.0,1.521868915610458e-11,
scripts\PredicciónImágenes\Nodules\00025368_008.png,chest_xray,1.0,True,1.0,2.5520390245503677e-09,
scripts\PredicciónImágenes\Nodules\00030206_007.png,chest_xray,1.0,True,1.0,1.991941012136067e-08,
scripts\PredicciónImágenes\Nodules\00030234_001.png,chest_xray,1.0,True,1.0,1.6307033945395233e-08,
scripts\PredicciónImágenes\Nodules\00003528_003.png,chest_xray,1.0,True,1.0,1.0151338970809665e-11,
scripts\PredicciónImágenes\Nodules\00009021_003.png,chest_xray,1.0,True,1.0,1.3353484984435227e-11,
scripts\PredicciónImágenes\Nodules\00012242_000.png,chest_xray,1.0,True,1.0,1.1153420409470982e-08,
scripts\PredicciónImágenes\Nodules\00018145_002.png,chest_xray,1.0,True,1.0,3.611499710398647e-10,
scripts\PredicciónImágenes\Nodules\00012652_000.png,chest_xray,1.0,True,1.0,1.399101057231178e-09,
scripts\PredicciónImágenes\Nodules\00012520_014.png,chest_xray,1.0,True,1.0,7.730074219614025e-11,
scripts\PredicciónImágenes\Nodules\00023164_000.png,chest_xray,1.0,True,1.0,4.620000382260514e-09,
scripts\PredicciónImágenes\Nodules\00016685_002.png,chest_xray,0.9999994039535522,True,0.9999994039535522,5.607743105429108e-07,
scripts\PredicciónImágenes\Nodules\00016986_013.png,chest_xray,1.0,True,1.0,3.3992386683223685e-10,
scripts\PredicciónImágenes\Nodules\00002288_012.png,chest_xray,1.0,True,1.0,1.6141307734862664e-10,
scripts\PredicciónImágenes\Nodules\00008275_002.png,chest_xray,1.0,True,1.0,2.3273751814656407e-09,
scripts\PredicciónImágenes\Nodules\00012716_003.png,chest_xray,1.0,True,1.0,7.472290147747529e-12,
scripts\PredicciónImágenes\Nodules\00013951_001.png,chest_xray,1.0,True,1.0,1.0504366473873539e-11,
scripts\PredicciónImágenes\Nodules\00017365_000.png,chest_xray,1.0,True,1.0,1.5613912072998115e-12,
scripts\PredicciónImágenes\Nodules\00028589_004.png,chest_xray,1.0,True,1.0,1.0960362478718011e-10,
scripts\PredicciónImágenes\Nodules\00025707_000.png,chest_xray,1.0,True,1.0,4.007790543880674e-09,
scripts\PredicciónImágenes\Nodules\00029579_006.png,chest_xray,0.9999998807907104,True,0.9999998807907104,1.5397701247366058e-07,
scripts\PredicciónImágenes\Nodules\00005218_028.png,chest_xray,1.0,True,1.0,1.1255695264722476e-09,
scripts\PredicciónImágenes\Nodules\00018710_000.png,chest_xray,1.0,True,1.0,8.881284596640171e-12,
scripts\PredicciónImágenes\Nodules\00017272_000.png,chest_xray,1.0,True,1.0,9.522532762318292e-10,
scripts\PredicciónImágenes\Nodules\00015443_001.png,chest_xray,1.0,True,1.0,5.004577915274089e-12,
scripts\PredicciónImágenes\Nodules\00025360_000.png,chest_xray,1.0,True,1.0,6.76812425548512e-11,
scripts\PredicciónImágenes\Nodules\00002204_001.png,chest_xray,1.0,True,1.0,1.4110764640085094e-11,
scripts\PredicciónImágenes\Nodules\00012930_000.png,chest_xray,1.0,True,1.0,5.199954355994407e-10,
scripts\PredicciónImágenes\Nodules\00025368_017.png,chest_xray,1.0,True,1.0,2.2669738308778165e-10,
scripts\PredicciónImágenes\Nodules\00022093_001.png,chest_xray,1.0,True,1.0,1.7420331843709391e-09,
scripts\PredicciónImágenes\Nodules\00019624_003.png,chest_xray,1.0,True,1.0,4.668166408983154e-10,
scripts\PredicciónImágenes\Nodules\00005666_003.png,chest_xray,1.0,True,1.0,8.530307016307859e-11,
scripts\PredicciónImágenes\Nodules\00019894_024.png,chest_xray,1.0,True,1.0,1.3772201434836262e-10,
scripts\PredicciónImágenes\Nodules\00001031_000.png,chest_xray,1.0,True,1.0,2.4567518158713497e-11,
scripts\PredicciónImágenes\Nodules\00001528_003.png,chest_xray,1.0,True,1.0,1.2869175725072068e-09,
scripts\PredicciónImágenes\Nodules\00015851_000.png,chest_xray,1.0,True,1.0,2.1023894430927115e-11,
scripts\PredicciónImágenes\Nodules\00019635_002.png,chest_xray,1.0,True,1.0,9.007879997469104e-10,
scripts\PredicciónImágenes\Nodules\00026478_003.png,chest_xray,0.9999984502792358,True,0.9999984502792358,1.5599825928802602e-06,
scripts\PredicciónImágenes\Nodules\00012156_006.png,chest_xray,1.0,True,1.0,6.817278686011008e-11,
scripts\PredicciónImágenes\Nodules\00012047_001.png,chest_xray,1.0,True,1.0,8.036610266159983e-11,
scripts\PredicciónImágenes\Nodules\00025878_000.png,chest_xray,1.0,True,1.0,4.042025048001108e-11,
scripts\PredicciónImágenes\Nodules\00014596_000.png,chest_xray,1.0,True,1.0,4.613318407842293e-12,
scripts\PredicciónImágenes\Nodules\00028975_002.png,chest_xray,1.0,True,1.0,5.750678266913667e-10,
scripts\PredicciónImágenes\Nodules\00020047_002.png,chest_xray,1.0,True,1.0,7.636927201737365e-11,
scripts\PredicciónImágenes\Nodules\00020127_000.png,chest_xray,1.0,True,1.0,3.956759919709896e-11,
scripts\PredicciónImágenes\Nodules\00007605_000.png,chest_xray,1.0,True,1.0,4.0510377170843714e-12,
scripts\PredicciónImágenes\Nodules\00002510_013.png,chest_xray,1.0,True,1.0,4.158567179501915e-08,
scripts\PredicciónImágenes\Nodules\00013951_003.png,chest_xray,1.0,True,1.0,1.138059438354766e-10,
scripts\PredicciónImágenes\Nodules\00020611_000.png,chest_xray,1.0,True,1.0,2.521345979222822e-12,
scripts\PredicciónImágenes\Nodules\00014663_002.png,chest_xray,1.0,True,1.0,4.076185222690043e-10,
scripts\PredicciónImágenes\Nodules\00028067_000.png,chest_xray,1.0,True,1.0,9.443616999504911e-10,
scripts\PredicciónImágenes\Nodules\00010217_000.png,chest_xray,1.0,True,1.0,8.977905224805127e-12,
scripts\PredicciónImágenes\Nodules\00008701_009.png,chest_xray,1.0,True,1.0,1.3361505679654329e-08,
scripts\PredicciónImágenes\Nodules\00003522_000.png,chest_xray,1.0,True,1.0,6.379744389023445e-12,
scripts\PredicciónImágenes\Nodules\00009157_000.png,chest_xray,1.0,True,1.0,4.271718090365084e-09,
scripts\PredicciónImágenes\Nodules\00004943_002.png,chest_xray,1.0,True,1.0,6.769143578999604e-11,
scripts\PredicciónImágenes\Nodules\00014006_018.png,chest_xray,1.0,True,1.0,2.6439258768440332e-12,
scripts\PredicciónImágenes\Nodules\00009117_001.png,chest_xray,1.0,True,1.0,9.614881113506613e-10,
scripts\PredicciónImágenes\Nodules\00014731_002.png,chest_xray,0.9999998807907104,True,0.9999998807907104,8.247425142826614e-08,
scripts\PredicciónImágenes\Nodules\00016184_021.png,chest_xray,1.0,True,1.0,6.931285545519472e-10,
scripts\PredicciónImágenes\Nodules\00018558_005.png,chest_xray,1.0,True,1.0,3.8167215915541064e-11,
scripts\PredicciónImágenes\Nodules\00006197_001.png,chest_xray,1.0,True,1.0,8.024184615373908e-12,
scripts\PredicciónImágenes\Nodules\00006462_001.png,chest_xray,1.0,True,1.0,4.0586367600070616e-10,
scripts\PredicciónImágenes\Nodules\00008841_005.png,chest_xray,1.0,True,1.0,5.67404586857001e-12,
scripts\PredicciónImágenes\Nodules\00028453_001.png,chest_xray,1.0,True,1.0,7.1510081189885e-10,
scripts\PredicciónImágenes\Nodules\00012398_000.png,chest_xray,1.0,True,1.0,8.48096526340214e-09,
scripts\PredicciónImágenes\Nodules\00003503_004.png,chest_xray,1.0,True,1.0,1.3415252242410247e-09,
scripts\PredicciónImágenes\Nodules\00010284_000.png,chest_xray,1.0,True,1.0,4.207113390303219e-12,
scripts\PredicciónImágenes\Nodules\00010746_000.png,chest_xray,1.0,True,1.0,1.676430938513107e-10,
scripts\PredicciónImágenes\Nodules\00016487_002.png,chest_xray,1.0,True,1.0,4.158126412092365e-14,
scripts\PredicciónImágenes\Nodules\00024876_000.png,chest_xray,1.0,True,1.0,6.558342757756463e-10,
scripts\PredicciónImágenes\Nodules\00011943_003.png,chest_xray,1.0,True,1.0,1.91666060800344e-09,
scripts\PredicciónImágenes\Nodules\00011193_004.png,chest_xray,1.0,True,1.0,1.975430236056397e-11,
scripts\PredicciónImágenes\Nodules\00001781_002.png,chest_xray,1.0,True,1.0,3.2169641950297034e-11,
scripts\PredicciónImágenes\Nodules\00010326_001.png,chest_xray,1.0,True,1.0,2.8583677647020522e-08,
scripts\PredicciónImágenes\Nodules\00002885_003.png,chest_xray,1.0,True,1.0,4.544818299478948e-09,
scripts\PredicciónImágenes\Nodules\00000370_008.png,chest_xray,1.0,True,1.0,8.225310016429788e-11,
scripts\PredicciónImágenes\Nodules\00013559_000.png,chest_xray,1.0,True,1.0,1.0578502657176969e-10,
scripts\PredicciónImágenes\Nodules\00003243_000.png,chest_xray,1.0,True,1.0,3.8609185293303483e-10,
scripts\PredicciónImágenes\Nodules\00022877_005.png,chest_xray,1.0,True,1.0,3.7048966117225746e-09,
scripts\PredicciónImágenes\Nodules\00008342_010.png,chest_xray,0.9999997615814209,True,0.9999997615814209,2.6621540882842964e-07,
scripts\PredicciónImágenes\Nodules\00001709_000.png,chest_xray,1.0,True,1.0,8.178987348506084e-11,
scripts\PredicciónImágenes\Nodules\00002701_009.png,chest_xray,1.0,True,1.0,9.373218867736455e-10,
scripts\PredicciónImágenes\Nodules\00018448_000.png,chest_xray,1.0,True,1.0,4.83865347788992e-09,
scripts\PredicciónImágenes\Nodules\00016018_000.png,chest_xray,1.0,True,1.0,5.93992233177687e-08,
scripts\PredicciónImágenes\Nodules\00025777_000.png,chest_xray,1.0,True,1.0,9.15441167315123e-10,
scripts\PredicciónImágenes\Nodules\00014895_001.png,chest_xray,1.0,True,1.0,3.14931344891356e-11,
scripts\PredicciónImágenes\Nodules\00006041_004.png,chest_xray,1.0,True,1.0,5.2168297459687096e-11,
scripts\PredicciónImágenes\Nodules\00003393_035.png,chest_xray,1.0,True,1.0,1.4908863033014086e-10,
scripts\PredicciónImágenes\Nodules\00018249_007.png,chest_xray,1.0,True,1.0,4.023683608522788e-09,
scripts\PredicciónImágenes\Nodules\00009615_000.png,chest_xray,1.0,True,1.0,8.258565814718566e-13,
scripts\PredicciónImágenes\Nodules\00004714_001.png,chest_xray,1.0,True,1.0,3.65283053804788e-10,
scripts\PredicciónImágenes\Nodules\00007670_024.png,chest_xray,0.9999998807907104,True,0.9999998807907104,9.039349890826998e-08,
scripts\PredicciónImágenes\Nodules\00005218_022.png,chest_xray,1.0,True,1.0,3.484727884028871e-08,
scripts\PredicciónImágenes\Nodules\00017051_001.png,chest_xray,1.0,True,1.0,3.5662667263736125e-10,
scripts\PredicciónImágenes\Nodules\00005502_002.png,chest_xray,1.0,True,1.0,3.4406872906345143e-09,
scripts\PredicciónImágenes\Nodules\00013210_000.png,chest_xray,1.0,True,1.0,2.596371902197081e-11,
scripts\PredicciónImágenes\Nodules\00017375_002.png,chest_xray,1.0,True,1.0,1.4013048534045058e-12,
scripts\PredicciónImágenes\Nodules\00028975_001.png,chest_xray,1.0,True,1.0,2.1872872957295897e-10,
scripts\PredicciónImágenes\Nodules\00015251_001.png,chest_xray,1.0,True,1.0,5.453414941847257e-10,
scripts\PredicciónImágenes\Nodules\00014123_000.png,chest_xray,1.0,True,1.0,7.027527865188787e-11,
scripts\PredicciónImágenes\Nodules\00013231_000.png,chest_xray,0.9999908208847046,True,0.9999908208847046,9.151100130111445e-06,
scripts\PredicciónImágenes\Nodules\00001584_003.png,chest_xray,1.0,True,1.0,1.7373272265253092e-10,
scripts\PredicciónImágenes\Nodules\00023745_002.png,chest_xray,1.0,True,1.0,1.1138135747046363e-08,
scripts\PredicciónImágenes\Nodules\00000250_003.png,chest_xray,1.0,True,1.0,1.7103532479190164e-10,
scripts\PredicciónImágenes\Nodules\00005061_001.png,chest_xray,1.0,True,1.0,1.058500731510037e-09,
scripts\PredicciónImágenes\Nodules\00017691_010.png,chest_xray,1.0,True,1.0,2.821251565698901e-10,
scripts\PredicciónImágenes\Nodules\00008522_007.png,chest_xray,1.0,True,1.0,6.331956660388105e-12,
scripts\PredicciónImágenes\Nodules\00004571_015.png,chest_xray,1.0,True,1.0,1.7838844290629652e-10,
scripts\PredicciónImágenes\Nodules\00020115_001.png,chest_xray,1.0,True,1.0,7.980352489944664e-11,
scripts\PredicciónImágenes\Nodules\00001093_003.png,chest_xray,1.0,True,1.0,5.783418449006872e-12,
scripts\PredicciónImágenes\Nodules\00002099_000.png,chest_xray,1.0,True,1.0,1.0385735327300694e-10,
scripts\PredicciónImágenes\Nodules\00003369_016.png,chest_xray,1.0,True,1.0,1.2632973833692773e-10,
scripts\PredicciónImágenes\Nodules\00010016_000.png,chest_xray,1.0,True,1.0,1.737135879587015e-09,
scripts\PredicciónImágenes\Nodules\00008785_002.png,chest_xray,1.0,True,1.0,1.0055012378273886e-10,
scripts\PredicciónImágenes\Nodules\00019535_003.png,chest_xray,1.0,True,1.0,6.41676156654114e-11,
scripts\PredicciónImágenes\Nodules\00010496_001.png,chest_xray,1.0,True,1.0,3.846478691116317e-12,
scripts\PredicciónImágenes\Nodules\00004436_002.png,chest_xray,1.0,True,1.0,3.047303298586712e-09,
scripts\PredicciónImágenes\Nodules\00010220_000.png,chest_xray,1.0,True,1.0,9.77298645656044e-13,
scripts\PredicciónImágenes\Nodules\00005472_002.png,chest_xray,1.0,True,1.0,3.025098782583058e-10,
scripts\PredicciónImágenes\Nodules\00020068_000.png,chest_xray,1.0,True,1.0,1.488823370143777e-10,
scripts\PredicciónImágenes\Nodules\00029414_002.png,chest_xray,1.0,True,1.0,3.212998200829986e-10,
scripts\PredicciónImágenes\Nodules\00023140_001.png,chest_xray,1.0,True,1.0,1.3802187170952607e-09,
scripts\PredicciónImágenes\Nodules\00001093_012.png,chest_xray,1.0,True,1.0,1.5127845157114628e-11,
scripts\PredicciónImágenes\Nodules\00000336_000.png,chest_xray,1.0,True,1.0,5.235285982507776e-09,
scripts\PredicciónImágenes\Nodules\00030679_001.png,chest_xray,0.9999997615814209,True,0.9999997615814209,2.1123776150488993e-07,
scripts\PredicciónImágenes\Nodules\00023027_000.png,chest_xray,1.0,True,1.0,3.5282921029278214e-09,
scripts\PredicciónImágenes\Nodules\00002527_000.png,chest_xray,1.0,True,1.0,2.38874653391008e-09,
scripts\PredicciónImágenes\Nodules\00017152_000.png,chest_xray,1.0,True,1.0,1.1656339955756767e-11,
scripts\PredicciónImágenes\Nodules\00003811_003.png,chest_xray,1.0,True,1.0,3.2580462633324814e-11,
scripts\PredicciónImágenes\Nodules\00016578_000.png,chest_xray,1.0,True,1.0,6.950368666019946e-12,
scripts\PredicciónImágenes\Nodules\00012345_000.png,chest_xray,0.9999991655349731,True,0.9999991655349731,8.351129849870631e-07,
scripts\PredicciónImágenes\Nodules\00022812_000.png,chest_xray,0.9999998807907104,True,0.9999998807907104,1.561201514732602e-07,
scripts\PredicciónImágenes\Nodules\00000634_004.png,chest_xray,1.0,True,1.0,1.9629783909458354e-12,
scripts\PredicciónImágenes\Nodules\00008188_001.png,chest_xray,1.0,True,1.0,2.1381311998691643e-10,
scripts\PredicciónImágenes\Nodules\00012304_008.png,chest_xray,1.0,True,1.0,2.5887903376542454e-08,
scripts\PredicciónImágenes\Nodules\00020156_000.png,chest_xray,1.0,True,1.0,7.01893751453575e-12,
scripts\PredicciónImágenes\Nodules\00016486_006.png,chest_xray,1.0,True,1.0,7.060578510742488e-11,
scripts\PredicciónImágenes\Nodules\00027564_002.png,chest_xray,0.9999991655349731,True,0.9999991655349731,7.843117941774835e-07,
scripts\PredicciónImágenes\Nodules\00000370_000.png,chest_xray,1.0,True,1.0,2.1776191960753977e-12,
scripts\PredicciónImágenes\Nodules\00007057_002.png,chest_xray,1.0,True,1.0,2.715975881695254e-11,
scripts\PredicciónImágenes\Nodules\00029135_001.png,chest_xray,1.0,True,1.0,4.266158981636181e-08,
scripts\PredicciónImágenes\Nodules\00014306_004.png,chest_xray,1.0,True,1.0,3.418091157336711e-11,
scripts\PredicciónImágenes\Nodules\00018366_007.png,chest_xray,1.0,True,1.0,7.452342076774698e-10,
scripts\PredicciónImágenes\Nodules\00007919_000.png,chest_xray,1.0,True,1.0,2.5491286859136153e-10,
scripts\PredicciónImágenes\Nodules\00006360_001.png,chest_xray,1.0,True,1.0,1.8700663240167614e-09,
scripts\PredicciónImágenes\Nodules\00019043_000.png,chest_xray,1.0,True,1.0,1.6084422682638433e-10,
scripts\PredicciónImágenes\Nodules\00001832_001.png,chest_xray,1.0,True,1.0,1.57459895816503e-11,
scripts\PredicciónImágenes\Nodules\00001395_001.png,chest_xray,1.0,True,1.0,1.2911193225662032e-09,
scripts\PredicciónImágenes\Nodules\00001968_004.png,chest_xray,1.0,True,1.0,2.0573005521384857e-09,
scripts\PredicciónImágenes\Nodules\00001517_006.png,chest_xray,1.0,True,1.0,1.5419559075760536e-12,
scripts\PredicciónImágenes\Nodules\00005140_000.png,chest_xray,1.0,True,1.0,1.922100700824103e-09,
scripts\PredicciónImágenes\Nodules\00004163_000.png,chest_xray,1.0,True,1.0,2.859248116049429e-10,
scripts\PredicciónImágenes\Nodules\00005622_001.png,chest_xray,0.9999998807907104,True,0.9999998807907104,1.1115028542008076e-07,
scripts\PredicciónImágenes\Nodules\00018016_010.png,chest_xray,1.0,True,1.0,1.1153302587052494e-10,
scripts\PredicciónImágenes\Nodules\00028646_001.png,chest_xray,1.0,True,1.0,5.927176083275754e-09,
scripts\PredicciónImágenes\Nodules\00009293_006.png,chest_xray,1.0,True,1.0,2.4491162570194902e-11,
scripts\PredicciónImágenes\Nodules\00010594_001.png,chest_xray,1.0,True,1.0,1.0201504085927127e-09,
scripts\PredicciónImágenes\Nodules\00018171_000.png,chest_xray,1.0,True,1.0,4.085683347199165e-09,
scripts\PredicciónImágenes\Nodules\00005935_006.png,chest_xray,1.0,True,1.0,1.4982974930188853e-11,
scripts\PredicciónImágenes\Nodules\00008342_009.png,chest_xray,1.0,True,1.0,6.8963172950020635e-09,
scripts\PredicciónImágenes\Nodules\00013175_014.png,chest_xray,1.0,True,1.0,9.201778228273838e-11,
scripts\PredicciónImágenes\Nodules\00002509_015.png,chest_xray,1.0,True,1.0,1.779628000520006e-08,
scripts\PredicciónImágenes\Nodules\00028655_005.png,chest_xray,1.0,True,1.0,2.2375241850308702e-12,
scripts\PredicciónImágenes\Nodules\00009339_000.png,chest_xray,0.9999997615814209,True,0.9999997615814209,2.061088508753528e-07,
scripts\PredicciónImágenes\Nodules\00010872_008.png,chest_xray,1.0,True,1.0,2.4528482023278286e-10,
scripts\PredicciónImágenes\Nodules\00017199_003.png,chest_xray,1.0,True,1.0,4.301765610392749e-09,
scripts\PredicciónImágenes\Nodules\00010093_003.png,chest_xray,1.0,True,1.0,1.905099633603413e-09,
scripts\PredicciónImágenes\Nodules\00001397_005.png,chest_xray,1.0,True,1.0,2.2470336702440363e-10,
scripts\PredicciónImágenes\Nodules\00020398_007.png,chest_xray,1.0,True,1.0,2.6523596652339165e-09,
scripts\PredicciónImágenes\Nodules\00002756_011.png,chest_xray,1.0,True,1.0,4.318859506136086e-12,
scripts\PredicciónImágenes\Nodules\00029844_002.png,chest_xray,1.0,True,1.0,3.158303840677945e-09,
scripts\PredicciónImágenes\Nodules\00007780_000.png,chest_xray,1.0,True,1.0,1.5084662685627137e-10,
scripts\PredicciónImágenes\Nodules\00008823_000.png,chest_xray,1.0,True,1.0,6.77503400603463e-11,
scripts\PredicciónImágenes\Nodules\00014724_001.png,chest_xray,1.0,True,1.0,2.2549379030678551e-10,
scripts\PredicciónImágenes\Nodules\00022138_001.png,chest_xray,1.0,True,1.0,3.1336329364695104e-11,
scripts\PredicciónImágenes\Nodules\00004170_003.png,chest_xray,1.0,True,1.0,2.3073797646849803e-12,
scripts\PredicciónImágenes\Nodules\00005545_003.png,chest_xray,1.0,True,1.0,5.301287880898897e-11,
scripts\PredicciónImágenes\Nodules\00009431_000.png,chest_xray,1.0,True,1.0,2.402883725327598e-10,
scripts\PredicciónImágenes\Nodules\00021970_006.png,chest_xray,1.0,True,1.0,1.3743808868760254e-10,
scripts\PredicciónImágenes\Nodules\00019731_000.png,chest_xray,0.9999998807907104,True,0.9999998807907104,6.298951404914988e-08,
scripts\PredicciónImágenes\Nodules\00025501_000.png,chest_xray,1.0,True,1.0,2.9036086035549857e-11,
scripts\PredicciónImágenes\Nodules\00025806_003.png,chest_xray,1.0,True,1.0,7.890177400327048e-11,
scripts\PredicciónImágenes\Nodules\00019467_000.png,chest_xray,1.0,True,1.0,1.564208318427518e-08,
scripts\PredicciónImágenes\Nodules\00025181_000.png,chest_xray,1.0,True,1.0,1.477891004020293e-10,
scripts\PredicciónImágenes\Nodules\00016404_005.png,chest_xray,1.0,True,1.0,1.2821155248587957e-09,
scripts\PredicciónImágenes\Nodules\00005196_000.png,chest_xray,1.0,True,1.0,1.9330430589548087e-08,
scripts\PredicciónImágenes\Nodules\00015831_003.png,chest_xray,1.0,True,1.0,9.266981626510074e-11,
scripts\PredicciónImágenes\Nodules\00002345_000.png,chest_xray,1.0,True,1.0,4.5048960117810566e-08,
scripts\PredicciónImágenes\Nodules\00004974_001.png,chest_xray,1.0,True,1.0,2.5604007802826345e-09,
scripts\PredicciónImágenes\Nodules\00008342_026.png,chest_xray,1.0,True,1.0,5.975799716173569e-11,
scripts\PredicciónImágenes\Nodules\00018958_006.png,chest_xray,1.0,True,1.0,4.5493864231360703e-10,
scripts\PredicciónImágenes\Nodules\00017333_000.png,chest_xray,1.0,True,1.0,3.6646169432330566e-10,
scripts\PredicciónImágenes\Nodules\00010775_004.png,chest_xray,1.0,True,1.0,6.09587033628678e-11,
scripts\PredicciónImágenes\Nodules\00006710_003.png,chest_xray,1.0,True,1.0,9.036653092486802e-10,
scripts\PredicciónImágenes\Nodules\00005403_027.png,chest_xray,1.0,True,1.0,2.502657803216124e-10,
scripts\PredicciónImágenes\Nodules\00012947_005.png,chest_xray,1.0,True,1.0,3.71910446883561e-10,
scripts\PredicciónImágenes\Nodules\00029287_000.png,chest_xray,1.0,True,1.0,3.2945559613750675e-09,
scripts\PredicciónImágenes\Nodules\00003523_002.png,chest_xray,1.0,True,1.0,4.7321903340336036e-11,
scripts\PredicciónImágenes\Nodules\00016019_004.png,chest_xray,1.0,True,1.0,1.7354392922719342e-10,
scripts\PredicciónImágenes\Nodules\00030183_002.png,chest_xray,0.9999990463256836,True,0.9999990463256836,9.328537089459132e-07,
scripts\PredicciónImágenes\Nodules\00010092_040.png,chest_xray,1.0,True,1.0,5.786359169590582e-10,
scripts\PredicciónImágenes\Nodules\00022165_001.png,chest_xray,1.0,True,1.0,2.981541125102183e-10,
scripts\PredicciónImágenes\Nodules\00003393_029.png,chest_xray,1.0,True,1.0,7.625141629219456e-10,
scripts\PredicciónImágenes\Nodules\00004722_000.png,chest_xray,1.0,True,1.0,7.706082438829753e-10,
scripts\PredicciónImágenes\Nodules\00022726_001.png,chest_xray,1.0,True,1.0,6.128586527154312e-10,
scripts\PredicciónImágenes\Nodules\00011993_000.png,chest_xray,1.0,True,1.0,5.744659747897174e-10,
scripts\PredicciónImágenes\Nodules\00012641_001.png,chest_xray,1.0,True,1.0,4.65571331487169e-12,
scripts\PredicciónImágenes\Nodules\00027564_001.png,chest_xray,1.0,True,1.0,3.031822570775944e-10,
scripts\PredicciónImágenes\Nodules\00000756_004.png,chest_xray,1.0,True,1.0,1.8085428266090275e-08,
scripts\PredicciónImágenes\Nodules\00029514_000.png,chest_xray,1.0,True,1.0,5.523546897645559e-12,
scripts\PredicciónImágenes\Nodules\00016607_023.png,chest_xray,1.0,True,1.0,9.424314661998778e-09,
scripts\PredicciónImágenes\Nodules\00026570_004.png,chest_xray,1.0,True,1.0,1.8107163546332572e-09,
scripts\PredicciónImágenes\Nodules\00017605_006.png,chest_xray,1.0,True,1.0,7.383809563776822e-09,
scripts\PredicciónImágenes\Nodules\00018448_008.png,chest_xray,1.0,True,1.0,1.3061275616621515e-08,
scripts\PredicciónImágenes\Nodules\00005970_006.png,chest_xray,1.0,True,1.0,2.473972970928884e-10,
scripts\PredicciónImágenes\Nodules\00009397_010.png,chest_xray,0.9999998807907104,True,0.9999998807907104,8.771522175266e-08,
scripts\PredicciónImágenes\Nodules\00018249_000.png,chest_xray,1.0,True,1.0,5.191033020102154e-11,
scripts\PredicciónImágenes\Nodules\00026585_000.png,chest_xray,1.0,True,1.0,5.857870438719104e-11,
scripts\PredicciónImágenes\Nodules\00026789_001.png,chest_xray,1.0,True,1.0,6.097548022054866e-10,
scripts\PredicciónImágenes\Nodules\00023162_003.png,chest_xray,0.9999370574951172,True,0.9999370574951172,6.298432708717883e-05,
scripts\PredicciónImágenes\Nodules\00000165_007.png,chest_xray,1.0,True,1.0,4.15979854728743e-11,
scripts\PredicciónImágenes\Nodules\00029748_000.png,chest_xray,1.0,True,1.0,1.8100170667834092e-11,
scripts\PredicciónImágenes\Nodules\00004396_001.png,chest_xray,1.0,True,1.0,3.687462335477676e-09,
scripts\PredicciónImágenes\Nodules\00012227_001.png,chest_xray,1.0,True,1.0,3.9201916018916094e-11,
scripts\PredicciónImágenes\Nodules\00014116_009.png,chest_xray,1.0,True,1.0,3.882983518055383e-11,
scripts\PredicciónImágenes\Nodules\00009049_005.png,chest_xray,1.0,True,1.0,7.637531557712351e-13,
scripts\PredicciónImágenes\Nodules\00029617_001.png,chest_xray,1.0,True,1.0,3.5478062154759016e-10,
scripts\PredicciónImágenes\Nodules\00025394_002.png,chest_xray,1.0,True,1.0,2.4973580536880036e-08,
scripts\PredicciónImágenes\Nodules\00000322_007.png,chest_xray,1.0,True,1.0,1.0269163297493833e-10,
scripts\PredicciónImágenes\Nodules\00006964_004.png,chest_xray,1.0,True,1.0,3.198285733474471e-11,
scripts\PredicciónImágenes\Nodules\00002451_004.png,chest_xray,1.0,True,1.0,1.0533884875485455e-10,
scripts\PredicciónImágenes\Nodules\00003899_001.png,chest_xray,1.0,True,1.0,1.9324292166444934e-10,
scripts\PredicciónImágenes\Nodules\00029481_008.png,chest_xray,1.0,True,1.0,1.1259925214446298e-09,
scripts\PredicciónImágenes\Nodules\00025128_002.png,chest_xray,1.0,True,1.0,1.7262098417347715e-09,
scripts\PredicciónImágenes\Nodules\00005935_003.png,chest_xray,1.0,True,1.0,3.956138801969322e-12,
scripts\PredicciónImágenes\Nodules\00003174_000.png,chest_xray,1.0,True,1.0,3.585025071944914e-12,
scripts\PredicciónImágenes\Nodules\00021128_002.png,chest_xray,1.0,True,1.0,1.0361408619985468e-08,
scripts\PredicciónImágenes\Nodules\00007568_002.png,chest_xray,1.0,True,1.0,8.15449216397951e-13,
scripts\PredicciónImágenes\Nodules\00013951_004.png,chest_xray,1.0,True,1.0,3.696260658658801e-11,
scripts\PredicciónImágenes\Nodules\00019564_000.png,chest_xray,1.0,True,1.0,1.2870715604407224e-10,
scripts\PredicciónImágenes\Nodules\00002422_000.png,chest_xray,1.0,True,1.0,1.7558769993542e-09,
scripts\PredicciónImágenes\Nodules\00000963_016.png,chest_xray,1.0,True,1.0,9.190552485716097e-11,
scripts\PredicciónImágenes\Nodules\00007731_006.png,chest_xray,1.0,True,1.0,2.6032644789841797e-11,
scripts\PredicciónImágenes\Nodules\00027927_010.png,chest_xray,1.0,True,1.0,1.2229220414106123e-10,
scripts\PredicciónImágenes\Nodules\00020843_002.png,chest_xray,1.0,True,1.0,1.3438755663841562e-10,
scripts\PredicciónImágenes\Nodules\00005722_047.png,chest_xray,0.9999998807907104,True,0.9999998807907104,6.134030172688654e-08,
scripts\PredicciónImágenes\Nodules\00018126_033.png,chest_xray,0.9999936819076538,True,0.9999936819076538,6.341490006889217e-06,
scripts\PredicciónImágenes\Nodules\00005107_000.png,chest_xray,1.0,True,1.0,3.4329861002546647e-12,
scripts\PredicciónImágenes\Nodules\00018705_003.png,chest_xray,1.0,True,1.0,4.0716471860768877e-10,
scripts\PredicciónImágenes\Nodules\00027621_009.png,chest_xray,1.0,True,1.0,2.0177501336426928e-10,
scripts\PredicciónImágenes\Nodules\00026004_005.png,chest_xray,1.0,True,1.0,1.5855032564626725e-10,
scripts\PredicciónImágenes\Nodules\00012632_000.png,chest_xray,1.0,True,1.0,2.9671669565800585e-09,
scripts\PredicciónImágenes\Nodules\00020156_003.png,chest_xray,1.0,True,1.0,1.2547298755549718e-09,
scripts\PredicciónImágenes\Nodules\00016946_000.png,chest_xray,1.0,True,1.0,1.8950039759602078e-08,
scripts\PredicciónImágenes\Nodules\00015136_000.png,chest_xray,1.0,True,1.0,2.4993090930180983e-10,
scripts\PredicciónImágenes\Nodules\00004546_000.png,chest_xray,1.0,True,1.0,2.0888166196719737e-10,
scripts\PredicciónImágenes\Nodules\00007061_007.png,chest_xray,1.0,True,1.0,2.655675679363867e-09,
scripts\PredicciónImágenes\Nodules\00005977_010.png,chest_xray,1.0,True,1.0,3.896131195446628e-10,
scripts\PredicciónImágenes\Nodules\00000545_009.png,chest_xray,1.0,True,1.0,1.0959003149402236e-10,
scripts\PredicciónImágenes\Nodules\00005218_010.png,chest_xray,1.0,True,1.0,2.5058963237789555e-10,
scripts\PredicciónImágenes\Nodules\00003408_001.png,chest_xray,1.0,True,1.0,3.735284859196497e-10,
scripts\PredicciónImágenes\Nodules\00001075_029.png,chest_xray,0.9999997615814209,True,0.9999997615814209,2.664302769517235e-07,
scripts\PredicciónImágenes\Nodules\00024550_000.png,chest_xray,1.0,True,1.0,1.0100124903100749e-10,
scripts\PredicciónImágenes\Nodules\00027838_006.png,chest_xray,1.0,True,1.0,5.639208566776688e-08,
scripts\PredicciónImágenes\Nodules\00001286_003.png,chest_xray,1.0,True,1.0,2.0778831100187745e-08,
scripts\PredicciónImágenes\Nodules\00025628_000.png,chest_xray,1.0,True,1.0,1.302881691422897e-10,
scripts\PredicciónImágenes\Nodules\00027574_000.png,chest_xray,0.9999998807907104,True,0.9999998807907104,1.5747941972676927e-07,
scripts\PredicciónImágenes\Nodules\00014822_029.png,chest_xray,1.0,True,1.0,8.056981193327317e-10,
scripts\PredicciónImágenes\Nodules\00015243_000.png,chest_xray,1.0,True,1.0,5.941706571199745e-10,
scripts\PredicciónImágenes\Nodules\00022954_000.png,chest_xray,1.0,True,1.0,1.1303289859654342e-08,
scripts\PredicciónImágenes\Nodules\00000383_000.png,chest_xray,0.9999998807907104,True,0.9999998807907104,1.6375706479720975e-07,
scripts\PredicciónImágenes\Nodules\00006123_004.png,chest_xray,1.0,True,1.0,5.357770433908615e-13,
scripts\PredicciónImágenes\Nodules\00006253_002.png,chest_xray,1.0,True,1.0,3.89320436999796e-10,
scripts\PredicciónImágenes\Nodules\00007317_022.png,chest_xray,1.0,True,1.0,6.125781548682596e-10,
scripts\PredicciónImágenes\Nodules\00014618_000.png,chest_xray,1.0,True,1.0,3.720134551972454e-13,
scripts\PredicciónImágenes\Nodules\00010575_001.png,chest_xray,1.0,True,1.0,1.034778129849201e-08,
scripts\PredicciónImágenes\Nodules\00008509_004.png,chest_xray,1.0,True,1.0,1.864238104165583e-11,
scripts\PredicciónImágenes\Nodules\00017098_007.png,chest_xray,1.0,True,1.0,8.846854360200496e-10,
scripts\PredicciónImágenes\Nodules\00018705_005.png,chest_xray,1.0,True,1.0,2.0821816493210576e-10,
scripts\PredicciónImágenes\Nodules\00030536_000.png,chest_xray,1.0,True,1.0,1.4099345024831678e-09,
scripts\PredicciónImágenes\Nodules\00010815_021.png,chest_xray,1.0,True,1.0,4.361232264216142e-09,
scripts\PredicciónImágenes\Nodules\00008503_000.png,chest_xray,1.0,True,1.0,1.3853180755307726e-11,
scripts\PredicciónImágenes\Nodules\00006116_006.png,chest_xray,1.0,True,1.0,2.4310193857957074e-09,
scripts\PredicciónImágenes\Nodules\00006360_000.png,chest_xray,1.0,True,1.0,1.24678989354976e-10,
scripts\PredicciónImágenes\Nodules\00019678_000.png,chest_xray,1.0,True,1.0,1.3511543273114768e-10,
scripts\PredicciónImágenes\Nodules\00013737_000.png,chest_xray,1.0,True,1.0,1.9740951096025583e-09,
scripts\PredicciónImágenes\Nodules\00003569_003.png,chest_xray,1.0,True,1.0,2.971411311447625e-11,
scripts\PredicciónImágenes\Nodules\00000697_006.png,chest_xray,1.0,True,1.0,1.4735218253902893e-11,
scripts\PredicciónImágenes\Nodules\00005160_000.png,chest_xray,1.0,True,1.0,1.1153951026687814e-12,
scripts\PredicciónImágenes\Nodules\00025368_001.png,chest_xray,1.0,True,1.0,1.0043564938055916e-11,
scripts\PredicciónImágenes\Nodules\00010814_009.png,chest_xray,1.0,True,1.0,1.8757514638756412e-11,
scripts\PredicciónImágenes\Nodules\00010458_003.png,chest_xray,1.0,True,1.0,9.16245213034017e-09,
scripts\PredicciónImágenes\Nodules\00013129_000.png,chest_xray,1.0,True,1.0,9.213012297504264e-12,
scripts\PredicciónImágenes\Nodules\00001986_000.png,chest_xray,1.0,True,1.0,4.832693134559918e-10,
scripts\PredicciónImágenes\Nodules\00022260_009.png,chest_xray,1.0,True,1.0,1.0818552720337493e-09,
scripts\PredicciónImágenes\Nodules\00019582_000.png,chest_xray,1.0,True,1.0,1.2790599690504223e-09,
scripts\PredicciónImágenes\Nodules\00011478_000.png,chest_xray,1.0,True,1.0,1.1258266541247508e-10,
scripts\PredicciónImágenes\Nodules\00010634_005.png,chest_xray,1.0,True,1.0,1.2453074127449781e-09,
scripts\PredicciónImágenes\Nodules\00011178_001.png,chest_xray,1.0,True,1.0,1.5320575363908517e-10,
scripts\PredicciónImágenes\Nodules\00011353_000.png,chest_xray,1.0,True,1.0,3.3310905145356173e-09,
scripts\PredicciónImágenes\Nodules\00017655_001.png,chest_xray,1.0,True,1.0,1.709860725229717e-10,
scripts\PredicciónImágenes\Nodules\00003315_000.png,chest_xray,1.0,True,1.0,1.0123153010299646e-10,
scripts\PredicciónImágenes\Nodules\00011903_006.png,chest_xray,1.0,True,1.0,2.7543928943218887e-11,
scripts\PredicciónImágenes\Nodules\00008701_036.png,chest_xray,1.0,True,1.0,1.2348624345293047e-09,
scripts\PredicciónImágenes\Nodules\00009237_025.png,chest_xray,1.0,True,1.0,3.754366175584556e-12,
scripts\PredicciónImágenes\Nodules\00020390_000.png,chest_xray,1.0,True,1.0,1.3666329179429226e-10,
scripts\PredicciónImágenes\Nodules\00022235_001.png,chest_xray,1.0,True,1.0,6.531238050389021e-11,
scripts\PredicciónImágenes\Nodules\00023309_001.png,chest_xray,1.0,True,1.0,4.928194657916052e-11,
scripts\PredicciónImágenes\Nodules\00020405_017.png,chest_xray,1.0,True,1.0,7.82271539212509e-11,
scripts\PredicciónImágenes\Nodules\00017217_000.png,chest_xray,1.0,True,1.0,2.5448243512471436e-10,
scripts\PredicciónImágenes\Nodules\00010516_000.png,chest_xray,1.0,True,1.0,1.6645105432866458e-11,
scripts\PredicciónImágenes\Nodules\00004049_000.png,chest_xray,1.0,True,1.0,6.110278515797374e-12,
scripts\PredicciónImágenes\Nodules\00020326_039.png,chest_xray,1.0,True,1.0,5.470980335431364e-10,
scripts\PredicciónImágenes\Nodules\00000820_009.png,chest_xray,1.0,True,1.0,2.7166909347120516e-11,
scripts\PredicciónImágenes\Nodules\00020987_000.png,chest_xray,1.0,True,1.0,2.6519689222403997e-10,
scripts\PredicciónImágenes\Nodules\00027696_000.png,chest_xray,1.0,True,1.0,1.133683702470023e-09,
scripts\PredicciónImágenes\Nodules\00028419_000.png,chest_xray,0.9999938011169434,True,0.9999938011169434,6.256019332795404e-06,
scripts\PredicciónImágenes\Nodules\00020921_002.png,chest_xray,1.0,True,1.0,1.1067720961932537e-08,
scripts\PredicciónImágenes\Nodules\00000695_000.png,chest_xray,1.0,True,1.0,1.1327481921202809e-12,
scripts\PredicciónImágenes\Nodules\00019152_001.png,chest_xray,1.0,True,1.0,3.428642786351688e-11,
scripts\PredicciónImágenes\Nodules\00019328_011.png,chest_xray,1.0,True,1.0,2.1577212239165533e-11,
scripts\PredicciónImágenes\Nodules\00028545_002.png,chest_xray,1.0,True,1.0,5.141118086804397e-10,
scripts\PredicciónImágenes\Nodules\00008701_010.png,chest_xray,1.0,True,1.0,4.936120845400183e-09,
scripts\PredicciónImágenes\Nodules\00018533_000.png,chest_xray,1.0,True,1.0,4.4935982712601685e-10,
scripts\PredicciónImágenes\Nodules\00018819_002.png,chest_xray,1.0,True,1.0,3.624657865519687e-11,
scripts\PredicciónImágenes\Nodules\00016550_014.png,chest_xray,1.0,True,1.0,2.943625343476697e-10,
scripts\PredicciónImágenes\Nodules\00016445_003.png,chest_xray,1.0,True,1.0,5.240631040237531e-09,
scripts\PredicciónImágenes\Nodules\00000071_000.png,chest_xray,0.9999998807907104,True,0.9999998807907104,9.05184123212166e-08,
scripts\PredicciónImágenes\Nodules\00022491_000.png,chest_xray,1.0,True,1.0,1.0802669869747206e-10,
scripts\PredicciónImágenes\Nodules\00017881_006.png,chest_xray,1.0,True,1.0,1.7811347952090273e-09,
scripts\PredicciónImágenes\Nodules\00003896_005.png,chest_xray,1.0,True,1.0,1.3398873156822422e-11,
scripts\PredicciónImágenes\Nodules\00006323_002.png,chest_xray,1.0,True,1.0,7.55006457353602e-09,
scripts\PredicciónImágenes\Nodules\00001404_005.png,chest_xray,1.0,True,1.0,1.552560996431751e-10,
scripts\PredicciónImágenes\Nodules\00012189_001.png,chest_xray,1.0,True,1.0,5.149459747499918e-10,
scripts\PredicciónImágenes\Nodules\00025707_018.png,chest_xray,1.0,True,1.0,1.33703004223662e-08,
scripts\PredicciónImágenes\Nodules\00005543_002.png,chest_xray,1.0,True,1.0,3.985605179224194e-10,
scripts\PredicciónImágenes\Nodules\00014004_044.png,chest_xray,0.9999890327453613,True,0.9999890327453613,1.1001624443451874e-05,
scripts\PredicciónImágenes\Nodules\00026925_009.png,chest_xray,1.0,True,1.0,2.9057295236611935e-08,
scripts\PredicciónImágenes\Nodules\00005218_016.png,chest_xray,1.0,True,1.0,3.762989031486086e-09,
scripts\PredicciónImágenes\Nodules\00026185_004.png,chest_xray,1.0,True,1.0,6.539821573170457e-09,
scripts\PredicciónImágenes\Nodules\00018960_018.png,chest_xray,1.0,True,1.0,1.6501443267369353e-10,
scripts\PredicciónImágenes\Nodules\00002010_001.png,chest_xray,1.0,True,1.0,4.436585213790645e-12,
scripts\PredicciónImágenes\Nodules\00020398_031.png,chest_xray,0.9999998807907104,True,0.9999998807907104,1.0191477883836342e-07,
scripts\PredicciónImágenes\Nodules\00020624_015.png,chest_xray,1.0,True,1.0,1.014073373883928e-11,
scripts\PredicciónImágenes\Nodules\00005663_004.png,chest_xray,1.0,True,1.0,1.4207303953087114e-12,
scripts\PredicciónImágenes\Nodules\00002194_001.png,chest_xray,1.0,True,1.0,7.465957851948701e-10,
scripts\PredicciónImágenes\Nodules\00009120_001.png,chest_xray,1.0,True,1.0,5.076664349318305e-12,
scripts\PredicciónImágenes\Nodules\00030695_000.png,chest_xray,1.0,True,1.0,3.150198157886308e-10,
scripts\PredicciónImágenes\Nodules\00028258_006.png,chest_xray,1.0,True,1.0,8.25939316939639e-11,
scripts\PredicciónImágenes\Nodules\00007782_002.png,chest_xray,1.0,True,1.0,6.746944149205181e-12,
scripts\PredicciónImágenes\Nodules\00006851_007.png,chest_xray,0.9999998807907104,True,0.9999998807907104,9.255688837583875e-08,
scripts\PredicciónImágenes\Nodules\00003603_000.png,chest_xray,1.0,True,1.0,3.799903967871554e-12,
scripts\PredicciónImágenes\Nodules\00019013_003.png,chest_xray,1.0,True,1.0,1.2459191664482283e-11,
scripts\PredicciónImágenes\Nodules\00013625_011.png,chest_xray,1.0,True,1.0,5.331271882291766e-11,
scripts\PredicciónImágenes\Nodules\00002649_006.png,chest_xray,1.0,True,1.0,6.069626745652812e-11,
scripts\PredicciónImágenes\Nodules\00013904_009.png,chest_xray,1.0,True,1.0,1.952224840118255e-12,
scripts\PredicciónImágenes\Nodules\00015856_003.png,chest_xray,1.0,True,1.0,7.021297432352469e-11,
scripts\PredicciónImágenes\Nodules\00007717_008.png,chest_xray,1.0,True,1.0,1.5306305485227045e-12,
scripts\PredicciónImágenes\Nodules\00012701_000.png,chest_xray,1.0,True,1.0,6.438129196428832e-11,
scripts\PredicciónImágenes\Nodules\00003151_000.png,chest_xray,1.0,True,1.0,2.29977326071662e-09,
scripts\PredicciónImágenes\Nodules\00012563_000.png,chest_xray,1.0,True,1.0,1.2019994777290322e-08,
scripts\PredicciónImágenes\Nodules\00017117_000.png,chest_xray,1.0,True,1.0,2.1786652482091995e-09,
scripts\PredicciónImágenes\Nodules\00019946_003.png,chest_xray,1.0,True,1.0,5.248575445787607e-12,
scripts\PredicciónImágenes\Nodules\00011821_000.png,chest_xray,1.0,True,1.0,4.122901131609069e-08,
scripts\PredicciónImágenes\Nodules\00015563_006.png,chest_xray,1.0,True,1.0,3.09665834641315e-11,
scripts\PredicciónImágenes\Nodules\00010297_003.png,chest_xray,1.0,True,1.0,2.0054827590265667e-11,
scripts\PredicciónImágenes\Nodules\00011208_000.png,chest_xray,1.0,True,1.0,7.635329035693417e-10,
scripts\PredicciónImágenes\Nodules\00018738_005.png,chest_xray,1.0,True,1.0,4.060740632638726e-11,
scripts\PredicciónImágenes\Nodules\00026831_000.png,chest_xray,1.0,True,1.0,7.028161386202214e-10,
scripts\PredicciónImágenes\Nodules\00014930_015.png,chest_xray,1.0,True,1.0,7.618072839221668e-11,
scripts\PredicciónImágenes\Nodules\00008068_004.png,chest_xray,1.0,True,1.0,9.604878670188555e-09,
scripts\PredicciónImágenes\Nodules\00016587_060.png,chest_xray,1.0,True,1.0,3.522812900766392e-12,
scripts\PredicciónImágenes\Nodules\00017393_000.png,chest_xray,1.0,True,1.0,9.882837603836236e-12,
scripts\PredicciónImágenes\Nodules\00026769_000.png,chest_xray,1.0,True,1.0,9.429011391115516e-12,
scripts\PredicciónImágenes\Nodules\00001248_005.png,chest_xray,1.0,True,1.0,1.2254169234893197e-08,
scripts\PredicciónImágenes\Nodules\00010496_016.png,chest_xray,0.9999998807907104,True,0.9999998807907104,6.780861383504089e-08,
scripts\PredicciónImágenes\Nodules\00028317_001.png,chest_xray,1.0,True,1.0,1.2239200972152808e-11,
scripts\PredicciónImágenes\Nodules\00026365_000.png,chest_xray,1.0,True,1.0,1.5390875240939295e-09,
scripts\PredicciónImágenes\Nodules\00029326_000.png,chest_xray,1.0,True,1.0,8.642089648069895e-12,
scripts\PredicciónImágenes\Nodules\00023113_001.png,chest_xray,1.0,True,1.0,8.7704266071853e-10,
scripts\PredicciónImágenes\Nodules\00028195_000.png,chest_xray,1.0,True,1.0,2.3960006201306783e-10,
scripts\PredicciónImágenes\Nodules\00027365_000.png,chest_xray,1.0,True,1.0,4.784956719044997e-12,
scripts\PredicciónImágenes\Nodules\00005836_001.png,chest_xray,1.0,True,1.0,4.973936285068703e-08,
scripts\PredicciónImágenes\Nodules\00021813_001.png,chest_xray,1.0,True,1.0,2.2122581100347816e-08,
scripts\PredicciónImágenes\Nodules\00010583_003.png,chest_xray,1.0,True,1.0,2.1008261102961612e-11,
scripts\PredicciónImágenes\Nodules\00021759_002.png,chest_xray,1.0,True,1.0,3.3355884027086447e-11,
scripts\PredicciónImágenes\Nodules\00008259_002.png,chest_xray,1.0,True,1.0,3.9654049488468956e-10,
scripts\PredicciónImágenes\Nodules\00000569_005.png,chest_xray,1.0,True,1.0,1.4929864289303652e-10,
scripts\PredicciónImágenes\Nodules\00000971_002.png,chest_xray,1.0,True,1.0,5.3939092775623365e-11,
scripts\PredicciónImágenes\Nodules\00006338_011.png,chest_xray,1.0,True,1.0,4.0027003933573724e-10,
scripts\PredicciónImágenes\Nodules\00018256_000.png,chest_xray,1.0,True,1.0,5.3525814423111e-13,
scripts\PredicciónImágenes\Nodules\00026713_005.png,chest_xray,0.9995415210723877,True,0.9995415210723877,0.00045855241478420794,
scripts\PredicciónImágenes\Nodules\00019013_001.png,chest_xray,1.0,True,1.0,3.113798802134582e-11,
scripts\PredicciónImágenes\Nodules\00015113_005.png,chest_xray,1.0,True,1.0,5.126056176751881e-11,
scripts\PredicciónImágenes\Nodules\00003903_000.png,chest_xray,1.0,True,1.0,2.6236672556745333e-11,
scripts\PredicciónImágenes\Nodules\00014075_001.png,chest_xray,1.0,True,1.0,6.503294430748596e-11,
scripts\PredicciónImágenes\Nodules\00026545_000.png,chest_xray,1.0,True,1.0,2.07661421391947e-09,
scripts\PredicciónImágenes\Nodules\00006642_018.png,chest_xray,1.0,True,1.0,1.1666838502233379e-11,
scripts\PredicciónImágenes\Nodules\00026367_000.png,chest_xray,1.0,True,1.0,2.577575042295166e-09,
scripts\PredicciónImágenes\Nodules\00012659_017.png,chest_xray,1.0,True,1.0,4.6449435409101625e-09,
scripts\PredicciónImágenes\Nodules\00005527_000.png,chest_xray,1.0,True,1.0,1.5763118241252094e-11,
scripts\PredicciónImágenes\Nodules\00026658_001.png,chest_xray,1.0,True,1.0,1.8422826198599696e-12,
scripts\PredicciónImágenes\Nodules\00023033_005.png,chest_xray,1.0,True,1.0,1.5072065817633984e-10,
scripts\PredicciónImágenes\Nodules\00018536_003.png,chest_xray,1.0,True,1.0,2.3348602565254062e-11,
scripts\PredicciónImágenes\Nodules\00006338_007.png,chest_xray,1.0,True,1.0,2.4950579796678696e-12,
scripts\PredicciónImágenes\Nodules\00002144_000.png,chest_xray,1.0,True,1.0,2.689315090065314e-11,
scripts\PredicciónImágenes\Nodules\00005918_006.png,chest_xray,1.0,True,1.0,5.727417429213233e-10,
scripts\PredicciónImágenes\Nodules\00006647_001.png,chest_xray,1.0,True,1.0,2.591545644747839e-09,
scripts\PredicciónImágenes\Nodules\00000157_000.png,chest_xray,1.0,True,1.0,2.1947479389439195e-09,
scripts\PredicciónImágenes\Nodules\00015108_006.png,chest_xray,1.0,True,1.0,6.457563928030652e-10,
scripts\PredicciónImágenes\Nodules\00015831_005.png,chest_xray,1.0,True,1.0,9.124111188807404e-11,
scripts\PredicciónImágenes\Nodules\00020329_006.png,chest_xray,1.0,True,1.0,3.2566137286860197e-13,
scripts\PredicciónImágenes\Nodules\00022030_000.png,chest_xray,1.0,True,1.0,6.808442698513772e-11,
scripts\PredicciónImágenes\Nodules\00022263_001.png,chest_xray,1.0,True,1.0,5.33669251012725e-08,
scripts\PredicciónImágenes\Nodules\00001089_000.png,chest_xray,1.0,True,1.0,4.5661210923420015e-10,
scripts\PredicciónImágenes\Nodules\00004959_002.png,chest_xray,1.0,True,1.0,3.5398726172530814e-09,
scripts\PredicciónImágenes\Nodules\00014663_007.png,chest_xray,1.0,True,1.0,2.9198520934414773e-08,
scripts\PredicciónImágenes\Nodules\00004001_002.png,chest_xray,1.0,True,1.0,7.601551332836465e-12,
scripts\PredicciónImágenes\Nodules\00020539_001.png,chest_xray,1.0,True,1.0,6.816417222332838e-12,
scripts\PredicciónImágenes\Nodules\00002720_025.png,chest_xray,1.0,True,1.0,6.169918465026569e-10,
scripts\PredicciónImágenes\Nodules\00001839_001.png,chest_xray,1.0,True,1.0,8.281145907895748e-11,
scripts\PredicciónImágenes\Nodules\00005846_001.png,chest_xray,1.0,True,1.0,4.48308767886374e-09,
scripts\PredicciónImágenes\Nodules\00013837_001.png,chest_xray,1.0,True,1.0,3.032802741581575e-12,
scripts\PredicciónImágenes\Nodules\00000372_000.png,chest_xray,1.0,True,1.0,1.3272211107917542e-10,
scripts\PredicciónImágenes\Nodules\00012048_006.png,chest_xray,1.0,True,1.0,3.520442248827749e-08,
scripts\PredicciónImágenes\Nodules\00015506_002.png,chest_xray,1.0,True,1.0,1.1658491949617655e-08,
scripts\PredicciónImágenes\Nodules\00018738_000.png,chest_xray,1.0,True,1.0,6.936946572722036e-10,
scripts\PredicciónImágenes\Nodules\00022735_002.png,chest_xray,1.0,True,1.0,3.7958586274200457e-10,
scripts\PredicciónImágenes\Nodules\00017191_000.png,chest_xray,1.0,True,1.0,5.701905961275067e-12,
scripts\PredicciónImágenes\Nodules\00009875_000.png,chest_xray,1.0,True,1.0,5.514320666755168e-10,
scripts\PredicciónImágenes\Nodules\00002424_001.png,chest_xray,1.0,True,1.0,2.1911161773857657e-10,
scripts\PredicciónImágenes\Nodules\00020611_001.png,chest_xray,1.0,True,1.0,2.330553285079251e-11,
scripts\PredicciónImágenes\Nodules\00019458_000.png,chest_xray,1.0,True,1.0,2.7840463268091753e-10,
scripts\PredicciónImágenes\Nodules\00004547_018.png,chest_xray,1.0,True,1.0,1.2633853962995545e-08,
scripts\PredicciónImágenes\Nodules\00022065_019.png,chest_xray,0.9999998807907104,True,0.9999998807907104,1.3333659865111258e-07,
scripts\PredicciónImágenes\Nodules\00028630_000.png,chest_xray,1.0,True,1.0,6.429061449875206e-11,
scripts\PredicciónImágenes\Nodules\00003393_022.png,chest_xray,1.0,True,1.0,5.442252204446163e-11,
scripts\PredicciónImágenes\Nodules\00005114_004.png,chest_xray,1.0,True,1.0,1.2717014108432068e-09,
scripts\PredicciónImágenes\Nodules\00025542_001.png,chest_xray,1.0,True,1.0,4.394295760601352e-10,
scripts\PredicciónImágenes\Nodules\00014675_007.png,chest_xray,1.0,True,1.0,1.1816680967058346e-08,
scripts\PredicciónImágenes\Nodules\00029993_000.png,chest_xray,1.0,True,1.0,1.9724738335724634e-12,
scripts\PredicciónImágenes\Nodules\00010725_006.png,chest_xray,1.0,True,1.0,4.1942821438212263e-10,
scripts\PredicciónImágenes\Nodules\00021403_001.png,chest_xray,1.0,True,1.0,6.956291098703105e-10,
scripts\PredicciónImágenes\Nodules\00006588_000.png,chest_xray,1.0,True,1.0,2.682685670829521e-11,
scripts\PredicciónImágenes\Nodules\00016106_002.png,chest_xray,1.0,True,1.0,4.34450297959188e-09,
scripts\PredicciónImágenes\Nodules\00006273_002.png,chest_xray,1.0,True,1.0,4.169412037846598e-10,
scripts\PredicciónImágenes\Nodules\00006296_029.png,chest_xray,1.0,True,1.0,3.7490785587124265e-08,
scripts\PredicciónImágenes\Nodules\00006411_014.png,chest_xray,1.0,True,1.0,3.2801267257909217e-10,
scripts\PredicciónImágenes\Nodules\00019774_007.png,chest_xray,1.0,True,1.0,4.5154899264154835e-10,
scripts\PredicciónImágenes\Nodules\00025150_003.png,chest_xray,1.0,True,1.0,1.3791706665600145e-10,
scripts\PredicciónImágenes\Nodules\00000499_011.png,chest_xray,1.0,True,1.0,3.8607751662311784e-08,
scripts\PredicciónImágenes\Nodules\00012738_000.png,chest_xray,1.0,True,1.0,2.8020208375778566e-10,
scripts\PredicciónImágenes\Nodules\00006794_002.png,chest_xray,1.0,True,1.0,2.7323388912753668e-14,
scripts\PredicciónImágenes\Nodules\00022263_002.png,chest_xray,0.9999754428863525,True,0.9999754428863525,2.4498391212546267e-05,
scripts\PredicciónImágenes\Nodules\00010678_000.png,chest_xray,1.0,True,1.0,7.502254373292772e-11,
scripts\PredicciónImágenes\Nodules\00004971_000.png,chest_xray,1.0,True,1.0,3.208842696764136e-12,
scripts\PredicciónImágenes\Nodules\00026292_007.png,chest_xray,1.0,True,1.0,3.058388542420687e-10,
scripts\PredicciónImágenes\Nodules\00011878_000.png,chest_xray,1.0,True,1.0,3.5060049308199837e-10,
scripts\PredicciónImágenes\Nodules\00003851_005.png,chest_xray,1.0,True,1.0,1.86615480013419e-12,
scripts\PredicciónImágenes\Nodules\00017346_000.png,chest_xray,1.0,True,1.0,1.783546574318784e-11,
scripts\PredicciónImágenes\Nodules\00008940_000.png,chest_xray,1.0,True,1.0,4.601562533790293e-11,
scripts\PredicciónImágenes\Nodules\00001850_001.png,chest_xray,1.0,True,1.0,4.43534965699488e-12,
scripts\PredicciónImágenes\Nodules\00015506_000.png,chest_xray,1.0,True,1.0,2.9625735198379743e-10,
scripts\PredicciónImágenes\Nodules\00016800_019.png,chest_xray,1.0,True,1.0,5.691108695415892e-11,
scripts\PredicciónImágenes\Nodules\00009915_000.png,chest_xray,1.0,True,1.0,1.3841461310448722e-10,
scripts\PredicciónImágenes\Nodules\00026004_000.png,chest_xray,1.0,True,1.0,1.526823285857848e-11,
scripts\PredicciónImágenes\Nodules\00010583_002.png,chest_xray,1.0,True,1.0,1.7515310035687293e-10,
scripts\PredicciónImágenes\Nodules\00013193_000.png,chest_xray,1.0,True,1.0,2.378107433198551e-10,
scripts\PredicciónImágenes\Nodules\00013256_010.png,chest_xray,1.0,True,1.0,4.4218943173746084e-08,
scripts\PredicciónImágenes\Nodules\00021212_006.png,chest_xray,1.0,True,1.0,3.9761877818067504e-11,
scripts\PredicciónImágenes\Nodules\00008535_009.png,chest_xray,1.0,True,1.0,5.24404031310155e-09,
scripts\PredicciónImágenes\Nodules\00012376_016.png,chest_xray,1.0,True,1.0,1.2934264770336767e-09,
scripts\PredicciónImágenes\Nodules\00001836_053.png,chest_xray,1.0,True,1.0,8.064764855930662e-09,
scripts\PredicciónImágenes\Nodules\00008435_007.png,chest_xray,1.0,True,1.0,1.1525781440369087e-09,
scripts\PredicciónImágenes\Nodules\00012700_000.png,chest_xray,1.0,True,1.0,3.311801677341464e-08,
scripts\PredicciónImágenes\Nodules\00029470_014.png,chest_xray,1.0,True,1.0,1.9857926067401444e-11,
scripts\PredicciónImágenes\Nodules\00028463_000.png,chest_xray,1.0,True,1.0,7.902652421343248e-10,
scripts\PredicciónImágenes\Nodules\00001034_002.png,chest_xray,1.0,True,1.0,6.066829261186513e-10,
scripts\PredicciónImágenes\Nodules\00010198_008.png,chest_xray,1.0,True,1.0,7.382453537374545e-10,
scripts\PredicciónImágenes\Nodules\00014356_007.png,chest_xray,1.0,True,1.0,2.5439012008021678e-11,
scripts\PredicciónImágenes\Nodules\00027322_006.png,chest_xray,1.0,True,1.0,6.627944026948995e-11,
scripts\PredicciónImágenes\Nodules\00007321_000.png,chest_xray,1.0,True,1.0,2.9286698934039013e-12,
scripts\PredicciónImágenes\Nodules\00009077_000.png,chest_xray,1.0,True,1.0,9.418878177402945e-11,
scripts\PredicciónImágenes\Nodules\00003326_003.png,chest_xray,1.0,True,1.0,4.188603630606025e-11,
scripts\PredicciónImágenes\Nodules\00014006_017.png,chest_xray,1.0,True,1.0,1.8443561023047395e-13,
scripts\PredicciónImágenes\Nodules\00007391_003.png,chest_xray,1.0,True,1.0,8.988369944173957e-13,
scripts\PredicciónImágenes\Nodules\00020631_003.png,chest_xray,1.0,True,1.0,3.0750089974329597e-12,
scripts\PredicciónImágenes\Nodules\00004086_000.png,chest_xray,1.0,True,1.0,9.436325054679173e-10,
scripts\PredicciónImágenes\Nodules\00001404_000.png,chest_xray,1.0,True,1.0,1.517817121987619e-10,
scripts\PredicciónImágenes\Nodules\00015583_000.png,chest_xray,1.0,True,1.0,1.5789755614115109e-10,
scripts\PredicciónImágenes\Nodules\00022056_000.png,chest_xray,1.0,True,1.0,1.7341819646965462e-10,
scripts\PredicciónImágenes\Nodules\00012048_004.png,chest_xray,1.0,True,1.0,1.2649513381202127e-10,
scripts\PredicciónImágenes\Nodules\00017463_000.png,chest_xray,1.0,True,1.0,2.4270036647067172e-08,
scripts\PredicciónImágenes\Nodules\00027652_008.png,chest_xray,1.0,True,1.0,1.527359141939577e-11,
scripts\PredicciónImágenes\Nodules\00017599_000.png,chest_xray,1.0,True,1.0,4.3795418680492304e-11,
scripts\PredicciónImágenes\Nodules\00007065_001.png,chest_xray,1.0,True,1.0,3.0920783294918763e-11,
scripts\PredicciónImágenes\Nodules\00005271_002.png,chest_xray,1.0,True,1.0,1.6250228940251077e-10,
scripts\PredicciónImágenes\Nodules\00028359_003.png,chest_xray,1.0,True,1.0,4.912601880846523e-09,
scripts\PredicciónImágenes\Nodules\00027415_026.png,chest_xray,0.9999465942382812,True,0.9999465942382812,5.3361309255706146e-05,
scripts\PredicciónImágenes\Nodules\00004652_008.png,chest_xray,1.0,True,1.0,3.1649853848847442e-09,
scripts\PredicciónImágenes\Nodules\00006605_030.png,chest_xray,1.0,True,1.0,1.171300390012675e-09,
scripts\PredicciónImágenes\Nodules\00014307_007.png,chest_xray,1.0,True,1.0,2.088573619607459e-10,
scripts\PredicciónImágenes\Nodules\00004957_004.png,chest_xray,1.0,True,1.0,8.557032166178757e-11,
scripts\PredicciónImágenes\Nodules\00003643_001.png,chest_xray,1.0,True,1.0,1.0503550113005744e-10,
scripts\PredicciónImágenes\Nodules\00028088_005.png,chest_xray,1.0,True,1.0,2.4744623017269873e-11,
scripts\PredicciónImágenes\Nodules\00008888_001.png,chest_xray,1.0,True,1.0,6.656537820948216e-11,
scripts\PredicciónImágenes\Nodules\00003737_002.png,chest_xray,1.0,True,1.0,7.783843569697524e-10,
scripts\PredicciónImágenes\Nodules\00005694_002.png,chest_xray,1.0,True,1.0,3.543155546736898e-09,
scripts\PredicciónImágenes\Nodules\00026004_002.png,chest_xray,1.0,True,1.0,2.4257736444543987e-11,
scripts\PredicciónImágenes\Nodules\00003296_002.png,chest_xray,1.0,True,1.0,2.8443700519908965e-11,
scripts\PredicciónImágenes\Nodules\00007696_000.png,chest_xray,1.0,True,1.0,3.7114353257372557e-11,
scripts\PredicciónImágenes\Nodules\00005753_000.png,chest_xray,1.0,True,1.0,7.692095224665074e-12,
scripts\PredicciónImágenes\Nodules\00029223_001.png,chest_xray,1.0,True,1.0,2.0082130403054066e-10,
scripts\PredicciónImágenes\Nodules\00007590_007.png,chest_xray,1.0,True,1.0,7.128049261950764e-10,
scripts\PredicciónImágenes\Nodules\00012921_000.png,chest_xray,1.0,True,1.0,4.992613256149525e-08,
scripts\PredicciónImágenes\Nodules\00019124_021.png,chest_xray,1.0,True,1.0,3.057420427943214e-10,
scripts\PredicciónImágenes\Nodules\00008732_000.png,chest_xray,1.0,True,1.0,5.113683435031824e-11,
scripts\PredicciónImágenes\Nodules\00011782_003.png,chest_xray,1.0,True,1.0,2.0094258701419676e-08,
scripts\PredicciónImágenes\Nodules\00003896_001.png,chest_xray,1.0,True,1.0,1.2443131377701255e-12,
scripts\PredicciónImágenes\Nodules\00002943_000.png,chest_xray,1.0,True,1.0,4.8133679264594775e-09,
scripts\PredicciónImágenes\Nodules\00026756_000.png,chest_xray,0.9999997615814209,True,0.9999997615814209,2.5404412440366286e-07,
scripts\PredicciónImágenes\Nodules\00028966_000.png,chest_xray,0.9999998807907104,True,0.9999998807907104,8.544160579049276e-08,
scripts\PredicciónImágenes\Nodules\00004738_001.png,chest_xray,1.0,True,1.0,1.8557450714995483e-11,
scripts\PredicciónImágenes\Nodules\00002360_006.png,chest_xray,1.0,True,1.0,6.906152733021642e-12,
scripts\PredicciónImágenes\Nodules\00004928_004.png,chest_xray,0.9999998807907104,True,0.9999998807907104,7.844661098488359e-08,
scripts\PredicciónImágenes\Nodules\00020505_002.png,chest_xray,0.9999983310699463,True,0.9999983310699463,1.6961037090368336e-06,
scripts\PredicciónImágenes\Nodules\00023714_000.png,chest_xray,1.0,True,1.0,2.046886393713976e-08,
scripts\PredicciónImágenes\Nodules\00022454_009.png,chest_xray,1.0,True,1.0,8.1370681026538e-11,
scripts\PredicciónImágenes\Nodules\00009709_002.png,chest_xray,1.0,True,1.0,1.9147787799767002e-09,
scripts\PredicciónImágenes\Nodules\00004269_005.png,chest_xray,1.0,True,1.0,4.638648576360538e-09,
scripts\PredicciónImágenes\Nodules\00010780_012.png,chest_xray,1.0,True,1.0,4.874480818983784e-10,
scripts\PredicciónImágenes\Nodules\00008068_012.png,chest_xray,1.0,True,1.0,1.8744918506286012e-08,
scripts\PredicciónImágenes\Nodules\00019805_009.png,chest_xray,0.9999997615814209,True,0.9999997615814209,2.3561028683616314e-07,
scripts\PredicciónImágenes\Nodules\00014006_001.png,chest_xray,1.0,True,1.0,9.292216301970413e-12,
scripts\PredicciónImágenes\Nodules\00027702_000.png,chest_xray,1.0,True,1.0,8.665755287830257e-13,
scripts\PredicciónImágenes\Nodules\00020774_000.png,chest_xray,1.0,True,1.0,1.2873434956928165e-11,
scripts\PredicciónImágenes\Nodules\00018254_001.png,chest_xray,1.0,True,1.0,1.2341225263945432e-10,
scripts\PredicciónImágenes\Nodules\00025330_000.png,chest_xray,1.0,True,1.0,1.4731180164595514e-10,
scripts\PredicciónImágenes\Nodules\00026814_005.png,chest_xray,0.9999998807907104,True,0.9999998807907104,7.008569724575864e-08,
scripts\PredicciónImágenes\Nodules\00029159_003.png,chest_xray,1.0,True,1.0,2.3297756085449706e-11,
scripts\PredicciónImágenes\Nodules\00030280_003.png,chest_xray,1.0,True,1.0,2.115792518964099e-08,
scripts\PredicciónImágenes\Nodules\00011821_003.png,chest_xray,1.0,True,1.0,8.977144028143869e-10,
scripts\PredicciónImágenes\Nodules\00003891_000.png,chest_xray,1.0,True,1.0,1.1311646758160876e-10,
scripts\PredicciónImágenes\Nodules\00002264_002.png,chest_xray,1.0,True,1.0,1.091654891482996e-10,
scripts\PredicciónImágenes\Nodules\00025368_012.png,chest_xray,1.0,True,1.0,1.8119572682551155e-12,
scripts\PredicciónImágenes\Nodules\00014663_008.png,chest_xray,1.0,True,1.0,4.344450910132025e-10,
scripts\PredicciónImágenes\Nodules\00018716_006.png,chest_xray,1.0,True,1.0,2.5845692253056995e-10,
scripts\PredicciónImágenes\Nodules\00010369_007.png,chest_xray,1.0,True,1.0,6.917338923884131e-10,
scripts\PredicciónImágenes\Nodules\00008823_001.png,chest_xray,1.0,True,1.0,1.4727062885161457e-12,
scripts\PredicciónImágenes\Nodules\00014881_000.png,chest_xray,1.0,True,1.0,9.002610397608468e-13,
scripts\PredicciónImágenes\Nodules\00007038_005.png,chest_xray,1.0,True,1.0,4.400380233804402e-12,
scripts\PredicciónImágenes\Nodules\00022326_003.png,chest_xray,1.0,True,1.0,7.452840011801243e-10,
scripts\PredicciónImágenes\Nodules\00013384_002.png,chest_xray,1.0,True,1.0,3.457065189671482e-10,
scripts\PredicciónImágenes\Nodules\00007501_001.png,chest_xray,1.0,True,1.0,5.082050665711213e-12,
scripts\PredicciónImágenes\Nodules\00006642_032.png,chest_xray,1.0,True,1.0,4.3248793435424204e-11,
scripts\PredicciónImágenes\Nodules\00013079_002.png,chest_xray,1.0,True,1.0,4.819639687347888e-10,
scripts\PredicciónImágenes\Nodules\00008437_000.png,chest_xray,1.0,True,1.0,5.430483493440441e-11,
scripts\PredicciónImágenes\Nodules\00015305_000.png,chest_xray,1.0,True,1.0,2.536412191389559e-10,
scripts\PredicciónImágenes\Nodules\00017114_000.png,chest_xray,1.0,True,1.0,8.869748269191291e-10,
scripts\PredicciónImágenes\Nodules\00023307_000.png,chest_xray,1.0,True,1.0,1.8490824149619556e-10,
scripts\PredicciónImágenes\Nodules\00005502_003.png,chest_xray,1.0,True,1.0,9.809301287910799e-11,
scripts\PredicciónImágenes\Nodules\00027290_000.png,chest_xray,1.0,True,1.0,1.2605011479038808e-09,
scripts\PredicciónImágenes\Nodules\00028923_002.png,chest_xray,1.0,True,1.0,3.361980485672156e-11,
scripts\PredicciónImágenes\Nodules\00011982_000.png,chest_xray,1.0,True,1.0,4.182987289880202e-09,
scripts\PredicciónImágenes\Nodules\00003423_001.png,chest_xray,1.0,True,1.0,5.5765850270894646e-11,
scripts\PredicciónImágenes\Nodules\00019373_052.png,chest_xray,1.0,True,1.0,3.367877354776283e-08,
scripts\PredicciónImágenes\Nodules\00010740_004.png,chest_xray,1.0,True,1.0,2.215573731423337e-11,
scripts\PredicciónImágenes\Nodules\00019349_003.png,chest_xray,1.0,True,1.0,1.4156302519108266e-10,
scripts\PredicciónImágenes\Nodules\00014004_002.png,chest_xray,1.0,True,1.0,1.409369149163453e-10,
scripts\PredicciónImágenes\Nodules\00020941_000.png,chest_xray,1.0,True,1.0,2.5744895104651278e-09,
scripts\PredicciónImágenes\Nodules\00016687_000.png,chest_xray,1.0,True,1.0,2.5161348699009878e-11,
scripts\PredicciónImágenes\Nodules\00026275_000.png,chest_xray,1.0,True,1.0,7.275430258246729e-11,
scripts\PredicciónImágenes\Nodules\00004670_000.png,chest_xray,1.0,True,1.0,4.5512266177993865e-10,
scripts\PredicciónImágenes\Nodules\00005681_045.png,chest_xray,1.0,True,1.0,4.161149758097338e-10,
scripts\PredicciónImágenes\Nodules\00019981_000.png,chest_xray,1.0,True,1.0,2.6259602131650794e-11,
scripts\PredicciónImágenes\Nodules\00024620_000.png,chest_xray,1.0,True,1.0,7.240363941263348e-15,
scripts\PredicciónImágenes\Nodules\00001920_001.png,chest_xray,1.0,True,1.0,1.731755849831984e-10,
scripts\PredicciónImágenes\Nodules\00017863_001.png,chest_xray,1.0,True,1.0,3.2188713500191923e-12,
scripts\PredicciónImágenes\Nodules\00008068_011.png,chest_xray,1.0,True,1.0,2.3540716598269285e-10,
scripts\PredicciónImágenes\Nodules\00013714_009.png,chest_xray,1.0,True,1.0,5.681569881232917e-09,
scripts\PredicciónImágenes\Nodules\00018852_001.png,chest_xray,1.0,True,1.0,2.0522115257159967e-11,
scripts\PredicciónImágenes\Nodules\00010198_000.png,chest_xray,0.9999574422836304,True,0.9999574422836304,4.257757245795801e-05,
scripts\PredicciónImágenes\Nodules\00022418_001.png,chest_xray,1.0,True,1.0,4.484011384420228e-09,
scripts\PredicciónImágenes\Nodules\00002345_002.png,chest_xray,1.0,True,1.0,7.779439314958836e-09,
scripts\PredicciónImágenes\Nodules\00009432_001.png,chest_xray,1.0,True,1.0,4.3428852181115474e-10,
scripts\PredicciónImágenes\Nodules\00018712_000.png,chest_xray,1.0,True,1.0,1.7926800668921494e-11,
scripts\PredicciónImágenes\Nodules\00029134_004.png,chest_xray,1.0,True,1.0,3.956794003556752e-09,
scripts\PredicciónImágenes\Nodules\00012374_000.png,chest_xray,1.0,True,1.0,1.8195696685485707e-12,
scripts\PredicciónImágenes\Nodules\00028265_004.png,chest_xray,1.0,True,1.0,1.0785957682557523e-09,
scripts\PredicciónImágenes\Nodules\00013894_000.png,chest_xray,1.0,True,1.0,2.194733110527647e-11,
scripts\PredicciónImágenes\Nodules\00006699_000.png,chest_xray,1.0,True,1.0,8.737862516872141e-11,
scripts\PredicciónImágenes\Nodules\00023162_027.png,chest_xray,1.0,True,1.0,2.438291346607002e-09,
scripts\PredicciónImágenes\Nodules\00020195_012.png,chest_xray,1.0,True,1.0,3.5637868212035073e-09,
scripts\PredicciónImágenes\Nodules\00005091_000.png,chest_xray,1.0,True,1.0,5.699103688971974e-11,
scripts\PredicciónImágenes\Nodules\00025812_006.png,chest_xray,1.0,True,1.0,6.394617280136572e-09,
scripts\PredicciónImágenes\Nodules\00016778_042.png,chest_xray,0.9999998807907104,True,0.9999998807907104,6.626246573659955e-08,
scripts\PredicciónImágenes\Nodules\00014427_007.png,chest_xray,0.999998927116394,True,0.999998927116394,1.103404883906478e-06,
scripts\PredicciónImágenes\Nodules\00007717_002.png,chest_xray,1.0,True,1.0,6.97719920034201e-12,
scripts\PredicciónImágenes\Nodules\00016291_011.png,chest_xray,1.0,True,1.0,2.571278745477912e-10,
scripts\PredicciónImágenes\Nodules\00017608_001.png,chest_xray,1.0,True,1.0,2.541419297230618e-10,
scripts\PredicciónImágenes\Nodules\00017224_000.png,chest_xray,1.0,True,1.0,1.479937483325755e-12,
scripts\PredicciónImágenes\Nodules\00018958_002.png,chest_xray,1.0,True,1.0,2.0376213216710681e-10,
scripts\PredicciónImágenes\Nodules\00028774_028.png,chest_xray,0.9999998807907104,True,0.9999998807907104,1.6393144619542e-07,
scripts\PredicciónImágenes\Nodules\00025150_000.png,chest_xray,1.0,True,1.0,7.14265506549655e-13,
scripts\PredicciónImágenes\Nodules\00010200_000.png,chest_xray,1.0,True,1.0,6.058430840338858e-11,
scripts\PredicciónImágenes\Nodules\00013670_045.png,chest_xray,1.0,True,1.0,3.9451114597355286e-10,
scripts\PredicciónImágenes\Nodules\00021494_004.png,chest_xray,0.99998939037323,True,0.99998939037323,1.055687062034849e-05,
scripts\PredicciónImágenes\Nodules\00018785_001.png,chest_xray,1.0,True,1.0,2.7167219862622716e-11,
scripts\PredicciónImágenes\Nodules\00005311_005.png,chest_xray,1.0,True,1.0,2.1133381156168696e-10,
scripts\PredicciónImágenes\Nodules\00011548_000.png,chest_xray,1.0,True,1.0,7.633195291123496e-12,
scripts\PredicciónImágenes\Nodules\00028291_000.png,chest_xray,1.0,True,1.0,3.742212269230993e-12,
scripts\PredicciónImágenes\Nodules\00022041_001.png,chest_xray,1.0,True,1.0,2.6565024052044306e-12,
scripts\PredicciónImágenes\Nodules\00006410_000.png,chest_xray,1.0,True,1.0,2.1996467147733512e-13,
scripts\PredicciónImágenes\Nodules\00022726_015.png,chest_xray,1.0,True,1.0,5.102319011740519e-09,
scripts\PredicciónImágenes\Nodules\00027891_000.png,chest_xray,1.0,True,1.0,3.16456139071164e-10,
scripts\PredicciónImágenes\Nodules\00001023_001.png,chest_xray,1.0,True,1.0,5.016584023187498e-11,
scripts\PredicciónImágenes\Nodules\00020405_022.png,chest_xray,1.0,True,1.0,2.0556903401747206e-11,
scripts\PredicciónImágenes\Nodules\00023092_003.png,chest_xray,1.0,True,1.0,1.898279589074292e-10,
scripts\PredicciónImágenes\Nodules\00008509_006.png,chest_xray,1.0,True,1.0,2.5064986197698147e-10,
scripts\PredicciónImágenes\Nodules\00010162_000.png,chest_xray,1.0,True,1.0,3.06755597485886e-13,
scripts\PredicciónImágenes\Nodules\00004806_000.png,chest_xray,1.0,True,1.0,4.3991527543148223e-13,
scripts\PredicciónImágenes\Nodules\00005859_000.png,chest_xray,1.0,True,1.0,2.7945083313357655e-12,
scripts\PredicciónImágenes\Nodules\00028606_001.png,chest_xray,1.0,True,1.0,1.9927902383809482e-10,
scripts\PredicciónImágenes\Nodules\00004734_003.png,chest_xray,1.0,True,1.0,5.691936921792262e-10,
scripts\PredicciónImágenes\Nodules\00010775_000.png,chest_xray,1.0,True,1.0,2.8317357139706623e-11,
scripts\PredicciónImágenes\Nodules\00006829_006.png,chest_xray,1.0,True,1.0,1.0347376427910504e-10,
scripts\PredicciónImágenes\Nodules\00002203_000.png,chest_xray,1.0,True,1.0,2.2018496748099636e-10,
scripts\PredicciónImágenes\Nodules\00023310_000.png,chest_xray,1.0,True,1.0,3.134450164699043e-12,
scripts\PredicciónImágenes\Nodules\00020537_006.png,chest_xray,1.0,True,1.0,2.5635673583934704e-09,
scripts\PredicciónImágenes\Nodules\00020106_008.png,chest_xray,1.0,True,1.0,9.496319008928111e-11,
scripts\PredicciónImágenes\Nodules\00026569_001.png,chest_xray,1.0,True,1.0,2.3683482952563395e-10,
scripts\PredicciónImágenes\Nodules\00014264_013.png,chest_xray,1.0,True,1.0,1.8941265222949255e-11,
scripts\PredicciónImágenes\Nodules\00017106_001.png,chest_xray,1.0,True,1.0,1.1639616354086613e-10,
scripts\PredicciónImágenes\Nodules\00019124_129.png,chest_xray,1.0,True,1.0,1.8767509768480295e-10,
scripts\PredicciónImágenes\Nodules\00008435_003.png,chest_xray,1.0,True,1.0,1.1280368861221746e-09,
scripts\PredicciónImágenes\Nodules\00019892_016.png,chest_xray,1.0,True,1.0,4.912377171706339e-09,
scripts\PredicciónImágenes\Nodules\00005722_046.png,chest_xray,1.0,True,1.0,1.3773941986983118e-09,
scripts\PredicciónImágenes\Nodules\00013961_000.png,chest_xray,1.0,True,1.0,2.0799549582672938e-10,
scripts\PredicciónImágenes\Nodules\00015793_004.png,chest_xray,1.0,True,1.0,3.8949257014087024e-11,
scripts\PredicciónImágenes\Nodules\00010872_005.png,chest_xray,1.0,True,1.0,3.123994812836983e-11,
scripts\PredicciónImágenes\Nodules\00021609_009.png,chest_xray,0.9999996423721313,True,0.9999996423721313,3.841816180738533e-07,
scripts\PredicciónImágenes\Nodules\00026641_003.png,chest_xray,1.0,True,1.0,1.5966781230503102e-09,
scripts\PredicciónImágenes\Nodules\00020398_001.png,chest_xray,1.0,True,1.0,2.831267442715557e-10,
scripts\PredicciónImágenes\Nodules\00028019_000.png,chest_xray,1.0,True,1.0,1.1202647967265e-12,
scripts\PredicciónImágenes\Nodules\00003436_001.png,chest_xray,1.0,True,1.0,1.4364930356336458e-09,
scripts\PredicciónImágenes\Nodules\00007585_000.png,chest_xray,1.0,True,1.0,5.765265109931861e-13,
scripts\PredicciónImágenes\Nodules\00028271_003.png,chest_xray,1.0,True,1.0,2.2959580417425407e-11,
scripts\PredicciónImágenes\Nodules\00004001_001.png,chest_xray,1.0,True,1.0,2.7187463391697975e-09,
scripts\PredicciónImágenes\Nodules\00008256_000.png,chest_xray,1.0,True,1.0,3.2364905026838198e-12,
scripts\PredicciónImágenes\Nodules\00010891_001.png,chest_xray,1.0,True,1.0,2.185322062198125e-11,
scripts\PredicciónImágenes\Nodules\00009049_003.png,chest_xray,1.0,True,1.0,2.985313662939859e-10,
scripts\PredicciónImágenes\Nodules\00004523_012.png,chest_xray,1.0,True,1.0,3.2720409715025767e-10,
scripts\PredicciónImágenes\Nodules\00023068_003.png,chest_xray,0.9999995231628418,True,0.9999995231628418,5.049581659477553e-07,
scripts\PredicciónImágenes\Nodules\00025206_002.png,chest_xray,1.0,True,1.0,9.874891182537482e-11,
scripts\PredicciónImágenes\Nodules\00013542_001.png,chest_xray,1.0,True,1.0,1.181423570084661e-10,
scripts\PredicciónImágenes\Nodules\00026185_006.png,chest_xray,1.0,True,1.0,2.4070407889098533e-09,
scripts\PredicciónImágenes\Nodules\00006082_000.png,chest_xray,1.0,True,1.0,3.4359393108474023e-09,
scripts\PredicciónImágenes\Nodules\00009397_009.png,chest_xray,1.0,True,1.0,3.794352887442898e-10,
scripts\PredicciónImágenes\Nodules\00007411_005.png,chest_xray,1.0,True,1.0,2.4004992871945463e-12,
scripts\PredicciónImágenes\Nodules\00023140_000.png,chest_xray,1.0,True,1.0,1.47687667650942e-10,
scripts\PredicciónImágenes\Nodules\00029310_000.png,chest_xray,0.9999971389770508,True,0.9999971389770508,2.849647444236325e-06,
scripts\PredicciónImágenes\Nodules\00017819_006.png,chest_xray,1.0,True,1.0,1.2324553599896149e-09,
scripts\PredicciónImágenes\Nodules\00007018_049.png,chest_xray,1.0,True,1.0,3.4314464603113493e-09,
scripts\PredicciónImágenes\Nodules\00016313_001.png,chest_xray,1.0,True,1.0,9.724465677152239e-11,
scripts\PredicciónImágenes\Nodules\00004132_006.png,chest_xray,1.0,True,1.0,1.82554188779549e-12,
scripts\PredicciónImágenes\Nodules\00003296_000.png,chest_xray,1.0,True,1.0,5.1954083396532624e-12,
scripts\PredicciónImágenes\Nodules\00018634_000.png,chest_xray,0.9999998807907104,True,0.9999998807907104,7.297830251218329e-08,
scripts\PredicciónImágenes\Nodules\00017726_000.png,chest_xray,0.9999998807907104,True,0.9999998807907104,1.302837517869193e-07,
scripts\PredicciónImágenes\Nodules\00019894_021.png,chest_xray,1.0,True,1.0,1.9382828675418295e-11,
scripts\PredicciónImágenes\Nodules\00018836_002.png,chest_xray,1.0,True,1.0,4.646664129859257e-12,
scripts\PredicciónImágenes\Nodules\00007321_009.png,chest_xray,1.0,True,1.0,1.5943088862990784e-11,
scripts\PredicciónImágenes\Nodules\00026197_000.png,chest_xray,1.0,True,1.0,6.4832275832593655e-12,
scripts\PredicciónImágenes\Nodules\00025448_001.png,chest_xray,1.0,True,1.0,4.69844107196804e-13,
scripts\PredicciónImágenes\Nodules\00012659_012.png,chest_xray,1.0,True,1.0,3.3865175108616086e-09,
scripts\PredicciónImágenes\Nodules\00019635_007.png,chest_xray,1.0,True,1.0,8.073125501439904e-12,
scripts\PredicciónImágenes\Nodules\00015556_022.png,chest_xray,1.0,True,1.0,3.28317338593731e-11,
scripts\PredicciónImágenes\Nodules\00017122_000.png,chest_xray,1.0,True,1.0,4.6403542119932695e-10,
scripts\PredicciónImágenes\Nodules\00014663_000.png,chest_xray,1.0,True,1.0,8.214680324858392e-11,
scripts\PredicciónImágenes\Nodules\00027547_006.png,chest_xray,1.0,True,1.0,2.706800278709509e-12,
scripts\PredicciónImágenes\Nodules\00010496_018.png,chest_xray,0.9999996423721313,True,0.9999996423721313,4.0396233202955045e-07,
scripts\PredicciónImágenes\Nodules\00000889_000.png,chest_xray,1.0,True,1.0,1.4377415057109655e-11,
scripts\PredicciónImágenes\Nodules\00028314_000.png,chest_xray,1.0,True,1.0,3.47714704251878e-11,
scripts\PredicciónImágenes\Nodules\00019282_000.png,chest_xray,1.0,True,1.0,7.404509227981748e-10,
scripts\PredicciónImágenes\Nodules\00007283_004.png,chest_xray,1.0,True,1.0,2.5984836504733266e-10,
scripts\PredicciónImágenes\Nodules\00016789_004.png,chest_xray,1.0,True,1.0,3.3697633572415953e-10,
scripts\PredicciónImágenes\Nodules\00009457_001.png,chest_xray,1.0,True,1.0,4.08370254278978e-10,
scripts\PredicciónImágenes\Nodules\00018814_000.png,chest_xray,1.0,True,1.0,3.999102560214851e-08,
scripts\PredicciónImágenes\Nodules\00016630_009.png,chest_xray,1.0,True,1.0,1.1426569759831473e-11,
scripts\PredicciónImágenes\Nodules\00005388_001.png,chest_xray,1.0,True,1.0,2.6213552217768665e-08,
scripts\PredicciónImágenes\Nodules\00000785_001.png,chest_xray,1.0,True,1.0,1.4293521921615593e-08,
scripts\PredicciónImágenes\Nodules\00015173_004.png,chest_xray,1.0,True,1.0,2.0047992432825623e-10,
scripts\PredicciónImágenes\Nodules\00026330_001.png,chest_xray,1.0,True,1.0,1.2419670847307884e-10,
scripts\PredicciónImágenes\Nodules\00028145_006.png,chest_xray,1.0,True,1.0,2.9340682661249673e-10,
scripts\PredicciónImágenes\Nodules\00018813_000.png,chest_xray,1.0,True,1.0,1.1985459846819424e-10,
scripts\PredicciónImágenes\Nodules\00010137_000.png,chest_xray,1.0,True,1.0,4.360926116747654e-12,
scripts\PredicciónImágenes\Nodules\00006699_001.png,chest_xray,1.0,True,1.0,5.703763683584384e-09,
scripts\PredicciónImágenes\Nodules\00019774_006.png,chest_xray,1.0,True,1.0,2.387988973229227e-10,
scripts\PredicciónImágenes\Nodules\00019999_000.png,chest_xray,1.0,True,1.0,3.457655169125662e-12,
scripts\PredicciónImágenes\Nodules\00015309_000.png,chest_xray,1.0,True,1.0,1.6330822111276788e-11,
scripts\PredicciónImágenes\Nodules\00004037_002.png,chest_xray,1.0,True,1.0,9.202703703248272e-12,
scripts\PredicciónImágenes\Nodules\00000399_000.png,chest_xray,1.0,True,1.0,2.498810837067711e-12,
scripts\PredicciónImágenes\Nodules\00018172_000.png,chest_xray,1.0,True,1.0,1.5047636026110922e-08,
scripts\PredicciónImágenes\Nodules\00007454_001.png,chest_xray,0.9999982118606567,True,0.9999982118606567,1.8041623661702033e-06,
scripts\PredicciónImágenes\Nodules\00012450_000.png,chest_xray,1.0,True,1.0,5.361803709358348e-11,
scripts\PredicciónImágenes\Nodules\00005415_000.png,chest_xray,1.0,True,1.0,3.848115426308141e-08,
scripts\PredicciónImágenes\Nodules\00019373_050.png,chest_xray,1.0,True,1.0,6.621120318683893e-11,
scripts\PredicciónImágenes\Nodules\00000902_004.png,chest_xray,1.0,True,1.0,5.60024509405066e-12,
scripts\PredicciónImágenes\Nodules\00020405_014.png,chest_xray,1.0,True,1.0,1.880978706125802e-11,
scripts\PredicciónImágenes\Nodules\00004494_000.png,chest_xray,1.0,True,1.0,2.319289899022081e-11,
scripts\PredicciónImágenes\Nodules\00015147_002.png,chest_xray,1.0,True,1.0,3.9071301749515897e-10,
scripts\PredicciónImágenes\Nodules\00011178_009.png,chest_xray,1.0,True,1.0,4.2361513602484635e-11,
scripts\PredicciónImágenes\Nodules\00006360_003.png,chest_xray,1.0,True,1.0,5.728047897113342e-11,
scripts\PredicciónImágenes\Nodules\00005666_005.png,chest_xray,1.0,True,1.0,6.509201511128992e-11,
scripts\PredicciónImágenes\Nodules\00010801_000.png,chest_xray,1.0,True,1.0,1.8561016439100353e-12,
scripts\PredicciónImágenes\Nodules\00017098_003.png,chest_xray,1.0,True,1.0,5.017710639348971e-12,
scripts\PredicciónImágenes\Nodules\00025707_017.png,chest_xray,0.9999998807907104,True,0.9999998807907104,1.0939533723330896e-07,
scripts\PredicciónImágenes\Nodules\00006288_000.png,chest_xray,0.9999996423721313,True,0.9999996423721313,3.3805855537138996e-07,
scripts\PredicciónImágenes\Nodules\00005682_009.png,chest_xray,1.0,True,1.0,1.0495624369610823e-09,
scripts\PredicciónImágenes\Nodules\00019056_004.png,chest_xray,1.0,True,1.0,7.670010182536657e-10,
scripts\PredicciónImágenes\Nodules\00004872_001.png,chest_xray,1.0,True,1.0,1.8294127324125498e-10,
scripts\PredicciónImágenes\Nodules\00015561_005.png,chest_xray,1.0,True,1.0,1.8850442040641013e-11,
scripts\PredicciónImágenes\Nodules\00026451_051.png,chest_xray,1.0,True,1.0,7.879207508665331e-09,
scripts\PredicciónImágenes\Nodules\00009465_000.png,chest_xray,1.0,True,1.0,3.581657193052479e-11,
scripts\PredicciónImágenes\Nodules\00008342_008.png,chest_xray,1.0,True,1.0,1.1146858436283935e-10,
scripts\PredicciónImágenes\Nodules\00018474_001.png,chest_xray,1.0,True,1.0,4.860313818078055e-10,
scripts\PredicciónImágenes\Nodules\00020848_000.png,chest_xray,1.0,True,1.0,1.845076730289108e-10,
scripts\PredicciónImágenes\Nodules\00028329_000.png,chest_xray,1.0,True,1.0,9.484534685411106e-11,
scripts\PredicciónImágenes\Nodules\00009953_015.png,chest_xray,0.9999997615814209,True,0.9999997615814209,2.9219617658782226e-07,
scripts\PredicciónImágenes\Nodules\00006631_005.png,chest_xray,1.0,True,1.0,1.7293075860180807e-09,
scripts\PredicciónImágenes\Nodules\00005722_035.png,chest_xray,0.9999935626983643,True,0.9999935626983643,6.430563189496752e-06,
scripts\PredicciónImágenes\Nodules\00008342_003.png,chest_xray,1.0,True,1.0,9.46440356641709e-11,
scripts\PredicciónImágenes\Nodules\00009860_000.png,chest_xray,1.0,True,1.0,1.4426097816322425e-10,
scripts\PredicciónImágenes\Nodules\00005493_011.png,chest_xray,1.0,True,1.0,2.598793713559644e-08,
scripts\PredicciónImágenes\Nodules\00014052_004.png,chest_xray,1.0,True,1.0,7.580883143454287e-10,
scripts\PredicciónImágenes\Nodules\00020405_007.png,chest_xray,1.0,True,1.0,4.3872105948139506e-10,
scripts\PredicciónImágenes\Nodules\00016901_000.png,chest_xray,1.0,True,1.0,1.3260110023893823e-11,
scripts\PredicciónImágenes\Nodules\00017691_002.png,chest_xray,1.0,True,1.0,9.860860572530328e-09,
scripts\PredicciónImágenes\Nodules\00016568_052.png,chest_xray,1.0,True,1.0,3.782026358756241e-10,
scripts\PredicciónImágenes\Nodules\00025707_019.png,chest_xray,1.0,True,1.0,4.532765274234407e-10,
scripts\PredicciónImágenes\Nodules\00016560_000.png,chest_xray,1.0,True,1.0,1.3043045532512565e-09,
scripts\PredicciónImágenes\Nodules\00010646_000.png,chest_xray,1.0,True,1.0,1.700522188341491e-11,
scripts\PredicciónImágenes\Nodules\00026185_005.png,chest_xray,1.0,True,1.0,5.311292738952034e-09,
scripts\PredicciónImágenes\Nodules\00019124_067.png,chest_xray,1.0,True,1.0,1.4459036398739578e-11,
scripts\PredicciónImágenes\Nodules\00013935_004.png,chest_xray,1.0,True,1.0,4.402422523752669e-11,
scripts\PredicciónImágenes\Nodules\00006598_001.png,chest_xray,1.0,True,1.0,1.3645993224287167e-09,
scripts\PredicciónImágenes\Nodules\00009397_006.png,chest_xray,1.0,True,1.0,1.1014514300633493e-10,
scripts\PredicciónImágenes\Nodules\00003369_000.png,chest_xray,1.0,True,1.0,4.750829590838279e-11,
scripts\PredicciónImágenes\Nodules\00004176_002.png,chest_xray,1.0,True,1.0,2.3685650663018976e-10,
scripts\PredicciónImágenes\Nodules\00017978_000.png,chest_xray,1.0,True,1.0,5.165908256721252e-10,
scripts\PredicciónImágenes\Nodules\00010597_000.png,chest_xray,1.0,True,1.0,4.7104337791425976e-11,
scripts\PredicciónImágenes\Nodules\00004095_000.png,chest_xray,1.0,True,1.0,1.1133271193841665e-08,
scripts\PredicciónImágenes\Nodules\00027415_028.png,chest_xray,0.9998759031295776,True,0.9998759031295776,0.00012406708265189081,
scripts\PredicciónImágenes\Nodules\00016079_014.png,chest_xray,1.0,True,1.0,9.79804432033049e-11,
scripts\PredicciónImágenes\Nodules\00011144_013.png,chest_xray,1.0,True,1.0,1.2445897090707092e-10,
scripts\PredicciónImágenes\Nodules\00003340_000.png,chest_xray,1.0,True,1.0,2.671242427254583e-08,
scripts\PredicciónImágenes\Nodules\00020070_007.png,chest_xray,1.0,True,1.0,8.333120304904185e-10,
scripts\PredicciónImágenes\Nodules\00018597_000.png,chest_xray,1.0,True,1.0,2.466302717607505e-10,
scripts\PredicciónImágenes\Nodules\00025371_000.png,chest_xray,1.0,True,1.0,3.595665543087989e-09,
scripts\PredicciónImágenes\Nodules\00005115_001.png,chest_xray,1.0,True,1.0,3.3676778813523933e-12,
scripts\PredicciónImágenes\Nodules\00003490_007.png,chest_xray,1.0,True,1.0,2.4684098515193043e-11,
scripts\PredicciónImágenes\Nodules\00010200_002.png,chest_xray,1.0,True,1.0,3.9204757495969744e-11,
scripts\PredicciónImágenes\Nodules\00019635_000.png,chest_xray,1.0,True,1.0,1.0410038716462955e-12,
scripts\PredicciónImágenes\Nodules\00010335_000.png,chest_xray,0.9999996423721313,True,0.9999996423721313,4.127835211420461e-07,
scripts\PredicciónImágenes\Nodules\00012374_001.png,chest_xray,1.0,True,1.0,1.2956541221853524e-12,
scripts\PredicciónImágenes\Nodules\00028923_000.png,chest_xray,1.0,True,1.0,1.9673855877755386e-09,
scripts\PredicciónImágenes\Nodules\00022488_000.png,chest_xray,1.0,True,1.0,2.7371095612238605e-08,
scripts\PredicciónImágenes\Nodules\00007780_001.png,chest_xray,1.0,True,1.0,3.1352394638806125e-12,
scripts\PredicciónImágenes\Nodules\00012520_005.png,chest_xray,1.0,True,1.0,4.742889067599343e-11,
scripts\PredicciónImágenes\Nodules\00022037_001.png,chest_xray,1.0,True,1.0,3.3024151989413664e-12,
scripts\PredicciónImágenes\Nodules\00020629_017.png,chest_xray,1.0,True,1.0,1.0811791462117526e-08,
scripts\PredicciónImágenes\Nodules\00021294_001.png,chest_xray,1.0,True,1.0,9.528782207723907e-10,
scripts\PredicciónImágenes\Nodules\00028285_000.png,chest_xray,1.0,True,1.0,4.268386977201999e-09,
scripts\PredicciónImágenes\Nodules\00005776_010.png,chest_xray,1.0,True,1.0,1.6917130890581333e-11,
scripts\PredicciónImágenes\Nodules\00028421_005.png,chest_xray,1.0,True,1.0,2.2358731619626093e-12,
scripts\PredicciónImágenes\Nodules\00006330_008.png,chest_xray,1.0,True,1.0,5.413861199621284e-12,
scripts\PredicciónImágenes\Nodules\00023026_001.png,chest_xray,1.0,True,1.0,7.989578616751647e-12,
scripts\PredicciónImágenes\Nodules\00020396_002.png,chest_xray,1.0,True,1.0,3.452648583701645e-11,
scripts\PredicciónImágenes\Nodules\00009649_002.png,chest_xray,1.0,True,1.0,2.7029012708568168e-11,
scripts\PredicciónImágenes\Nodules\00014805_000.png,chest_xray,1.0,True,1.0,2.2101669452934125e-11,
scripts\PredicciónImágenes\Nodules\00017726_016.png,chest_xray,1.0,True,1.0,7.324657769203213e-09,
scripts\PredicciónImágenes\Nodules\00016568_000.png,chest_xray,1.0,True,1.0,3.0791319494127833e-10,
scripts\PredicciónImágenes\Nodules\00020631_002.png,chest_xray,1.0,True,1.0,7.490922487342344e-13,
scripts\PredicciónImágenes\Nodules\00025858_001.png,chest_xray,0.9999810457229614,True,0.9999810457229614,1.892846921691671e-05,
scripts\PredicciónImágenes\Nodules\00015141_004.png,chest_xray,1.0,True,1.0,2.100891405287797e-10,
scripts\PredicciónImágenes\Nodules\00009723_000.png,chest_xray,1.0,True,1.0,2.7201352281736035e-10,
scripts\PredicciónImágenes\Nodules\00008825_000.png,chest_xray,1.0,True,1.0,8.497180736810606e-11,
scripts\PredicciónImágenes\Nodules\00030615_002.png,chest_xray,1.0,True,1.0,1.8221502529058853e-08,
scripts\PredicciónImágenes\Nodules\00007274_008.png,chest_xray,1.0,True,1.0,5.7205580550334645e-11,
scripts\PredicciónImágenes\Nodules\00005336_000.png,chest_xray,1.0,True,1.0,5.830591831568199e-08,
scripts\PredicciónImágenes\Nodules\00026793_009.png,chest_xray,1.0,True,1.0,1.2361525865423051e-11,
scripts\PredicciónImágenes\Nodules\00015162_000.png,chest_xray,1.0,True,1.0,4.492186622684358e-09,
scripts\PredicciónImágenes\Nodules\00009120_007.png,chest_xray,1.0,True,1.0,1.7632451054794274e-11,
scripts\PredicciónImágenes\Nodules\00018213_001.png,chest_xray,0.9993962049484253,True,0.9993962049484253,0.0006037527928128839,
scripts\PredicciónImágenes\Nodules\00027392_000.png,chest_xray,1.0,True,1.0,3.604801526724266e-11,
scripts\PredicciónImágenes\Nodules\00008036_004.png,chest_xray,1.0,True,1.0,6.8537679871749635e-12,
scripts\PredicciónImágenes\Nodules\00010780_014.png,chest_xray,1.0,True,1.0,2.5081545729221943e-09,
scripts\PredicciónImágenes\Nodules\00013449_003.png,chest_xray,1.0,True,1.0,1.162419743794274e-10,
scripts\PredicciónImágenes\Nodules\00006287_000.png,chest_xray,1.0,True,1.0,5.333262477480449e-12,
scripts\PredicciónImágenes\Nodules\00008636_003.png,chest_xray,1.0,True,1.0,2.096176288102214e-10,
scripts\PredicciónImágenes\Nodules\00000537_000.png,chest_xray,1.0,True,1.0,4.880799540571412e-13,
scripts\PredicciónImágenes\Nodules\00026232_025.png,chest_xray,1.0,True,1.0,5.827678606351583e-08,
scripts\PredicciónImágenes\Nodules\00015555_000.png,chest_xray,1.0,True,1.0,5.095214528072489e-11,
scripts\PredicciónImágenes\Nodules\00020166_001.png,chest_xray,1.0,True,1.0,1.8621397757101477e-09,
scripts\PredicciónImágenes\Nodules\00002431_000.png,chest_xray,1.0,True,1.0,1.9299926989901905e-08,
scripts\PredicciónImágenes\Nodules\00002547_008.png,chest_xray,1.0,True,1.0,2.903173849325841e-13,
scripts\PredicciónImágenes\Nodules\00023162_002.png,chest_xray,0.999997615814209,True,0.999997615814209,2.373405322941835e-06,
scripts\PredicciónImágenes\Nodules\00013670_043.png,chest_xray,1.0,True,1.0,1.0598608213285843e-08,
scripts\PredicciónImágenes\Nodules\00004754_000.png,chest_xray,1.0,True,1.0,6.8502331584952e-10,
scripts\PredicciónImágenes\Nodules\00009293_002.png,chest_xray,1.0,True,1.0,4.586285236134191e-13,
scripts\PredicciónImágenes\Nodules\00005218_024.png,chest_xray,1.0,True,1.0,1.0735917710391618e-09,
scripts\PredicciónImágenes\Nodules\00011832_004.png,chest_xray,1.0,True,1.0,1.490976613005568e-11,
scripts\PredicciónImágenes\Nodules\00022208_001.png,chest_xray,1.0,True,1.0,5.160570859530367e-10,
scripts\PredicciónImágenes\Nodules\00014646_003.png,chest_xray,1.0,True,1.0,1.7979054009464868e-11,
scripts\PredicciónImágenes\Nodules\00005053_000.png,chest_xray,1.0,True,1.0,1.8819223956967335e-11,
scripts\PredicciónImágenes\Nodules\00011415_000.png,chest_xray,1.0,True,1.0,2.4291952130384153e-11,
scripts\PredicciónImágenes\Nodules\00006247_001.png,chest_xray,1.0,True,1.0,2.4036835889751362e-12,
scripts\PredicciónImágenes\Nodules\00014358_003.png,chest_xray,1.0,True,1.0,4.054785396334637e-09,
scripts\PredicciónImágenes\Nodules\00030270_000.png,chest_xray,1.0,True,1.0,4.283766674717526e-10,
scripts\PredicciónImágenes\Nodules\00003503_002.png,chest_xray,1.0,True,1.0,2.46397657832631e-09,
scripts\PredicciónImágenes\Nodules\00030234_000.png,chest_xray,0.9999996423721313,True,0.9999996423721313,3.725832584677846e-07,
scripts\PredicciónImágenes\Nodules\00000174_002.png,chest_xray,1.0,True,1.0,9.08237027252845e-11,
scripts\PredicciónImágenes\Nodules\00022703_000.png,chest_xray,1.0,True,1.0,4.3525710813341334e-10,
scripts\PredicciónImágenes\Nodules\00003868_000.png,chest_xray,1.0,True,1.0,9.031001502179947e-10,
scripts\PredicciónImágenes\Nodules\00026275_006.png,chest_xray,1.0,True,1.0,4.925629348839777e-11,
scripts\PredicciónImágenes\Nodules\00010592_006.png,chest_xray,1.0,True,1.0,4.74209782552748e-09,
scripts\PredicciónImágenes\Nodules\00003393_028.png,chest_xray,1.0,True,1.0,4.863933256160635e-09,
scripts\PredicciónImágenes\Nodules\00016487_000.png,chest_xray,1.0,True,1.0,6.646632688678267e-10,
scripts\PredicciónImágenes\Nodules\00009185_001.png,chest_xray,1.0,True,1.0,3.822032274003462e-11,
scripts\PredicciónImágenes\Nodules\00008695_000.png,chest_xray,1.0,True,1.0,1.9771302650628542e-11,
scripts\PredicciónImágenes\Nodules\00020236_000.png,chest_xray,1.0,True,1.0,1.5274749780996855e-12,
scripts\PredicciónImágenes\Nodules\00023033_010.png,chest_xray,1.0,True,1.0,1.8976641091850155e-10,
scripts\PredicciónImágenes\Nodules\00004911_015.png,chest_xray,1.0,True,1.0,2.78787243290779e-10,
scripts\PredicciónImágenes\Nodules\00020274_022.png,chest_xray,1.0,True,1.0,1.3869718706871481e-09,
scripts\PredicciónImágenes\Nodules\00010815_025.png,chest_xray,1.0,True,1.0,1.7663202012130341e-09,
scripts\PredicciónImágenes\Nodules\00012485_000.png,chest_xray,1.0,True,1.0,3.681351751216866e-11,
scripts\PredicciónImágenes\Nodules\00001836_136.png,chest_xray,1.0,True,1.0,1.078699085610424e-08,
scripts\PredicciónImágenes\Nodules\00027725_056.png,chest_xray,1.0,True,1.0,1.2557887174580173e-08,
scripts\PredicciónImágenes\Nodules\00021940_000.png,chest_xray,1.0,True,1.0,1.6681991343858726e-09,
scripts\PredicciónImágenes\Nodules\00002509_000.png,chest_xray,1.0,True,1.0,8.928187633649998e-10,
scripts\PredicciónImágenes\Nodules\00015679_003.png,chest_xray,1.0,True,1.0,9.086806307401218e-11,
scripts\PredicciónImágenes\Nodules\00029481_000.png,chest_xray,1.0,True,1.0,1.2465765086844272e-09,
scripts\PredicciónImágenes\Nodules\00014663_004.png,chest_xray,1.0,True,1.0,1.0212138690235406e-08,
scripts\PredicciónImágenes\Nodules\00027675_000.png,chest_xray,1.0,True,1.0,1.8809293012012063e-10,
scripts\PredicciónImágenes\Nodules\00030301_000.png,chest_xray,1.0,True,1.0,1.4544505357039217e-11,
scripts\PredicciónImágenes\Nodules\00027725_022.png,chest_xray,0.9999992847442627,True,0.9999992847442627,6.581606157851638e-07,
scripts\PredicciónImágenes\Nodules\00028689_000.png,chest_xray,1.0,True,1.0,2.9031838044701885e-10,
scripts\PredicciónImágenes\Nodules\00018104_008.png,chest_xray,0.9999493360519409,True,0.9999493360519409,5.0652735808398575e-05,
scripts\PredicciónImágenes\Nodules\00026818_003.png,chest_xray,0.9999997615814209,True,0.9999997615814209,2.91744811420358e-07,
scripts\PredicciónImágenes\Nodules\00014880_000.png,chest_xray,1.0,True,1.0,1.4568474204779136e-10,
scripts\PredicciónImágenes\Nodules\00017306_001.png,chest_xray,1.0,True,1.0,2.0607515693882306e-10,
scripts\PredicciónImágenes\Nodules\00029283_001.png,chest_xray,1.0,True,1.0,2.7338784569508334e-09,
scripts\PredicciónImágenes\Nodules\00006960_007.png,chest_xray,1.0,True,1.0,1.3772982754289842e-11,
scripts\PredicciónImágenes\Nodules\00019176_005.png,chest_xray,1.0,True,1.0,5.541455294633124e-08,
scripts\PredicciónImágenes\Nodules\00028392_003.png,chest_xray,1.0,True,1.0,5.315790030380185e-10,
scripts\PredicciónImágenes\Nodules\00007482_003.png,chest_xray,1.0,True,1.0,2.93554042185562e-10,
scripts\PredicciónImágenes\Nodules\00005294_000.png,chest_xray,1.0,True,1.0,1.6847563344413174e-09,
scripts\PredicciónImágenes\Nodules\00019530_017.png,chest_xray,1.0,True,1.0,4.508946688241977e-11,
scripts\PredicciónImágenes\Nodules\00011181_000.png,chest_xray,1.0,True,1.0,1.4402281450776044e-11,
scripts\PredicciónImágenes\Nodules\00018558_000.png,chest_xray,1.0,True,1.0,6.5755183520366245e-09,
scripts\PredicciónImágenes\Nodules\00004528_000.png,chest_xray,1.0,True,1.0,3.8856988737734355e-09,
scripts\PredicciónImágenes\Nodules\00014771_009.png,chest_xray,1.0,True,1.0,1.6774392985752229e-09,
scripts\PredicciónImágenes\Nodules\00027849_000.png,chest_xray,1.0,True,1.0,4.156852195791316e-09,
scripts\PredicciónImágenes\Nodules\00008504_000.png,chest_xray,1.0,True,1.0,2.072258814198036e-12,
scripts\PredicciónImágenes\Nodules\00017098_014.png,chest_xray,0.9999996423721313,True,0.9999996423721313,3.105440953277139e-07,
scripts\PredicciónImágenes\Nodules\00014663_049.png,chest_xray,1.0,True,1.0,1.4772660872353072e-09,
scripts\PredicciónImágenes\Nodules\00018102_003.png,chest_xray,0.9999997615814209,True,0.9999997615814209,2.5450657403780497e-07,
scripts\PredicciónImágenes\Nodules\00025368_023.png,chest_xray,1.0,True,1.0,1.0413941931020076e-10,
scripts\PredicciónImágenes\Nodules\00005604_000.png,chest_xray,1.0,True,1.0,1.5457244373351386e-09,
scripts\PredicciónImágenes\Nodules\00019124_049.png,chest_xray,1.0,True,1.0,1.5778843120983765e-08,
scripts\PredicciónImágenes\Nodules\00009709_000.png,chest_xray,1.0,True,1.0,1.8922065303517144e-10,
scripts\PredicciónImágenes\Nodules\00001085_000.png,chest_xray,0.9999833106994629,True,0.9999833106994629,1.6645466530462727e-05,
scripts\PredicciónImágenes\Nodules\00003393_027.png,chest_xray,1.0,True,1.0,2.3728168319081533e-09,
scripts\PredicciónImágenes\Nodules\00012184_002.png,chest_xray,1.0,True,1.0,3.338123111262803e-10,
scripts\PredicciónImágenes\Nodules\00001040_001.png,chest_xray,1.0,True,1.0,5.583353918092726e-11,
scripts\PredicciónImágenes\Nodules\00028837_000.png,chest_xray,1.0,True,1.0,6.629347071296365e-11,
scripts\PredicciónImágenes\Nodules\00007274_005.png,chest_xray,1.0,True,1.0,2.140881638634795e-10,
scripts\PredicciónImágenes\Nodules\00015754_003.png,chest_xray,1.0,True,1.0,9.112192771165706e-12,
scripts\PredicciónImágenes\Nodules\00000621_005.png,chest_xray,1.0,True,1.0,1.2035048305159002e-11,
scripts\PredicciónImágenes\Nodules\00014579_000.png,chest_xray,1.0,True,1.0,1.2275491734214938e-10,
scripts\PredicciónImágenes\Nodules\00017970_000.png,chest_xray,1.0,True,1.0,6.213685677103342e-10,
scripts\PredicciónImágenes\Nodules\00012302_000.png,chest_xray,1.0,True,1.0,6.302788152501293e-11,
scripts\PredicciónImágenes\Nodules\00018921_073.png,chest_xray,1.0,True,1.0,5.978519013183359e-09,
scripts\PredicciónImágenes\Nodules\00019479_010.png,chest_xray,1.0,True,1.0,5.424391602559808e-09,
scripts\PredicciónImágenes\Nodules\00006642_005.png,chest_xray,1.0,True,1.0,2.4113879781850756e-09,
scripts\PredicciónImágenes\Nodules\00000646_001.png,chest_xray,1.0,True,1.0,1.956910111386434e-13,
scripts\PredicciónImágenes\Nodules\00012279_000.png,chest_xray,1.0,True,1.0,1.1328741764127237e-11,
scripts\PredicciónImágenes\Nodules\00000779_000.png,chest_xray,1.0,True,1.0,4.6089473383637e-12,
scripts\PredicciónImágenes\Nodules\00015196_013.png,chest_xray,1.0,True,1.0,2.573192214860853e-10,
scripts\PredicciónImágenes\Nodules\00014981_001.png,chest_xray,1.0,True,1.0,4.4750719796482485e-10,
scripts\PredicciónImágenes\Nodules\00006517_007.png,chest_xray,1.0,True,1.0,1.6299897542815245e-10,
scripts\PredicciónImágenes\Nodules\00020126_000.png,chest_xray,1.0,True,1.0,1.2754092920674864e-11,
scripts\PredicciónImágenes\Nodules\00003993_000.png,chest_xray,1.0,True,1.0,1.0059817562302342e-12,
scripts\PredicciónImágenes\Nodules\00005493_010.png,chest_xray,1.0,True,1.0,9.023128078045062e-11,
scripts\PredicciónImágenes\Nodules\00019739_000.png,chest_xray,1.0,True,1.0,2.017259406392191e-12,
scripts\PredicciónImágenes\Nodules\00003832_001.png,chest_xray,1.0,True,1.0,1.7134174938246427e-12,
scripts\PredicciónImágenes\Nodules\00000071_004.png,chest_xray,1.0,True,1.0,2.5931179425953133e-09,
scripts\PredicciónImágenes\Nodules\00020716_001.png,chest_xray,1.0,True,1.0,2.236602396343823e-12,
scripts\PredicciónImágenes\Nodules\00005853_001.png,chest_xray,1.0,True,1.0,1.598363930099822e-08,
scripts\PredicciónImágenes\Nodules\00016896_008.png,chest_xray,1.0,True,1.0,3.9892537190278077e-11,
scripts\PredicciónImágenes\Nodules\00026814_004.png,chest_xray,1.0,True,1.0,2.6536287056622143e-10,
scripts\PredicciónImágenes\Nodules\00019115_000.png,chest_xray,1.0,True,1.0,1.1405639988026905e-08,
scripts\PredicciónImágenes\Nodules\00002477_000.png,chest_xray,1.0,True,1.0,1.3285165068738225e-12,
scripts\PredicciónImágenes\Nodules\00003503_003.png,chest_xray,1.0,True,1.0,1.5669172556687094e-11,
scripts\PredicciónImágenes\Nodules\00003604_000.png,chest_xray,1.0,True,1.0,1.5588262018001453e-12,
scripts\PredicciónImágenes\Nodules\00014458_007.png,chest_xray,0.9999997615814209,True,0.9999997615814209,2.0465668626457045e-07,
scripts\PredicciónImágenes\Nodules\00008362_008.png,chest_xray,1.0,True,1.0,1.0498722724516796e-10,
scripts\PredicciónImágenes\Nodules\00017933_002.png,chest_xray,1.0,True,1.0,1.0997253455102829e-11,
scripts\PredicciónImágenes\Nodules\00026232_000.png,chest_xray,0.999997615814209,True,0.999997615814209,2.428232164675137e-06,
scripts\PredicciónImágenes\Nodules\00002657_000.png,chest_xray,1.0,True,1.0,1.582095045249421e-11,
scripts\PredicciónImágenes\Nodules\00007731_005.png,chest_xray,1.0,True,1.0,3.6831459106559383e-13,
scripts\PredicciónImágenes\Nodules\00012592_005.png,chest_xray,0.9999998807907104,True,0.9999998807907104,6.728656387622323e-08,
scripts\PredicciónImágenes\Nodules\00019805_000.png,chest_xray,1.0,True,1.0,2.22628556215132e-12,
scripts\PredicciónImágenes\Nodules\00010872_000.png,chest_xray,1.0,True,1.0,3.1289981022863955e-11,
scripts\PredicciónImágenes\Nodules\00005138_006.png,chest_xray,1.0,True,1.0,3.392206293639788e-09,
scripts\PredicciónImágenes\Nodules\00011640_001.png,chest_xray,1.0,True,1.0,1.1376759534442726e-09,
scripts\PredicciónImágenes\Nodules\00016106_004.png,chest_xray,1.0,True,1.0,1.3713552071692447e-08,
scripts\PredicciónImágenes\Nodules\00015754_004.png,chest_xray,1.0,True,1.0,3.756633337737014e-10,
scripts\PredicciónImágenes\Nodules\00013665_001.png,chest_xray,1.0,True,1.0,7.383615420464285e-12,
scripts\PredicciónImágenes\Nodules\00019314_003.png,chest_xray,1.0,True,1.0,1.425742995886381e-10,
scripts\PredicciónImágenes\Nodules\00008701_030.png,chest_xray,1.0,True,1.0,7.220413156261429e-10,
scripts\PredicciónImágenes\Nodules\00015792_002.png,chest_xray,1.0,True,1.0,1.0440787123755513e-11,
scripts\PredicciónImágenes\Nodules\00017123_002.png,chest_xray,1.0,True,1.0,2.2622645076686432e-11,
scripts\PredicciónImágenes\Nodules\00006925_004.png,chest_xray,1.0,True,1.0,1.5177062731575042e-11,
scripts\PredicciónImágenes\Nodules\00014458_000.png,chest_xray,1.0,True,1.0,5.187225093905568e-10,
scripts\PredicciónImágenes\Nodules\00029144_001.png,chest_xray,1.0,True,1.0,3.7803316033091505e-10,
scripts\PredicciónImágenes\Nodules\00022740_003.png,chest_xray,1.0,True,1.0,1.2922255487879397e-09,
scripts\PredicciónImágenes\Nodules\00015920_007.png,chest_xray,1.0,True,1.0,3.043996443796715e-10,
scripts\PredicciónImágenes\Nodules\00017423_001.png,chest_xray,1.0,True,1.0,5.2679027362501074e-08,
scripts\PredicciónImágenes\Nodules\00008534_000.png,chest_xray,1.0,True,1.0,2.3641769097970666e-11,
scripts\PredicciónImágenes\Nodules\00026571_000.png,chest_xray,1.0,True,1.0,1.0645783560248034e-10,
scripts\PredicciónImágenes\Nodules\00015101_000.png,chest_xray,1.0,True,1.0,1.92575001084494e-11,
scripts\PredicciónImágenes\Nodules\00016805_010.png,chest_xray,1.0,True,1.0,4.828767941056356e-10,
scripts\PredicciónImágenes\Nodules\00013247_000.png,chest_xray,1.0,True,1.0,3.6453762231047904e-10,
scripts\PredicciónImágenes\Nodules\00011565_002.png,chest_xray,1.0,True,1.0,2.5053442393591085e-12,
scripts\PredicciónImágenes\Nodules\00017138_053.png,chest_xray,1.0,True,1.0,5.25008800877913e-08,
scripts\PredicciónImágenes\Nodules\00015115_000.png,chest_xray,1.0,True,1.0,6.925052087325412e-09,
scripts\PredicciónImágenes\Nodules\00006642_034.png,chest_xray,1.0,True,1.0,8.586719009440191e-12,
scripts\PredicciónImágenes\Nodules\00000781_002.png,chest_xray,1.0,True,1.0,4.660208417078815e-12,
scripts\PredicciónImágenes\Nodules\00027041_000.png,chest_xray,1.0,True,1.0,7.96074939302116e-09,
scripts\PredicciónImágenes\Nodules\00009120_009.png,chest_xray,1.0,True,1.0,5.699013743559744e-12,
scripts\PredicciónImágenes\Nodules\00010509_005.png,chest_xray,1.0,True,1.0,1.5839315969934376e-10,
scripts\PredicciónImágenes\Nodules\00006448_000.png,chest_xray,1.0,True,1.0,1.1622651729936706e-09,
scripts\PredicciónImágenes\Nodules\00005977_011.png,chest_xray,1.0,True,1.0,1.0738497868700847e-09,
scripts\PredicciónImágenes\Nodules\00022572_066.png,chest_xray,1.0,True,1.0,1.606091704076107e-09,
scripts\PredicciónImágenes\Nodules\00008435_006.png,chest_xray,0.9999997615814209,True,0.9999997615814209,2.081265222386719e-07,
scripts\PredicciónImágenes\Nodules\00002413_000.png,chest_xray,1.0,True,1.0,5.733078456415797e-10,
scripts\PredicciónImágenes\Nodules\00019279_000.png,chest_xray,1.0,True,1.0,1.4409000659298954e-09,
scripts\PredicciónImágenes\Nodules\00006304_032.png,chest_xray,1.0,True,1.0,5.35007416146982e-08,
scripts\PredicciónImágenes\Nodules\00007090_000.png,chest_xray,1.0,True,1.0,8.311147603468072e-11,
scripts\PredicciónImágenes\Nodules\00002943_001.png,chest_xray,1.0,True,1.0,2.76968118578802e-11,
scripts\PredicciónImágenes\Nodules\00012129_004.png,chest_xray,1.0,True,1.0,2.9157781966659968e-08,
scripts\PredicciónImágenes\Nodules\00013449_002.png,chest_xray,1.0,True,1.0,2.310062731381013e-11,
scripts\PredicciónImágenes\Nodules\00022050_000.png,chest_xray,1.0,True,1.0,1.4002917714250884e-09,
scripts\PredicciónImágenes\Nodules\00014033_003.png,chest_xray,1.0,True,1.0,2.19615596819267e-08,
scripts\PredicciónImágenes\Nodules\00004001_004.png,chest_xray,1.0,True,1.0,1.2859643037932411e-11,
scripts\PredicciónImágenes\Nodules\00000344_004.png,chest_xray,1.0,True,1.0,8.23823620432762e-10,
scripts\PredicciónImágenes\Nodules\00022684_001.png,chest_xray,1.0,True,1.0,3.87876591956271e-10,
scripts\PredicciónImágenes\Nodules\00014429_006.png,chest_xray,1.0,True,1.0,4.304483852690666e-12,
scripts\PredicciónImágenes\Nodules\00006631_003.png,chest_xray,1.0,True,1.0,4.7979183126489744e-11,
scripts\PredicciónImágenes\Nodules\00001673_001.png,chest_xray,1.0,True,1.0,6.044992197778987e-12,
scripts\PredicciónImágenes\Nodules\00009007_001.png,chest_xray,1.0,True,1.0,5.635304722861889e-12,
scripts\PredicciónImágenes\Nodules\00012045_001.png,chest_xray,1.0,True,1.0,1.6447428141663778e-10,
scripts\PredicciónImágenes\Nodules\00018277_003.png,chest_xray,0.9999979734420776,True,0.9999979734420776,1.996149194383179e-06,
scripts\PredicciónImágenes\Nodules\00016509_002.png,chest_xray,1.0,True,1.0,5.160403215853648e-10,
scripts\PredicciónImágenes\Nodules\00017527_000.png,chest_xray,1.0,True,1.0,2.8998782541922452e-11,
scripts\PredicciónImágenes\Nodules\00020967_021.png,chest_xray,1.0,True,1.0,2.7397626268382824e-12,
scripts\PredicciónImágenes\Nodules\00020974_000.png,chest_xray,1.0,True,1.0,1.7627743015280473e-11,
scripts\PredicciónImágenes\Nodules\00022231_000.png,chest_xray,1.0,True,1.0,2.33405988980806e-10,
scripts\PredicciónImágenes\Nodules\00003599_002.png,chest_xray,1.0,True,1.0,2.434341395129991e-09,
scripts\PredicciónImágenes\Nodules\00002360_001.png,chest_xray,1.0,True,1.0,2.676494137432428e-09,
scripts\PredicciónImágenes\Nodules\00028019_001.png,chest_xray,1.0,True,1.0,2.2726874202017022e-11,
scripts\PredicciónImágenes\Nodules\00023162_028.png,chest_xray,1.0,True,1.0,2.0158970048811398e-09,
scripts\PredicciónImágenes\Nodules\00017646_001.png,chest_xray,1.0,True,1.0,2.0475422246590824e-08,
scripts\PredicciónImágenes\Nodules\00003393_041.png,chest_xray,1.0,True,1.0,1.741369715091423e-08,
scripts\PredicciónImágenes\Nodules\00010350_001.png,chest_xray,0.9999998807907104,True,0.9999998807907104,1.5622678972704307e-07,
scripts\PredicciónImágenes\Nodules\00020156_002.png,chest_xray,1.0,True,1.0,3.2762392798701967e-09,
scripts\PredicciónImágenes\Nodules\00001320_001.png,chest_xray,1.0,True,1.0,3.094926981361823e-08,
scripts\PredicciónImágenes\Nodules\00005721_000.png,chest_xray,1.0,True,1.0,4.479333293172516e-10,
scripts\PredicciónImágenes\Nodules\00001182_003.png,chest_xray,1.0,True,1.0,9.813250212431512e-11,
scripts\PredicciónImágenes\Nodules\00011328_003.png,chest_xray,1.0,True,1.0,5.1381503496372716e-09,
scripts\PredicciónImágenes\Nodules\00000383_001.png,chest_xray,1.0,True,1.0,1.4737426834443568e-09,
scripts\PredicciónImágenes\Nodules\00013490_006.png,chest_xray,1.0,True,1.0,1.9323517785885258e-10,
scripts\PredicciónImágenes\Nodules\00027322_005.png,chest_xray,1.0,True,1.0,2.949038790944769e-09,
scripts\PredicciónImágenes\Nodules\00007717_006.png,chest_xray,1.0,True,1.0,3.4437678403387295e-12,
scripts\PredicciónImágenes\Nodules\00013042_002.png,chest_xray,1.0,True,1.0,2.7609151076468663e-11,
scripts\PredicciónImágenes\Nodules\00018359_000.png,chest_xray,1.0,True,1.0,1.1627041551776074e-09,
scripts\PredicciónImágenes\Nodules\00005103_000.png,chest_xray,1.0,True,1.0,8.128718184674533e-12,
scripts\PredicciónImágenes\Nodules\00005777_002.png,chest_xray,1.0,True,1.0,2.3986492792005265e-09,
scripts\PredicciónImágenes\Nodules\00010608_000.png,chest_xray,1.0,True,1.0,5.000110547825898e-09,
scripts\PredicciónImágenes\Nodules\00006411_002.png,chest_xray,1.0,True,1.0,2.726412517972676e-08,
scripts\PredicciónImágenes\Nodules\00019348_003.png,chest_xray,1.0,True,1.0,3.159569050836808e-09,
scripts\PredicciónImágenes\Nodules\00010198_017.png,chest_xray,1.0,True,1.0,7.401995683053997e-10,
scripts\PredicciónImágenes\Nodules\00014874_003.png,chest_xray,1.0,True,1.0,1.4050102747908966e-10,
scripts\PredicciónImágenes\Nodules\00017698_007.png,chest_xray,1.0,True,1.0,5.871584468630786e-11,
scripts\PredicciónImágenes\Nodules\00001847_010.png,chest_xray,1.0,True,1.0,2.250927569336092e-11,
scripts\PredicciónImágenes\Nodules\00010887_021.png,chest_xray,1.0,True,1.0,3.458725666982687e-11,
scripts\PredicciónImágenes\Nodules\00003101_003.png,chest_xray,1.0,True,1.0,8.76866938434584e-14,
scripts\PredicciónImágenes\Nodules\00005456_005.png,chest_xray,1.0,True,1.0,7.661291739902154e-11,
scripts\PredicciónImágenes\Nodules\00010759_000.png,chest_xray,1.0,True,1.0,1.2145084937742467e-08,
scripts\PredicciónImágenes\Nodules\00008785_000.png,chest_xray,1.0,True,1.0,1.6702469485610494e-12,
scripts\PredicciónImágenes\Nodules\00009892_047.png,chest_xray,1.0,True,1.0,8.402190748713068e-11,
scripts\PredicciónImágenes\Nodules\00017395_000.png,chest_xray,1.0,True,1.0,2.688885503143723e-10,
scripts\PredicciónImágenes\Nodules\00018419_002.png,chest_xray,1.0,True,1.0,3.1263954099192137e-12,
scripts\PredicciónImágenes\Nodules\00007482_007.png,chest_xray,1.0,True,1.0,1.4864626196597897e-10,
scripts\PredicciónImágenes\Nodules\00007526_007.png,chest_xray,1.0,True,1.0,4.442540085802804e-11,
scripts\PredicciónImágenes\Nodules\00004639_001.png,chest_xray,1.0,True,1.0,5.147358650425815e-10,
scripts\PredicciónImágenes\Nodules\00010350_004.png,chest_xray,1.0,True,1.0,2.808903332152113e-09,
scripts\PredicciónImágenes\Nodules\00001836_125.png,chest_xray,1.0,True,1.0,9.383360755066406e-10,
scripts\PredicciónImágenes\Nodules\00020945_017.png,chest_xray,0.9999994039535522,True,0.9999994039535522,6.298200219134742e-07,
scripts\PredicciónImágenes\Nodules\00027838_007.png,chest_xray,1.0,True,1.0,2.4945609466975327e-10,
scripts\PredicciónImágenes\Nodules\00000733_000.png,chest_xray,1.0,True,1.0,3.212242971617485e-11,
scripts\PredicciónImágenes\Nodules\00006360_002.png,chest_xray,1.0,True,1.0,1.2632546120272536e-09,
scripts\PredicciónImágenes\Nodules\00015643_002.png,chest_xray,1.0,True,1.0,1.675091593211775e-10,
scripts\PredicciónImágenes\Nodules\00009011_001.png,chest_xray,1.0,True,1.0,3.2423530527125877e-09,
scripts\PredicciónImágenes\Nodules\00029844_000.png,chest_xray,1.0,True,1.0,3.689583361055071e-11,
scripts\PredicciónImágenes\Nodules\00006252_008.png,chest_xray,0.9999998807907104,True,0.9999998807907104,1.1279883693759984e-07,
scripts\PredicciónImágenes\Nodules\00018857_000.png,chest_xray,1.0,True,1.0,3.7353435899945e-09,
scripts\PredicciónImágenes\Nodules\00030606_000.png,chest_xray,1.0,True,1.0,1.508805858030371e-10,
scripts\PredicciónImágenes\Nodules\00022993_026.png,chest_xray,1.0,True,1.0,1.9331876377481905e-11,
scripts\PredicciónImágenes\Nodules\00012242_001.png,chest_xray,1.0,True,1.0,4.968154360129873e-11,
scripts\PredicciónImágenes\Nodules\00020953_000.png,chest_xray,1.0,True,1.0,1.8749528839234753e-12,
scripts\PredicciónImágenes\Nodules\00016937_004.png,chest_xray,1.0,True,1.0,7.06206371159368e-10,
scripts\PredicciónImágenes\Nodules\00012019_014.png,chest_xray,1.0,True,1.0,5.03149966135652e-09,
scripts\PredicciónImágenes\Nodules\00000711_010.png,chest_xray,1.0,True,1.0,3.52912477019629e-10,
scripts\PredicciónImágenes\Nodules\00002000_004.png,chest_xray,1.0,True,1.0,7.955883868371316e-11,
scripts\PredicciónImágenes\Nodules\00004607_000.png,chest_xray,1.0,True,1.0,3.4434018136852984e-11,
scripts\PredicciónImágenes\Nodules\00010458_001.png,chest_xray,1.0,True,1.0,2.2052213388690234e-09,
scripts\PredicciónImágenes\Nodules\00025662_000.png,chest_xray,1.0,True,1.0,1.1665909904756688e-10,
scripts\PredicciónImágenes\Nodules\00009293_005.png,chest_xray,1.0,True,1.0,8.914679975116635e-13,
scripts\PredicciónImágenes\Nodules\00018833_000.png,chest_xray,1.0,True,1.0,3.2333623625757646e-12,
scripts\PredicciónImágenes\Nodules\00029909_004.png,chest_xray,1.0,True,1.0,1.449342645898355e-09,
scripts\PredicciónImágenes\Nodules\00007583_003.png,chest_xray,1.0,True,1.0,8.39537106500643e-10,
scripts\PredicciónImágenes\Nodules\00005682_010.png,chest_xray,1.0,True,1.0,7.661135059677804e-10,
scripts\PredicciónImágenes\Nodules\00007417_004.png,chest_xray,1.0,True,1.0,3.945848925379636e-10,
scripts\PredicciónImágenes\Nodules\00010069_007.png,chest_xray,1.0,True,1.0,2.8889324266145877e-10,
scripts\PredicciónImágenes\Nodules\00005487_000.png,chest_xray,1.0,True,1.0,9.445499070392938e-12,
scripts\PredicciónImágenes\Nodules\00007947_000.png,chest_xray,1.0,True,1.0,7.88800285939778e-13,
scripts\PredicciónImágenes\Nodules\00009553_001.png,chest_xray,1.0,True,1.0,5.709965278377638e-10,
scripts\PredicciónImágenes\Nodules\00008514_000.png,chest_xray,1.0,True,1.0,2.389142486278195e-13,
scripts\PredicciónImágenes\Nodules\00008230_026.png,chest_xray,1.0,True,1.0,2.4573751020162682e-11,
scripts\PredicciónImágenes\Nodules\00002720_020.png,chest_xray,1.0,True,1.0,8.824057928791262e-09,
scripts\PredicciónImágenes\Nodules\00028026_000.png,chest_xray,1.0,True,1.0,2.7140938385628033e-09,
scripts\PredicciónImágenes\Nodules\00019536_000.png,chest_xray,1.0,True,1.0,1.729006660067256e-10,
scripts\PredicciónImágenes\Nodules\00018960_009.png,chest_xray,0.9999998807907104,True,0.9999998807907104,1.4071109433189122e-07,
scripts\PredicciónImágenes\Nodules\00001854_004.png,chest_xray,1.0,True,1.0,3.181291674536624e-08,
scripts\PredicciónImágenes\Nodules\00012522_000.png,chest_xray,1.0,True,1.0,2.749944272295579e-09,
scripts\PredicciónImágenes\Nodules\00030703_000.png,chest_xray,1.0,True,1.0,1.850243014356323e-10,
scripts\PredicciónImágenes\Nodules\00014520_018.png,chest_xray,1.0,True,1.0,2.273407156971885e-11,
scripts\PredicciónImágenes\Nodules\00014790_017.png,chest_xray,1.0,True,1.0,5.970490768447689e-11,
scripts\PredicciónImágenes\Nodules\00027507_000.png,chest_xray,1.0,True,1.0,3.4843655738470147e-10,
scripts\PredicciónImágenes\Nodules\00002361_001.png,chest_xray,1.0,True,1.0,1.1643007738482147e-11,
scripts\PredicciónImágenes\Nodules\00015115_004.png,chest_xray,1.0,True,1.0,1.0575528008871515e-08,
scripts\PredicciónImágenes\Nodules\00000199_005.png,chest_xray,1.0,True,1.0,7.014564623597508e-11,
scripts\PredicciónImágenes\Nodules\00007274_001.png,chest_xray,1.0,True,1.0,6.128045293429807e-11,
scripts\PredicciónImágenes\Nodules\00009953_010.png,chest_xray,1.0,True,1.0,6.163046462059896e-11,
scripts\PredicciónImágenes\Nodules\00019537_002.png,chest_xray,0.9999995231628418,True,0.9999995231628418,4.811498115486756e-07,
scripts\PredicciónImágenes\Nodules\00000200_000.png,chest_xray,1.0,True,1.0,1.2381778935477428e-10,
scripts\PredicciónImágenes\Nodules\00002544_003.png,chest_xray,1.0,True,1.0,1.2478318378583708e-10,
scripts\PredicciónImágenes\Nodules\00013646_006.png,chest_xray,1.0,True,1.0,1.120849968394566e-09,
scripts\PredicciónImágenes\Nodules\00014567_006.png,chest_xray,1.0,True,1.0,7.398336110409076e-11,
scripts\PredicciónImágenes\Nodules\00016630_010.png,chest_xray,1.0,True,1.0,1.998439858041934e-09,
scripts\PredicciónImágenes\Nodules\00025206_004.png,chest_xray,1.0,True,1.0,3.1591849136702876e-08,
scripts\PredicciónImágenes\Nodules\00013244_002.png,chest_xray,1.0,True,1.0,3.068786544324631e-12,
scripts\PredicciónImágenes\Nodules\00006881_005.png,chest_xray,1.0,True,1.0,1.4898225014770006e-11,
scripts\PredicciónImágenes\Nodules\00026302_000.png,chest_xray,1.0,True,1.0,2.0135904055251785e-10,
scripts\PredicciónImágenes\Nodules\00001974_012.png,chest_xray,1.0,True,1.0,2.7973628621835722e-11,
scripts\PredicciónImágenes\Nodules\00008950_000.png,chest_xray,1.0,True,1.0,4.915868406785151e-11,
scripts\PredicciónImágenes\Nodules\00020767_000.png,chest_xray,0.9999997615814209,True,0.9999997615814209,2.2366587870692456e-07,
scripts\PredicciónImágenes\Nodules\00007065_002.png,chest_xray,1.0,True,1.0,2.206044930064266e-10,
scripts\PredicciónImágenes\Nodules\00000138_004.png,chest_xray,1.0,True,1.0,8.679087179844225e-13,
scripts\PredicciónImágenes\Nodules\00008527_000.png,chest_xray,1.0,True,1.0,1.979491440554093e-12,
scripts\PredicciónImágenes\Nodules\00007093_006.png,chest_xray,1.0,True,1.0,3.7979983741331935e-12,
scripts\PredicciónImágenes\Nodules\00014626_039.png,chest_xray,0.9999955892562866,True,0.9999955892562866,4.455524049262749e-06,
scripts\PredicciónImágenes\Nodules\00017549_001.png,chest_xray,1.0,True,1.0,6.003858521452798e-11,
scripts\PredicciónImágenes\Nodules\00018390_000.png,chest_xray,1.0,True,1.0,3.222834266125574e-08,
scripts\PredicciónImágenes\Nodules\00026081_007.png,chest_xray,1.0,True,1.0,7.816932656723452e-10,
scripts\PredicciónImágenes\Nodules\00013111_080.png,chest_xray,1.0,True,1.0,3.0238773707225164e-09,
scripts\PredicciónImágenes\Nodules\00023162_023.png,chest_xray,1.0,True,1.0,2.244671470919002e-08,
scripts\PredicciónImágenes\Nodules\00001728_000.png,chest_xray,1.0,True,1.0,8.11155830005017e-12,
scripts\PredicciónImágenes\Nodules\00018958_001.png,chest_xray,1.0,True,1.0,7.852258288032488e-10,
scripts\PredicciónImágenes\Nodules\00000021_000.png,chest_xray,1.0,True,1.0,8.006324010885468e-13,
scripts\PredicciónImágenes\Nodules\00025695_001.png,chest_xray,1.0,True,1.0,9.162731906542376e-09,
scripts\PredicciónImágenes\Nodules\00030703_001.png,chest_xray,1.0,True,1.0,7.992447675908565e-11,
scripts\PredicciónImágenes\Nodules\00019634_008.png,chest_xray,1.0,True,1.0,6.950004460826165e-10,
scripts\PredicciónImágenes\Nodules\00028380_004.png,chest_xray,1.0,True,1.0,4.071241260783509e-11,
scripts\PredicciónImágenes\Nodules\00025695_004.png,chest_xray,1.0,True,1.0,9.46974859639127e-11,
scripts\PredicciónImágenes\Nodules\00006258_001.png,chest_xray,1.0,True,1.0,8.483480584686731e-11,
scripts\PredicciónImágenes\Nodules\00017422_000.png,chest_xray,1.0,True,1.0,2.440326760111411e-11,
scripts\PredicciónImágenes\Nodules\00007501_000.png,chest_xray,1.0,True,1.0,6.218916982943246e-13,
scripts\PredicciónImágenes\Nodules\00000949_004.png,chest_xray,1.0,True,1.0,2.779759200599585e-10,
scripts\PredicciónImágenes\Nodules\00010780_013.png,chest_xray,1.0,True,1.0,1.101838065231675e-10,
scripts\PredicciónImágenes\Nodules\00009679_000.png,chest_xray,1.0,True,1.0,3.757434294260342e-11,
scripts\PredicciónImágenes\Nodules\00004519_000.png,chest_xray,1.0,True,1.0,1.836971200153137e-11,
scripts\PredicciónImágenes\Nodules\00028601_000.png,chest_xray,1.0,True,1.0,7.482084285470592e-09,
scripts\PredicciónImágenes\Nodules\00009875_006.png,chest_xray,1.0,True,1.0,1.782408248773848e-10,
scripts\PredicciónImágenes\Nodules\00004710_000.png,chest_xray,1.0,True,1.0,5.0206738766434e-10,
scripts\PredicciónImágenes\Nodules\00002588_000.png,chest_xray,1.0,True,1.0,2.6359111074403252e-11,
scripts\PredicciónImágenes\Nodules\00025761_013.png,chest_xray,1.0,True,1.0,2.3940753379747548e-08,
scripts\PredicciónImágenes\Nodules\00028140_003.png,chest_xray,1.0,True,1.0,9.386462274107998e-09,
scripts\PredicciónImágenes\Nodules\00014844_000.png,chest_xray,1.0,True,1.0,8.501812101546768e-12,
scripts\PredicciónImágenes\Nodules\00028187_000.png,chest_xray,1.0,True,1.0,3.322775943281897e-10,
scripts\PredicciónImágenes\Nodules\00026207_000.png,chest_xray,1.0,True,1.0,9.595053918065588e-11,
scripts\PredicciónImágenes\Nodules\00014006_019.png,chest_xray,1.0,True,1.0,2.614497702536911e-13,
scripts\PredicciónImágenes\Nodules\00021252_000.png,chest_xray,1.0,True,1.0,1.2025446194385836e-09,
scripts\PredicciónImágenes\Nodules\00025693_000.png,chest_xray,1.0,True,1.0,7.622269135310056e-12,
scripts\PredicciónImágenes\Nodules\00006881_002.png,chest_xray,1.0,True,1.0,1.8347582134148332e-11,
scripts\PredicciónImágenes\Nodules\00013247_002.png,chest_xray,1.0,True,1.0,6.167515109734012e-11,
scripts\PredicciónImágenes\Nodules\00013924_000.png,chest_xray,1.0,True,1.0,9.424597768870058e-10,
scripts\PredicciónImágenes\Nodules\00013858_004.png,chest_xray,1.0,True,1.0,1.4243677071146266e-10,
scripts\PredicciónImágenes\Nodules\00015173_002.png,chest_xray,1.0,True,1.0,3.170377502192956e-11,
scripts\PredicciónImágenes\Nodules\00019537_001.png,chest_xray,0.9999996423721313,True,0.9999996423721313,3.559682681952836e-07,
scripts\PredicciónImágenes\Nodules\00026955_001.png,chest_xray,1.0,True,1.0,1.021318030147711e-10,
scripts\PredicciónImágenes\Nodules\00020624_006.png,chest_xray,1.0,True,1.0,8.683997965164281e-11,
scripts\PredicciónImágenes\Nodules\00015799_000.png,chest_xray,1.0,True,1.0,4.309427925619502e-09,
scripts\PredicciónImágenes\Nodules\00021888_005.png,chest_xray,1.0,True,1.0,2.1256021248694523e-11,
scripts\PredicciónImágenes\Nodules\00007274_006.png,chest_xray,1.0,True,1.0,2.3907484065360807e-12,
scripts\PredicciónImágenes\Nodules\00013034_003.png,chest_xray,1.0,True,1.0,4.545774245912071e-08,
scripts\PredicciónImágenes\Nodules\00017807_003.png,chest_xray,1.0,True,1.0,1.6494802745903314e-10,
scripts\PredicciónImágenes\Nodules\00019593_004.png,chest_xray,1.0,True,1.0,8.066602941170231e-11,
scripts\PredicciónImágenes\Nodules\00029159_021.png,chest_xray,0.9999958276748657,True,0.9999958276748657,4.229592377669178e-06,
scripts\PredicciónImágenes\Nodules\00017051_002.png,chest_xray,1.0,True,1.0,3.285680894027365e-10,
scripts\PredicciónImágenes\Nodules\00025368_026.png,chest_xray,1.0,True,1.0,1.102397839680691e-09,
scripts\PredicciónImágenes\Nodules\00011847_000.png,chest_xray,1.0,True,1.0,4.060280112128112e-09,
scripts\PredicciónImágenes\Nodules\00019593_001.png,chest_xray,1.0,True,1.0,6.402592345189362e-11,
scripts\PredicciónImágenes\Nodules\00005875_000.png,chest_xray,1.0,True,1.0,9.120770111392673e-11,
scripts\PredicciónImágenes\Nodules\00020405_021.png,chest_xray,1.0,True,1.0,1.8855342287515953e-10,
scripts\PredicciónImágenes\Nodules\00004132_007.png,chest_xray,1.0,True,1.0,7.372505383962391e-10,
scripts\PredicciónImágenes\Nodules\00010098_001.png,chest_xray,1.0,True,1.0,4.461514713227643e-09,
scripts\PredicciónImágenes\Nodules\00021494_025.png,chest_xray,1.0,True,1.0,9.164352610113724e-10,
scripts\PredicciónImágenes\Nodules\00015268_000.png,chest_xray,1.0,True,1.0,1.055927151272229e-10,
scripts\PredicciónImágenes\Nodules\00017089_007.png,chest_xray,1.0,True,1.0,2.593372565307117e-11,
scripts\PredicciónImágenes\Nodules\00003029_002.png,chest_xray,1.0,True,1.0,7.792310091452037e-14,
scripts\PredicciónImágenes\Nodules\00006515_000.png,chest_xray,1.0,True,1.0,9.727666672176838e-09,
scripts\PredicciónImágenes\Nodules\00002179_001.png,chest_xray,1.0,True,1.0,7.643408475588309e-12,
scripts\PredicciónImágenes\Nodules\00018972_037.png,chest_xray,0.9999982118606567,True,0.9999982118606567,1.8123881773135508e-06,
scripts\PredicciónImágenes\Nodules\00008027_003.png,chest_xray,1.0,True,1.0,1.4680451949564133e-12,
scripts\PredicciónImágenes\Nodules\00011808_021.png,chest_xray,1.0,True,1.0,4.620083482453907e-11,
scripts\PredicciónImágenes\Nodules\00028265_000.png,chest_xray,1.0,True,1.0,7.515340780250845e-12,
scripts\PredicciónImágenes\Nodules\00012681_025.png,chest_xray,0.9999996423721313,True,0.9999996423721313,4.0397813449999376e-07,
scripts\PredicciónImágenes\Nodules\00021772_010.png,chest_xray,0.9999998807907104,True,0.9999998807907104,1.0225883784187317e-07,
scripts\PredicciónImágenes\Nodules\00024281_000.png,chest_xray,1.0,True,1.0,2.972231835651762e-12,
scripts\PredicciónImágenes\Nodules\00005977_001.png,chest_xray,1.0,True,1.0,2.6744106929044165e-10,
scripts\PredicciónImágenes\Nodules\00006736_001.png,chest_xray,1.0,True,1.0,5.587365237147424e-09,
scripts\PredicciónImágenes\Nodules\00013655_006.png,chest_xray,1.0,True,1.0,8.191508582555684e-11,
scripts\PredicciónImágenes\Nodules\00017902_000.png,chest_xray,1.0,True,1.0,8.217951492917042e-12,
scripts\PredicciónImágenes\Nodules\00019442_000.png,chest_xray,1.0,True,1.0,3.9841858701095134e-09,
scripts\PredicciónImágenes\Nodules\00020046_004.png,chest_xray,1.0,True,1.0,2.883867589176248e-10,
scripts\PredicciónImágenes\Nodules\00026185_007.png,chest_xray,1.0,True,1.0,6.563911636447983e-10,
scripts\PredicciónImágenes\Nodules\00026524_013.png,chest_xray,1.0,True,1.0,3.0730068489859264e-10,
scripts\PredicciónImágenes\Nodules\00017837_000.png,chest_xray,1.0,True,1.0,3.976872442468249e-10,
scripts\PredicciónImágenes\Nodules\00010200_001.png,chest_xray,1.0,True,1.0,2.023430034636675e-11,
scripts\PredicciónImágenes\Nodules\00006674_012.png,chest_xray,1.0,True,1.0,2.9793936207056504e-09,
scripts\PredicciónImágenes\Nodules\00023075_012.png,chest_xray,1.0,True,1.0,3.115521382546227e-11,
scripts\PredicciónImágenes\Nodules\00028876_018.png,chest_xray,0.9999998807907104,True,0.9999998807907104,8.889809777201663e-08,
scripts\PredicciónImágenes\Nodules\00026954_005.png,chest_xray,1.0,True,1.0,2.898794398964455e-11,
scripts\PredicciónImágenes\Nodules\00013714_004.png,chest_xray,1.0,True,1.0,9.365815067940986e-11,
scripts\PredicciónImágenes\Nodules\00013927_000.png,chest_xray,1.0,True,1.0,3.847322200406511e-12,
scripts\PredicciónImágenes\Nodules\00014200_000.png,chest_xray,1.0,True,1.0,2.7419660986183203e-10,
scripts\PredicciónImágenes\Nodules\00007766_000.png,chest_xray,1.0,True,1.0,9.445468018842718e-11,
scripts\PredicciónImágenes\Nodules\00012596_002.png,chest_xray,1.0,True,1.0,4.591755578195467e-13,
scripts\PredicciónImágenes\Nodules\00015043_000.png,chest_xray,1.0,True,1.0,1.992950915408187e-09,
scripts\PredicciónImágenes\Nodules\00020156_001.png,chest_xray,1.0,True,1.0,3.2778333380889535e-09,
scripts\PredicciónImágenes\Nodules\00013858_000.png,chest_xray,1.0,True,1.0,4.351358995346999e-10,
scripts\PredicciónImágenes\Nodules\00014146_009.png,chest_xray,1.0,True,1.0,2.584278624429004e-10,
scripts\PredicciónImágenes\Nodules\00019210_001.png,chest_xray,1.0,True,1.0,3.5364309258767435e-09,
scripts\PredicciónImágenes\Nodules\00009882_000.png,chest_xray,1.0,True,1.0,2.620919974105629e-12,
scripts\PredicciónImágenes\Nodules\00014178_009.png,chest_xray,1.0,True,1.0,5.749085235651208e-11,
scripts\PredicciónImágenes\Nodules\00019882_000.png,chest_xray,1.0,True,1.0,4.010658027908676e-09,
scripts\PredicciónImágenes\Nodules\00005365_012.png,chest_xray,1.0,True,1.0,4.53162195268586e-11,
scripts\PredicciónImágenes\Nodules\00020393_002.png,chest_xray,1.0,True,1.0,2.333770676710145e-10,
scripts\PredicciónImágenes\Nodules\00010801_003.png,chest_xray,1.0,True,1.0,6.394683393917688e-11,
scripts\PredicciónImágenes\Nodules\00000640_001.png,chest_xray,1.0,True,1.0,3.564940564970698e-10,
scripts\PredicciónImágenes\Nodules\00028442_000.png,chest_xray,1.0,True,1.0,1.6726724449966923e-09,
scripts\PredicciónImágenes\Nodules\00008535_012.png,chest_xray,1.0,True,1.0,3.75783737460722e-10,
scripts\PredicciónImágenes\Nodules\00019805_001.png,chest_xray,1.0,True,1.0,9.103872170013183e-12,
scripts\PredicciónImágenes\Nodules\00017503_001.png,chest_xray,1.0,True,1.0,5.152093196514329e-10,
scripts\PredicciónImágenes\Nodules\00026443_001.png,chest_xray,1.0,True,1.0,1.2350933609184267e-09,
scripts\PredicciónImágenes\Nodules\00018748_003.png,chest_xray,1.0,True,1.0,1.9159598352302964e-08,
scripts\PredicciónImágenes\Nodules\00029106_000.png,chest_xray,1.0,True,1.0,1.0710555775617081e-09,
scripts\PredicciónImágenes\Nodules\00019124_050.png,chest_xray,0.9999996423721313,True,0.9999996423721313,3.789041613799782e-07,
scripts\PredicciónImágenes\Nodules\00027113_003.png,chest_xray,1.0,True,1.0,9.673468692739107e-10,
scripts\PredicciónImágenes\Nodules\00022432_000.png,chest_xray,1.0,True,1.0,1.2868469310978181e-12,
scripts\PredicciónImágenes\Nodules\00013625_073.png,chest_xray,1.0,True,1.0,1.7641400493206838e-11,
scripts\PredicciónImágenes\Nodules\00028416_001.png,chest_xray,1.0,True,1.0,1.743734323600421e-10,
scripts\PredicciónImágenes\Nodules\00025662_005.png,chest_xray,1.0,True,1.0,2.0671921119319592e-10,
scripts\PredicciónImágenes\Nodules\00016805_000.png,chest_xray,1.0,True,1.0,1.7033846121811136e-12,
scripts\PredicciónImágenes\Nodules\00012072_014.png,chest_xray,1.0,True,1.0,1.3929707387561052e-10,
scripts\PredicciónImágenes\Nodules\00020765_000.png,chest_xray,1.0,True,1.0,3.414603710893971e-08,
scripts\PredicciónImágenes\Nodules\00022877_025.png,chest_xray,1.0,True,1.0,3.3257323561741714e-09,
scripts\PredicciónImágenes\Nodules\00029269_000.png,chest_xray,1.0,True,1.0,5.298917749030352e-09,
scripts\PredicciónImágenes\Nodules\00019417_004.png,chest_xray,1.0,True,1.0,4.219231734825524e-12,
scripts\PredicciónImágenes\Nodules\00008098_000.png,chest_xray,1.0,True,1.0,2.8228096943250236e-12,
scripts\PredicciónImágenes\Nodules\00007278_001.png,chest_xray,1.0,True,1.0,3.629445355368688e-11,
scripts\PredicciónImágenes\Nodules\00017165_000.png,chest_xray,1.0,True,1.0,1.0049586163241031e-10,
scripts\PredicciónImágenes\Nodules\00000573_012.png,chest_xray,1.0,True,1.0,4.773312300976329e-10,
scripts\PredicciónImágenes\Nodules\00028642_000.png,chest_xray,1.0,True,1.0,1.0885792267600891e-11,
scripts\PredicciónImágenes\Nodules\00012704_010.png,chest_xray,1.0,True,1.0,5.5061786241594746e-09,
scripts\PredicciónImágenes\Nodules\00004957_000.png,chest_xray,1.0,True,1.0,5.963730204117113e-11,
scripts\PredicciónImágenes\Nodules\00028640_001.png,chest_xray,1.0,True,1.0,3.454400654412382e-11,
scripts\PredicciónImágenes\Nodules\00020009_000.png,chest_xray,1.0,True,1.0,2.976331746167016e-13,
scripts\PredicciónImágenes\Nodules\00009114_011.png,chest_xray,1.0,True,1.0,6.1828093755877944e-09,
scripts\PredicciónImágenes\Nodules\00015136_010.png,chest_xray,1.0,True,1.0,1.7823631459634726e-11,
scripts\PredicciónImágenes\Nodules\00020624_003.png,chest_xray,1.0,True,1.0,1.4248765500823879e-09,
scripts\PredicciónImágenes\Nodules\00010775_005.png,chest_xray,1.0,True,1.0,8.496017778192311e-10,
scripts\PredicciónImágenes\Nodules\00025505_000.png,chest_xray,1.0,True,1.0,1.2744452160262654e-09,
scripts\PredicciónImágenes\Nodules\00004722_001.png,chest_xray,1.0,True,1.0,6.29544749664035e-11,
scripts\PredicciónImágenes\Nodules\00027039_003.png,chest_xray,1.0,True,1.0,1.9439483356364917e-10,
scripts\PredicciónImágenes\Nodules\00001738_002.png,chest_xray,1.0,True,1.0,5.940664071779622e-10,
scripts\PredicciónImágenes\Nodules\00012874_034.png,chest_xray,1.0,True,1.0,2.09531871020463e-12,
scripts\PredicciónImágenes\Nodules\00012148_005.png,chest_xray,1.0,True,1.0,2.382238850628937e-10,
scripts\PredicciónImágenes\Nodules\00000424_000.png,chest_xray,1.0,True,1.0,2.4051051948636992e-12,
scripts\PredicciónImágenes\Nodules\00015562_001.png,chest_xray,1.0,True,1.0,1.3631333041497218e-11,
scripts\PredicciónImágenes\Nodules\00016991_001.png,chest_xray,1.0,True,1.0,2.050011049803402e-09,
scripts\PredicciónImágenes\Nodules\00001777_001.png,chest_xray,1.0,True,1.0,8.05021414113094e-12,
scripts\PredicciónImágenes\Nodules\00012891_011.png,chest_xray,1.0,True,1.0,1.0348738532783841e-10,
scripts\PredicciónImágenes\Nodules\00013888_000.png,chest_xray,1.0,True,1.0,6.038101442451538e-12,
scripts\PredicciónImágenes\Nodules\00026556_002.png,chest_xray,1.0,True,1.0,3.3740223948086623e-09,
scripts\PredicciónImágenes\Nodules\00023124_000.png,chest_xray,1.0,True,1.0,2.5484844269618723e-12,
scripts\PredicciónImágenes\Nodules\00019999_001.png,chest_xray,1.0,True,1.0,5.086007136279047e-12,
scripts\PredicciónImágenes\Nodules\00000992_000.png,chest_xray,1.0,True,1.0,5.804532410280672e-10,
scripts\PredicciónImágenes\Nodules\00018448_003.png,chest_xray,1.0,True,1.0,5.193692587113219e-09,
scripts\PredicciónImágenes\Nodules\00018454_000.png,chest_xray,1.0,True,1.0,4.263061431641901e-11,
scripts\PredicciónImágenes\Nodules\00014116_008.png,chest_xray,1.0,True,1.0,4.0073602769474803e-10,
scripts\PredicciónImágenes\Nodules\00005218_015.png,chest_xray,1.0,True,1.0,7.190730677564261e-09,
scripts\PredicciónImágenes\Nodules\00027300_000.png,chest_xray,1.0,True,1.0,4.10389257299304e-11,
scripts\PredicciónImágenes\Nodules\00005024_000.png,chest_xray,1.0,True,1.0,9.39583480463746e-12,
scripts\PredicciónImágenes\Nodules\00016685_000.png,chest_xray,1.0,True,1.0,4.188496216528392e-09,
scripts\PredicciónImágenes\Nodules\00030183_000.png,chest_xray,0.9999998807907104,True,0.9999998807907104,1.3851490621163975e-07,
scripts\PredicciónImágenes\Nodules\00001995_005.png,chest_xray,1.0,True,1.0,1.0857171281811184e-12,
scripts\PredicciónImágenes\Nodules\00019219_001.png,chest_xray,1.0,True,1.0,2.357098891070386e-11,
scripts\PredicciónImágenes\Nodules\00011235_000.png,chest_xray,1.0,True,1.0,2.2526724929861075e-10,
scripts\PredicciónImágenes\Nodules\00014933_008.png,chest_xray,1.0,True,1.0,1.5186634172437152e-09,
scripts\PredicciónImágenes\Nodules\00002353_003.png,chest_xray,1.0,True,1.0,5.407272407609298e-10,
scripts\PredicciónImágenes\Nodules\00029756_001.png,chest_xray,1.0,True,1.0,3.478563437298021e-09,
scripts\PredicciónImágenes\Nodules\00020078_000.png,chest_xray,1.0,True,1.0,1.2324953280185014e-09,
scripts\PredicciónImágenes\Nodules\00007252_000.png,chest_xray,1.0,True,1.0,1.6380876655119891e-09,
scripts\PredicciónImágenes\Nodules\00008727_023.png,chest_xray,1.0,True,1.0,5.3850278403100305e-11,
scripts\PredicciónImágenes\Nodules\00016369_000.png,chest_xray,1.0,True,1.0,1.452811915908514e-11,
scripts\PredicciónImágenes\Nodules\00022065_010.png,chest_xray,1.0,True,1.0,8.792308894833845e-12,
scripts\PredicciónImágenes\Nodules\00029477_000.png,chest_xray,1.0,True,1.0,1.5318396507854604e-12,
scripts\PredicciónImágenes\Nodules\00019124_022.png,chest_xray,1.0,True,1.0,3.212535659713467e-08,
scripts\PredicciónImágenes\Nodules\00019124_063.png,chest_xray,1.0,True,1.0,2.6220813714727953e-11,
scripts\PredicciónImágenes\Nodules\00007797_000.png,chest_xray,1.0,True,1.0,5.084242055142241e-12,
scripts\PredicciónImágenes\Nodules\00011178_014.png,chest_xray,1.0,True,1.0,1.3572641274772757e-12,
scripts\PredicciónImágenes\Nodules\00006586_000.png,chest_xray,1.0,True,1.0,1.425650569819581e-10,
scripts\PredicciónImágenes\Nodules\00023075_048.png,chest_xray,1.0,True,1.0,8.558281194837036e-09,
scripts\PredicciónImágenes\Nodules\00011178_006.png,chest_xray,1.0,True,1.0,2.4633290199305158e-12,
scripts\PredicciónImágenes\Nodules\00029722_000.png,chest_xray,0.9999974966049194,True,0.9999974966049194,2.5602225832699332e-06,
scripts\PredicciónImágenes\Nodules\00014663_017.png,chest_xray,1.0,True,1.0,5.105005751460112e-09,
scripts\PredicciónImágenes\Nodules\00019911_004.png,chest_xray,1.0,True,1.0,7.531190671095089e-10,
scripts\PredicciónImágenes\Nodules\00013256_015.png,chest_xray,1.0,True,1.0,1.0543890413550194e-11,
scripts\PredicciónImágenes\Nodules\00013933_000.png,chest_xray,1.0,True,1.0,1.8497147147300552e-09,
scripts\PredicciónImágenes\Nodules\00026878_000.png,chest_xray,1.0,True,1.0,3.756603014770654e-11,
scripts\PredicciónImágenes\Nodules\00027839_000.png,chest_xray,1.0,True,1.0,2.0275531253943768e-10,
scripts\PredicciónImágenes\Nodules\00005271_003.png,chest_xray,1.0,True,1.0,2.6729063407060494e-10,
scripts\PredicciónImágenes\Nodules\00004519_002.png,chest_xray,1.0,True,1.0,1.518523640164915e-10,
scripts\PredicciónImágenes\Nodules\00018451_001.png,chest_xray,1.0,True,1.0,2.9906652154743085e-10,
scripts\PredicciónImágenes\Nodules\00012019_018.png,chest_xray,1.0,True,1.0,7.128218588309254e-12,
scripts\PredicciónImágenes\Nodules\00006925_010.png,chest_xray,1.0,True,1.0,1.0904526170918416e-09,
scripts\PredicciónImágenes\Nodules\00015556_020.png,chest_xray,1.0,True,1.0,5.750744325183632e-10,
scripts\PredicciónImágenes\Nodules\00026964_000.png,chest_xray,1.0,True,1.0,3.447727658922872e-10,
scripts\PredicciónImágenes\Nodules\00004961_000.png,chest_xray,1.0,True,1.0,2.0294150804289757e-09,
scripts\PredicciónImágenes\Nodules\00025476_009.png,chest_xray,1.0,True,1.0,3.734098533852981e-12,
scripts\PredicciónImágenes\Nodules\00025822_000.png,chest_xray,1.0,True,1.0,5.584099155298006e-11,
scripts\PredicciónImágenes\Nodules\00023146_004.png,chest_xray,1.0,True,1.0,3.7302279320972076e-11,
scripts\PredicciónImágenes\Nodules\00003519_001.png,chest_xray,1.0,True,1.0,7.685180825056648e-10,
scripts\PredicciónImágenes\Nodules\00006338_012.png,chest_xray,0.9999998807907104,True,0.9999998807907104,8.19166032783869e-08,
scripts\PredicciónImágenes\Nodules\00026469_006.png,chest_xray,0.9999262094497681,True,0.9999262094497681,7.383941556327045e-05,
scripts\PredicciónImágenes\Nodules\00012704_001.png,chest_xray,1.0,True,1.0,7.997605910858852e-10,
scripts\PredicciónImágenes\Nodules\00003393_052.png,chest_xray,0.9999998807907104,True,0.9999998807907104,8.463354816967694e-08,
scripts\PredicciónImágenes\Nodules\00002275_014.png,chest_xray,1.0,True,1.0,1.2544929539615168e-09,
scripts\PredicciónImágenes\Nodules\00012089_001.png,chest_xray,1.0,True,1.0,3.134511400437745e-11,
scripts\PredicciónImágenes\Nodules\00014933_007.png,chest_xray,1.0,True,1.0,1.3830265058190072e-11,
scripts\PredicciónImágenes\Nodules\00009293_000.png,chest_xray,1.0,True,1.0,1.479547929485181e-12,
scripts\PredicciónImágenes\Nodules\00014822_020.png,chest_xray,1.0,True,1.0,4.8654547057935815e-09,
scripts\PredicciónImágenes\Nodules\00010828_024.png,chest_xray,0.9998189806938171,True,0.9998189806938171,0.0001810035901144147,
scripts\PredicciónImágenes\Nodules\00017645_007.png,chest_xray,0.9999998807907104,True,0.9999998807907104,6.722716960894104e-08,
scripts\PredicciónImágenes\Nodules\00011379_047.png,chest_xray,0.9999923706054688,True,0.9999923706054688,7.675769666093402e-06,
scripts\PredicciónImágenes\Nodules\00028067_005.png,chest_xray,1.0,True,1.0,7.677437678654808e-12,
scripts\PredicciónImágenes\Nodules\00029589_002.png,chest_xray,1.0,True,1.0,8.965205466893167e-09,
scripts\PredicciónImágenes\Nodules\00003704_000.png,chest_xray,1.0,True,1.0,1.1675303779323798e-10,
scripts\PredicciónImágenes\Nodules\00030679_000.png,chest_xray,1.0,True,1.0,4.173681134034268e-08,
scripts\PredicciónImágenes\Nodules\00019593_005.png,chest_xray,1.0,True,1.0,1.3463127834789645e-10,
scripts\PredicciónImágenes\Nodules\00006440_002.png,chest_xray,1.0,True,1.0,3.9227665560304104e-10,
scripts\PredicciónImágenes\Nodules\00018586_000.png,chest_xray,1.0,True,1.0,1.0125378313574629e-09,
scripts\PredicciónImágenes\Nodules\00004911_010.png,chest_xray,1.0,True,1.0,2.653572916955227e-10,
scripts\PredicciónImágenes\Nodules\00010552_003.png,chest_xray,1.0,True,1.0,3.735984854813523e-09,
scripts\PredicciónImágenes\Nodules\00025342_005.png,chest_xray,1.0,True,1.0,1.0004055361889641e-09,
scripts\PredicciónImágenes\Nodules\00013619_000.png,chest_xray,1.0,True,1.0,3.757998252862382e-12,
scripts\PredicciónImágenes\Nodules\00012865_003.png,chest_xray,1.0,True,1.0,2.888508043863425e-10,
scripts\PredicciónImágenes\Nodules\00011598_029.png,chest_xray,1.0,True,1.0,7.3207329087665585e-09,
scripts\PredicciónImágenes\Nodules\00017417_004.png,chest_xray,1.0,True,1.0,9.420307200969091e-09,
scripts\PredicciónImágenes\Nodules\00012486_001.png,chest_xray,1.0,True,1.0,7.487402364780849e-11,
scripts\PredicciónImágenes\Nodules\00000164_000.png,chest_xray,1.0,True,1.0,2.5909413503555356e-10,
scripts\PredicciónImágenes\Nodules\00001006_007.png,chest_xray,1.0,True,1.0,3.0640419090843807e-09,
scripts\PredicciónImágenes\Nodules\00007394_001.png,chest_xray,1.0,True,1.0,6.579284426294629e-12,
scripts\PredicciónImágenes\Nodules\00020166_006.png,chest_xray,1.0,True,1.0,2.0210222828609403e-08,
scripts\PredicciónImágenes\Nodules\00006411_020.png,chest_xray,1.0,True,1.0,8.311401566984955e-11,
scripts\PredicciónImágenes\Nodules\00000556_000.png,chest_xray,1.0,True,1.0,9.977900450319765e-12,
scripts\PredicciónImágenes\Nodules\00016244_004.png,chest_xray,1.0,True,1.0,1.4479121901445069e-08,
scripts\PredicciónImágenes\Nodules\00019765_011.png,chest_xray,1.0,True,1.0,9.008945256461232e-10,
scripts\PredicciónImágenes\Nodules\00015503_004.png,chest_xray,1.0,True,1.0,6.739654667686779e-11,
scripts\PredicciónImágenes\Nodules\00027772_000.png,chest_xray,1.0,True,1.0,1.2510998903536574e-09,
scripts\PredicciónImágenes\Nodules\00004992_002.png,chest_xray,1.0,True,1.0,8.561705788778795e-10,
scripts\PredicciónImágenes\Nodules\00030105_001.png,chest_xray,1.0,True,1.0,5.29308188390587e-08,
scripts\PredicciónImágenes\Nodules\00022826_018.png,chest_xray,1.0,True,1.0,2.5090363564572726e-08,
scripts\PredicciónImágenes\Nodules\00019124_102.png,chest_xray,1.0,True,1.0,2.1604566746713516e-10,
scripts\PredicciónImágenes\Nodules\00002058_033.png,chest_xray,1.0,True,1.0,1.3467495174612765e-10,
scripts\PredicciónImágenes\Nodules\00006000_009.png,chest_xray,1.0,True,1.0,4.7253177065664786e-11,
scripts\PredicciónImágenes\Nodules\00014039_000.png,chest_xray,1.0,True,1.0,1.638378321899836e-09,
scripts\PredicciónImágenes\Nodules\00005365_020.png,chest_xray,1.0,True,1.0,2.263930709567319e-11,
scripts\PredicciónImágenes\Nodules\00023033_001.png,chest_xray,1.0,True,1.0,5.772139988202696e-10,
scripts\PredicciónImágenes\Nodules\00010828_041.png,chest_xray,1.0,True,1.0,1.285873008072258e-08,
scripts\PredicciónImágenes\Nodules\00007093_007.png,chest_xray,1.0,True,1.0,1.1875017028734058e-12,
scripts\PredicciónImágenes\Nodules\00015376_032.png,chest_xray,1.0,True,1.0,2.45241771335003e-10,
scripts\PredicciónImágenes\Nodules\00019605_004.png,chest_xray,1.0,True,1.0,5.099976618794244e-08,
scripts\PredicciónImágenes\Nodules\00016937_018.png,chest_xray,1.0,True,1.0,3.662770434176288e-11,
scripts\PredicciónImágenes\Nodules\00001278_014.png,chest_xray,1.0,True,1.0,3.3675885191541965e-08,
scripts\PredicciónImágenes\Nodules\00011688_004.png,chest_xray,1.0,True,1.0,1.1393154197847366e-09,
scripts\PredicciónImágenes\Nodules\00004928_002.png,chest_xray,1.0,True,1.0,2.231547835407355e-09,
scripts\PredicciónImágenes\Nodules\00012337_000.png,chest_xray,1.0,True,1.0,7.909897563329604e-12,
scripts\PredicciónImágenes\Nodules\00028346_000.png,chest_xray,1.0,True,1.0,6.6947940524642036e-09,
scripts\PredicciónImágenes\Nodules\00016550_023.png,chest_xray,1.0,True,1.0,1.9929318195721635e-09,
scripts\PredicciónImágenes\Nodules\00017266_005.png,chest_xray,1.0,True,1.0,1.181104103409325e-09,
scripts\PredicciónImágenes\Nodules\00002547_004.png,chest_xray,1.0,True,1.0,2.5348451115903003e-10,
scripts\PredicciónImágenes\Nodules\00017472_000.png,chest_xray,1.0,True,1.0,1.7263135365652715e-11,
scripts\PredicciónImágenes\Nodules\00020019_001.png,chest_xray,1.0,True,1.0,5.546837655856507e-08,
scripts\PredicciónImágenes\Nodules\00004361_000.png,chest_xray,1.0,True,1.0,2.5310547928369953e-12,
scripts\PredicciónImágenes\Nodules\00006766_000.png,chest_xray,1.0,True,1.0,8.29977753191713e-10,
scripts\PredicciónImágenes\Nodules\00009690_000.png,chest_xray,1.0,True,1.0,2.466676602558282e-12,
scripts\PredicciónImágenes\Nodules\00013911_017.png,chest_xray,1.0,True,1.0,2.93313220933733e-11,
scripts\PredicciónImágenes\Nodules\00003805_001.png,chest_xray,1.0,True,1.0,7.263446788474681e-12,
scripts\PredicciónImágenes\Nodules\00009397_012.png,chest_xray,1.0,True,1.0,9.266283740316794e-09,
scripts\PredicciónImágenes\Nodules\00023033_000.png,chest_xray,1.0,True,1.0,3.035643070248284e-09,
scripts\PredicciónImágenes\Nodules\00011017_000.png,chest_xray,1.0,True,1.0,1.2683427225157473e-11,
scripts\PredicciónImágenes\Nodules\00003523_017.png,chest_xray,1.0,True,1.0,3.9574432619815525e-09,
scripts\PredicciónImágenes\Nodules\00003523_001.png,chest_xray,1.0,True,1.0,2.995830666874255e-11,
scripts\PredicciónImágenes\Nodules\00006642_033.png,chest_xray,1.0,True,1.0,4.283913779268289e-10,
scripts\PredicciónImágenes\Nodules\00019241_004.png,chest_xray,1.0,True,1.0,3.5667888781398815e-11,
scripts\PredicciónImágenes\Nodules\00025181_007.png,chest_xray,1.0,True,1.0,9.19430434564994e-11,
scripts\PredicciónImágenes\Nodules\00015070_006.png,chest_xray,1.0,True,1.0,7.408065827441135e-11,
scripts\PredicciónImágenes\Nodules\00013911_016.png,chest_xray,1.0,True,1.0,7.595290715811664e-12,
scripts\PredicciónImágenes\Nodules\00022113_002.png,chest_xray,1.0,True,1.0,3.6826828253566646e-09,
scripts\PredicciónImágenes\Nodules\00026282_001.png,chest_xray,1.0,True,1.0,3.367899847894762e-10,
scripts\PredicciónImágenes\Nodules\00005477_000.png,chest_xray,1.0,True,1.0,1.9463822220622262e-10,
scripts\PredicciónImágenes\Nodules\00010894_000.png,chest_xray,1.0,True,1.0,4.82646084556948e-12,
scripts\PredicciónImágenes\Nodules\00009461_001.png,chest_xray,1.0,True,1.0,1.0227811486629435e-08,
scripts\PredicciónImágenes\Nodules\00005862_001.png,chest_xray,1.0,True,1.0,2.36580643964146e-10,
scripts\PredicciónImágenes\Nodules\00014438_005.png,chest_xray,1.0,True,1.0,1.6077512585144227e-11,
scripts\PredicciónImágenes\Nodules\00003751_000.png,chest_xray,1.0,True,1.0,1.6642852027071164e-11,
scripts\PredicciónImágenes\Nodules\00015190_001.png,chest_xray,1.0,True,1.0,5.936130753614322e-11,
scripts\PredicciónImágenes\Nodules\00022816_002.png,chest_xray,1.0,True,1.0,3.6457864505123894e-10,
scripts\PredicciónImágenes\Nodules\00013977_001.png,chest_xray,1.0,True,1.0,1.4267331760464685e-10,
scripts\PredicciónImágenes\Nodules\00025806_000.png,chest_xray,1.0,True,1.0,2.694687251114658e-10,
scripts\PredicciónImágenes\Nodules\00003669_002.png,chest_xray,1.0,True,1.0,9.78137926557765e-13,
scripts\PredicciónImágenes\Nodules\00010350_006.png,chest_xray,1.0,True,1.0,1.8168189175327143e-09,
scripts\PredicciónImágenes\Nodules\00013574_005.png,chest_xray,1.0,True,1.0,1.3139063621825375e-11,
scripts\PredicciónImágenes\Nodules\00012659_041.png,chest_xray,1.0,True,1.0,1.2365541923742285e-10,
scripts\PredicciónImágenes\Nodules\00007160_004.png,chest_xray,1.0,True,1.0,1.2743820443361642e-09,
scripts\PredicciónImágenes\Nodules\00022622_009.png,chest_xray,1.0,True,1.0,1.9426753539164565e-08,
scripts\PredicciónImágenes\Nodules\00010348_000.png,chest_xray,1.0,True,1.0,1.9541577245263397e-09,
scripts\PredicciónImágenes\Nodules\00019774_003.png,chest_xray,1.0,True,1.0,2.4441464477331643e-11,
scripts\PredicciónImágenes\Nodules\00023316_000.png,chest_xray,0.999984860420227,True,0.999984860420227,1.5186681594059337e-05,
scripts\PredicciónImágenes\Nodules\00010182_000.png,chest_xray,1.0,True,1.0,4.83089568348305e-10,
scripts\PredicciónImágenes\Nodules\00017915_003.png,chest_xray,0.9999997615814209,True,0.9999997615814209,2.1470367528308998e-07,
scripts\PredicciónImágenes\Nodules\00023140_004.png,chest_xray,1.0,True,1.0,1.7548692499147478e-09,
scripts\PredicciónImágenes\Nodules\00020326_019.png,chest_xray,1.0,True,1.0,1.6658566082128345e-08,
scripts\PredicciónImágenes\Nodules\00012687_000.png,chest_xray,1.0,True,1.0,1.4415275195744925e-08,
scripts\PredicciónImágenes\Nodules\00010677_027.png,chest_xray,1.0,True,1.0,5.926644952580773e-09,
scripts\PredicciónImágenes\Nodules\00019647_005.png,chest_xray,1.0,True,1.0,6.94104565490683e-11,
scripts\PredicciónImágenes\Nodules\00003393_016.png,chest_xray,1.0,True,1.0,5.5853540459338546e-08,
scripts\PredicciónImágenes\Nodules\00006252_001.png,chest_xray,1.0,True,1.0,4.3566867446998e-08,
scripts\PredicciónImágenes\Nodules\00007886_000.png,chest_xray,1.0,True,1.0,3.3519391689357247e-12,
scripts\PredicciónImágenes\Nodules\00026814_001.png,chest_xray,1.0,True,1.0,2.500437012997736e-08,
scripts\PredicciónImágenes\Nodules\00004974_002.png,chest_xray,1.0,True,1.0,2.297007251073069e-09,
scripts\PredicciónImágenes\Nodules\00005932_000.png,chest_xray,1.0,True,1.0,9.465148664844492e-10,
scripts\PredicciónImágenes\Nodules\00010352_042.png,chest_xray,1.0,True,1.0,4.286515142837288e-09,
scripts\PredicciónImágenes\Nodules\00005664_000.png,chest_xray,1.0,True,1.0,1.3474123206069777e-10,
scripts\PredicciónImágenes\Nodules\00016805_009.png,chest_xray,1.0,True,1.0,3.678913944316076e-12,
scripts\PredicciónImágenes\Nodules\00019222_000.png,chest_xray,1.0,True,1.0,2.109337227454433e-12,
scripts\PredicciónImágenes\Nodules\00022877_021.png,chest_xray,1.0,True,1.0,1.0869225519627435e-09,
scripts\PredicciónImágenes\Nodules\00021786_000.png,chest_xray,1.0,True,1.0,3.605848675203305e-10,
scripts\PredicciónImágenes\Nodules\00006792_003.png,chest_xray,0.9999997615814209,True,0.9999997615814209,2.468249533649214e-07,
scripts\PredicciónImágenes\Nodules\00002066_014.png,chest_xray,1.0,True,1.0,1.4067735421008365e-08,
scripts\PredicciónImágenes\Nodules\00014203_053.png,chest_xray,1.0,True,1.0,6.193833890222322e-09,
scripts\PredicciónImágenes\Nodules\00011696_003.png,chest_xray,1.0,True,1.0,2.830605758466498e-12,
scripts\PredicciónImágenes\Nodules\00021297_000.png,chest_xray,0.9999998807907104,True,0.9999998807907104,7.010709168753237e-08,
scripts\PredicciónImágenes\Nodules\00001995_007.png,chest_xray,1.0,True,1.0,1.507494795660591e-09,
scripts\PredicciónImágenes\Nodules\00005109_000.png,chest_xray,1.0,True,1.0,1.4262333536407823e-09,
scripts\PredicciónImágenes\Nodules\00016404_011.png,chest_xray,1.0,True,1.0,9.32172894430039e-10,
scripts\PredicciónImágenes\Nodules\00029650_004.png,chest_xray,1.0,True,1.0,4.644484449811692e-12,
scripts\PredicciónImágenes\Nodules\00006444_007.png,chest_xray,0.9999850988388062,True,0.9999850988388062,1.4881803508615121e-05,
scripts\PredicciónImágenes\Nodules\00009951_001.png,chest_xray,1.0,True,1.0,5.335765683456284e-12,
scripts\PredicciónImágenes\Nodules\00005414_000.png,chest_xray,1.0,True,1.0,9.176329140991868e-11,
scripts\PredicciónImágenes\Nodules\00000721_000.png,chest_xray,1.0,True,1.0,1.0462651189868666e-08,
scripts\PredicciónImágenes\Nodules\00005577_006.png,chest_xray,1.0,True,1.0,2.0568335923343284e-09,
scripts\PredicciónImágenes\Nodules\00003062_008.png,chest_xray,1.0,True,1.0,1.1659102849836955e-10,
scripts\PredicciónImágenes\Nodules\00030376_000.png,chest_xray,1.0,True,1.0,1.838583799096405e-11,
scripts\PredicciónImágenes\Nodules\00019479_008.png,chest_xray,1.0,True,1.0,5.424391602559808e-09,
scripts\PredicciónImágenes\Nodules\00028541_000.png,chest_xray,1.0,True,1.0,2.524318754026922e-09,
scripts\PredicciónImágenes\Nodules\00016494_002.png,chest_xray,1.0,True,1.0,8.204611989803823e-11,
scripts\PredicciónImágenes\Nodules\00003055_000.png,chest_xray,1.0,True,1.0,4.309166305033196e-12,
scripts\PredicciónImágenes\Nodules\00008594_000.png,chest_xray,1.0,True,1.0,2.08096474080266e-12,
scripts\PredicciónImágenes\Nodules\00015495_009.png,chest_xray,1.0,True,1.0,3.561000827545513e-09,
scripts\PredicciónImágenes\Nodules\00017106_003.png,chest_xray,0.9999977350234985,True,0.9999977350234985,2.2169353997014696e-06,
scripts\PredicciónImágenes\Nodules\00013449_001.png,chest_xray,1.0,True,1.0,6.634068849820096e-10,
scripts\PredicciónImágenes\Nodules\00019162_001.png,chest_xray,1.0,True,1.0,1.3601272330632241e-09,
scripts\PredicciónImágenes\Nodules\00021708_000.png,chest_xray,1.0,True,1.0,1.620320233541861e-08,
scripts\PredicciónImágenes\Nodules\00003279_002.png,chest_xray,1.0,True,1.0,3.484257327102114e-11,
scripts\PredicciónImágenes\Nodules\00005211_000.png,chest_xray,0.9999998807907104,True,0.9999998807907104,7.002690693980185e-08,
scripts\PredicciónImágenes\Nodules\00022566_008.png,chest_xray,1.0,True,1.0,6.670629326688271e-12,
scripts\PredicciónImágenes\Nodules\00005935_001.png,chest_xray,1.0,True,1.0,1.9359069902691317e-11,
scripts\PredicciónImágenes\Nodules\00030157_002.png,chest_xray,1.0,True,1.0,1.1700755815635677e-11,
scripts\PredicciónImágenes\Nodules\00001555_003.png,chest_xray,1.0,True,1.0,2.753670846900036e-09,
scripts\PredicciónImágenes\Nodules\00003751_001.png,chest_xray,1.0,True,1.0,2.4102370099754467e-10,
scripts\PredicciónImágenes\Nodules\00014334_000.png,chest_xray,1.0,True,1.0,5.3015709877701767e-11,
scripts\PredicciónImágenes\Nodules\00002954_000.png,chest_xray,1.0,True,1.0,8.713597204890178e-11,
scripts\PredicciónImágenes\Nodules\00000954_005.png,chest_xray,1.0,True,1.0,2.7521993017920465e-10,
scripts\PredicciónImágenes\Nodules\00003519_003.png,chest_xray,1.0,True,1.0,1.7017690034926147e-10,
scripts\PredicciónImágenes\Nodules\00003393_005.png,chest_xray,0.9999998807907104,True,0.9999998807907104,1.7083017667118838e-07,
scripts\PredicciónImágenes\Nodules\00011723_003.png,chest_xray,1.0,True,1.0,1.8612227037362317e-10,
scripts\PredicciónImágenes\Nodules\00012816_003.png,chest_xray,1.0,True,1.0,4.822014787464468e-09,
scripts\PredicciónImágenes\Nodules\00006710_002.png,chest_xray,1.0,True,1.0,1.365810131659373e-09,
scripts\PredicciónImágenes\Nodules\00005069_023.png,chest_xray,1.0,True,1.0,6.272082408997903e-09,
scripts\PredicciónImágenes\Nodules\00012834_031.png,chest_xray,0.9999232292175293,True,0.9999232292175293,7.680281123612076e-05,
scripts\PredicciónImágenes\Nodules\00023026_002.png,chest_xray,1.0,True,1.0,2.1239041775311662e-11,
scripts\PredicciónImágenes\Nodules\00001836_045.png,chest_xray,1.0,True,1.0,3.4910613067040686e-08,
scripts\PredicciónImágenes\Nodules\00012502_013.png,chest_xray,1.0,True,1.0,1.1262341753637273e-11,
scripts\PredicciónImágenes\Nodules\00018591_000.png,chest_xray,1.0,True,1.0,1.1604747024440698e-10,
scripts\PredicciónImágenes\Nodules\00005624_004.png,chest_xray,1.0,True,1.0,1.2255839398900292e-10,
scripts\PredicciónImágenes\Nodules\00021150_000.png,chest_xray,1.0,True,1.0,3.226187372806777e-11,
scripts\PredicciónImágenes\Nodules\00028624_001.png,chest_xray,1.0,True,1.0,2.0093404717869134e-09,
scripts\PredicciónImágenes\Nodules\00012520_013.png,chest_xray,1.0,True,1.0,2.4550034314479996e-12,
scripts\PredicciónImágenes\Nodules\00007917_005.png,chest_xray,1.0,True,1.0,3.5729119662875064e-10,
scripts\PredicciónImágenes\Nodules\00003752_004.png,chest_xray,1.0,True,1.0,1.1195646840156392e-11,
scripts\PredicciónImágenes\Nodules\00021772_007.png,chest_xray,1.0,True,1.0,4.0936845580041847e-10,
scripts\PredicciónImágenes\Nodules\00023957_000.png,chest_xray,1.0,True,1.0,6.854464218442047e-11,
scripts\PredicciónImágenes\Nodules\00008879_000.png,chest_xray,1.0,True,1.0,1.7369203406288058e-13,
scripts\PredicciónImágenes\Nodules\00014129_005.png,chest_xray,1.0,True,1.0,5.906903854935308e-10,
scripts\PredicciónImágenes\Nodules\00022139_002.png,chest_xray,1.0,True,1.0,9.374939935469229e-09,
scripts\PredicciónImágenes\Nodules\00013167_000.png,chest_xray,1.0,True,1.0,1.7946901742504906e-09,
scripts\PredicciónImágenes\Nodules\00013688_000.png,chest_xray,1.0,True,1.0,2.6414370690730493e-11,
scripts\PredicciónImágenes\Nodules\00018748_001.png,chest_xray,1.0,True,1.0,1.0913140391366483e-09,
scripts\PredicciónImágenes\Nodules\00022651_002.png,chest_xray,0.9999995231628418,True,0.9999995231628418,4.868325618190283e-07,
scripts\PredicciónImágenes\Nodules\00029450_000.png,chest_xray,1.0,True,1.0,2.2043730396603678e-08,
scripts\PredicciónImágenes\Nodules\00010670_003.png,chest_xray,1.0,True,1.0,3.692358918616634e-10,
scripts\PredicciónImágenes\Nodules\00004333_000.png,chest_xray,1.0,True,1.0,1.4353036814629405e-10,
scripts\PredicciónImágenes\Nodules\00005194_000.png,chest_xray,1.0,True,1.0,6.175758238136098e-10,
scripts\PredicciónImágenes\Nodules\00020393_006.png,chest_xray,1.0,True,1.0,4.728802682762989e-09,
scripts\PredicciónImágenes\Nodules\00020702_001.png,chest_xray,1.0,True,1.0,6.943829955474712e-10,
scripts\PredicciónImágenes\Nodules\00020767_001.png,chest_xray,0.9999998807907104,True,0.9999998807907104,1.4166087680678174e-07,
scripts\PredicciónImágenes\Nodules\00016551_000.png,chest_xray,0.9999946355819702,True,0.9999946355819702,5.332273758540396e-06,
scripts\PredicciónImágenes\Nodules\00016404_012.png,chest_xray,1.0,True,1.0,2.235713281173446e-10,
scripts\PredicciónImágenes\Nodules\00020505_006.png,chest_xray,1.0,True,1.0,2.5454145458070343e-08,
scripts\PredicciónImágenes\Nodules\00022030_005.png,chest_xray,1.0,True,1.0,2.9981912785803644e-11,
scripts\PredicciónImágenes\Nodules\00015108_001.png,chest_xray,1.0,True,1.0,6.581371558844751e-11,
scripts\PredicciónImágenes\Nodules\00020275_000.png,chest_xray,1.0,True,1.0,3.566164863411103e-10,
scripts\PredicciónImágenes\Nodules\00027343_002.png,chest_xray,1.0,True,1.0,1.7198283812705495e-12,
scripts\PredicciónImágenes\Nodules\00018443_000.png,chest_xray,1.0,True,1.0,8.121252975668014e-11,
scripts\PredicciónImágenes\Nodules\00021074_000.png,chest_xray,1.0,True,1.0,1.6807059077805775e-09,
scripts\PredicciónImágenes\Nodules\00008008_059.png,chest_xray,1.0,True,1.0,7.634990556448784e-11,
scripts\PredicciónImágenes\Nodules\00019176_059.png,chest_xray,0.9999998807907104,True,0.9999998807907104,1.231563544479286e-07,
scripts\PredicciónImágenes\Nodules\00011173_000.png,chest_xray,1.0,True,1.0,1.478246275388173e-10,
scripts\PredicciónImágenes\Nodules\00011230_002.png,chest_xray,1.0,True,1.0,5.185694540443819e-09,
scripts\PredicciónImágenes\Nodules\00014924_002.png,chest_xray,1.0,True,1.0,2.100717111375161e-08,
scripts\PredicciónImágenes\Nodules\00028380_009.png,chest_xray,1.0,True,1.0,5.917822676337892e-09,
scripts\PredicciónImágenes\Nodules\00004170_000.png,chest_xray,1.0,True,1.0,1.4150579319416323e-10,
scripts\PredicciónImágenes\Nodules\00005218_023.png,chest_xray,0.9999997615814209,True,0.9999997615814209,1.9585250754516892e-07,
scripts\PredicciónImágenes\Nodules\00014094_002.png,chest_xray,1.0,True,1.0,3.441919527169546e-10,
scripts\PredicciónImágenes\Nodules\00006096_003.png,chest_xray,1.0,True,1.0,3.0233437281479425e-11,
scripts\PredicciónImágenes\Nodules\00006639_000.png,chest_xray,1.0,True,1.0,5.05162795275127e-12,
scripts\PredicciónImágenes\Nodules\00003126_015.png,chest_xray,0.9999988079071045,True,0.9999988079071045,1.2368453781164135e-06,
scripts\PredicciónImágenes\Nodules\00014004_013.png,chest_xray,0.9999998807907104,True,0.9999998807907104,1.311891821842437e-07,
scripts\PredicciónImágenes\Nodules\00012659_030.png,chest_xray,1.0,True,1.0,2.065172251958236e-12,
scripts\PredicciónImágenes\Nodules\00000499_010.png,chest_xray,1.0,True,1.0,8.397072370769365e-09,
scripts\PredicciónImágenes\Nodules\00019682_000.png,chest_xray,1.0,True,1.0,6.628098625505174e-10,
scripts\PredicciónImágenes\Nodules\00010592_002.png,chest_xray,1.0,True,1.0,2.5092801100856654e-12,
scripts\PredicciónImágenes\Nodules\00011737_002.png,chest_xray,0.9999948740005493,True,0.9999948740005493,5.154711288923863e-06,
scripts\PredicciónImágenes\Nodules\00005403_031.png,chest_xray,0.9999998807907104,True,0.9999998807907104,7.575281557592461e-08,
scripts\PredicciónImágenes\Nodules\00022801_000.png,chest_xray,1.0,True,1.0,4.466695763261086e-11,
scripts\PredicciónImágenes\Nodules\00016405_000.png,chest_xray,0.9999991655349731,True,0.9999991655349731,8.654897101223469e-07,
scripts\PredicciónImágenes\Nodules\00007108_007.png,chest_xray,1.0,True,1.0,8.658403771732992e-09,
scripts\PredicciónImágenes\Nodules\00012261_000.png,chest_xray,1.0,True,1.0,5.4048258923966586e-11,
scripts\PredicciónImágenes\Nodules\00000372_013.png,chest_xray,1.0,True,1.0,1.258654205166243e-12,
scripts\PredicciónImágenes\Nodules\00004377_000.png,chest_xray,1.0,True,1.0,8.052030570082636e-11,
scripts\PredicciónImágenes\Nodules\00006434_000.png,chest_xray,1.0,True,1.0,1.6497651245117595e-08,
scripts\PredicciónImágenes\Nodules\00007757_007.png,chest_xray,1.0,True,1.0,7.128453383131728e-11,
scripts\PredicciónImágenes\Nodules\00016007_000.png,chest_xray,1.0,True,1.0,5.242377643099871e-10,
scripts\PredicciónImágenes\Nodules\00027227_000.png,chest_xray,1.0,True,1.0,1.31873323372389e-09,
scripts\PredicciónImágenes\Nodules\00005722_044.png,chest_xray,0.9999992847442627,True,0.9999992847442627,6.675726922367176e-07,
scripts\PredicciónImágenes\Nodules\00016587_049.png,chest_xray,1.0,True,1.0,4.5564813033749374e-10,
scripts\PredicciónImágenes\Nodules\00016403_001.png,chest_xray,1.0,True,1.0,4.026817507912783e-12,
scripts\PredicciónImágenes\Nodules\00029909_002.png,chest_xray,1.0,True,1.0,1.7357382198213145e-09,
scripts\PredicciónImágenes\Nodules\00002014_002.png,chest_xray,1.0,True,1.0,7.698355286578362e-10,
scripts\PredicciónImágenes\Nodules\00002834_003.png,chest_xray,1.0,True,1.0,1.8771698084840693e-10,
scripts\PredicciónImágenes\Nodules\00006926_005.png,chest_xray,1.0,True,1.0,4.351226323695556e-10,
scripts\PredicciónImágenes\Nodules\00027260_002.png,chest_xray,0.9999966621398926,True,0.9999966621398926,3.3874091514007887e-06,
scripts\PredicciónImágenes\Nodules\00017605_008.png,chest_xray,1.0,True,1.0,7.443538674323236e-09,
scripts\PredicciónImágenes\Nodules\00015167_003.png,chest_xray,1.0,True,1.0,5.332860819606822e-10,
scripts\PredicciónImágenes\Nodules\00004519_012.png,chest_xray,1.0,True,1.0,1.261873418256787e-11,
scripts\PredicciónImágenes\Nodules\00000840_001.png,chest_xray,1.0,True,1.0,6.940122920795488e-10,
scripts\PredicciónImágenes\Nodules\00010531_082.png,chest_xray,1.0,True,1.0,2.656324049610248e-09,
scripts\PredicciónImágenes\Nodules\00001995_006.png,chest_xray,1.0,True,1.0,4.862706348696122e-10,
scripts\PredicciónImágenes\Nodules\00011493_005.png,chest_xray,1.0,True,1.0,2.053687775394053e-11,
scripts\PredicciónImágenes\Nodules\00012884_015.png,chest_xray,1.0,True,1.0,1.1153818979536823e-09,
scripts\PredicciónImágenes\Nodules\00020046_009.png,chest_xray,1.0,True,1.0,6.264164742475486e-10,
scripts\PredicciónImágenes\Nodules\00027478_001.png,chest_xray,1.0,True,1.0,5.06142940059906e-11,
scripts\PredicciónImágenes\Nodules\00015147_006.png,chest_xray,1.0,True,1.0,1.5489465265972058e-10,
scripts\PredicciónImágenes\Nodules\00018680_011.png,chest_xray,1.0,True,1.0,2.1366391989019462e-10,
scripts\PredicciónImágenes\Nodules\00026885_000.png,chest_xray,1.0,True,1.0,4.2665126986918267e-10,
scripts\PredicciónImágenes\Nodules\00005094_015.png,chest_xray,1.0,True,1.0,6.904588706335701e-11,
scripts\PredicciónImágenes\Nodules\00026305_000.png,chest_xray,0.9999998807907104,True,0.9999998807907104,1.3287123579175386e-07,
scripts\PredicciónImágenes\Nodules\00014737_000.png,chest_xray,1.0,True,1.0,4.4129734588782554e-11,
scripts\PredicciónImágenes\Nodules\00002547_009.png,chest_xray,1.0,True,1.0,2.2864691910651214e-12,
scripts\PredicciónImágenes\Nodules\00017726_001.png,chest_xray,0.9999998807907104,True,0.9999998807907104,9.813843604433714e-08,
scripts\PredicciónImágenes\Nodules\00020631_000.png,chest_xray,1.0,True,1.0,1.921335486543274e-12,
scripts\PredicciónImágenes\Nodules\00028936_000.png,chest_xray,1.0,True,1.0,2.012591135414077e-11,
scripts\PredicciónImágenes\Nodules\00029820_004.png,chest_xray,1.0,True,1.0,4.561074629094719e-09,
scripts\PredicciónImágenes\Nodules\00007506_004.png,chest_xray,1.0,True,1.0,2.7121363488369354e-10,
scripts\PredicciónImágenes\Nodules\00026893_002.png,chest_xray,1.0,True,1.0,3.951829141701779e-10,
scripts\PredicciónImágenes\Nodules\00013549_002.png,chest_xray,1.0,True,1.0,1.3284729982743215e-09,
scripts\PredicciónImágenes\Nodules\00006096_006.png,chest_xray,1.0,True,1.0,6.91072266079118e-09,
scripts\PredicciónImágenes\Nodules\00022030_004.png,chest_xray,1.0,True,1.0,4.1134377154472546e-11,
scripts\PredicciónImágenes\Nodules\00019056_010.png,chest_xray,1.0,True,1.0,2.5245003310025993e-10,
scripts\PredicciónImágenes\Nodules\00015070_005.png,chest_xray,1.0,True,1.0,9.921831134462877e-10,
scripts\PredicciónImágenes\Nodules\00005519_001.png,chest_xray,1.0,True,1.0,3.3539712890676143e-13,
scripts\PredicciónImágenes\Nodules\00001627_000.png,chest_xray,1.0,True,1.0,8.447703092606673e-10,
scripts\PredicciónImágenes\Nodules\00002364_001.png,chest_xray,1.0,True,1.0,2.70732734009016e-08,
scripts\PredicciónImágenes\Nodules\00015754_001.png,chest_xray,1.0,True,1.0,6.054503426389246e-11,
scripts\PredicciónImágenes\Nodules\00007246_001.png,chest_xray,1.0,True,1.0,2.592069670015462e-09,
scripts\PredicciónImágenes\Nodules\00000716_000.png,chest_xray,1.0,True,1.0,9.454444171996812e-11,
scripts\PredicciónImágenes\Nodules\00020469_005.png,chest_xray,1.0,True,1.0,9.818061641464482e-11,
scripts\PredicciónImágenes\Nodules\00009293_003.png,chest_xray,1.0,True,1.0,8.64241924553033e-12,
scripts\PredicciónImágenes\Nodules\00024461_002.png,chest_xray,1.0,True,1.0,4.716347104527507e-12,
scripts\PredicciónImágenes\Nodules\00005502_018.png,chest_xray,1.0,True,1.0,1.3980379354183725e-11,
scripts\PredicciónImágenes\Nodules\00003393_015.png,chest_xray,1.0,True,1.0,3.347741994730313e-08,
scripts\PredicciónImágenes\Nodules\00009117_004.png,chest_xray,1.0,True,1.0,7.673876645242217e-09,
scripts\PredicciónImágenes\Nodules\00005502_005.png,chest_xray,1.0,True,1.0,6.956188070006419e-09,
scripts\PredicciónImágenes\Nodules\00006361_001.png,chest_xray,1.0,True,1.0,2.0006935832431877e-13,
scripts\PredicciónImágenes\Nodules\00013185_000.png,chest_xray,1.0,True,1.0,7.092756937332467e-11,
scripts\PredicciónImágenes\Nodules\00025447_002.png,chest_xray,1.0,True,1.0,1.1447189723901019e-10,
scripts\PredicciónImágenes\Nodules\00028265_003.png,chest_xray,1.0,True,1.0,1.1267197244646532e-11,
scripts\PredicciónImágenes\Nodules\00000093_000.png,chest_xray,1.0,True,1.0,7.595091222611927e-11,
scripts\PredicciónImágenes\Nodules\00004495_001.png,chest_xray,1.0,True,1.0,1.4567111406016409e-10,
scripts\PredicciónImágenes\Nodules\00008570_003.png,chest_xray,1.0,True,1.0,7.511304078722247e-11,
scripts\PredicciónImágenes\Nodules\00019965_001.png,chest_xray,1.0,True,1.0,8.077976655640473e-12,
scripts\PredicciónImágenes\Nodules\00026641_006.png,chest_xray,1.0,True,1.0,6.175973510380572e-09,
scripts\PredicciónImágenes\Nodules\00020398_032.png,chest_xray,0.9999997615814209,True,0.9999997615814209,1.929963815427982e-07,
scripts\PredicciónImágenes\Nodules\00009967_002.png,chest_xray,1.0,True,1.0,1.1540168820545205e-09,
scripts\PredicciónImágenes\Nodules\00007206_000.png,chest_xray,1.0,True,1.0,1.9437333687033487e-10,
scripts\PredicciónImágenes\Nodules\00021166_000.png,chest_xray,1.0,True,1.0,4.4965176471123414e-08,
scripts\PredicciónImágenes\Nodules\00017484_000.png,chest_xray,1.0,True,1.0,3.50992941378081e-08,
scripts\PredicciónImágenes\Nodules\00010872_001.png,chest_xray,1.0,True,1.0,1.2205411126231525e-09,
scripts\PredicciónImágenes\Nodules\00015333_000.png,chest_xray,1.0,True,1.0,3.6305289885518732e-09,
scripts\PredicciónImágenes\Nodules\00000101_000.png,chest_xray,1.0,True,1.0,4.837617528785643e-10,
scripts\PredicciónImágenes\Nodules\00011723_027.png,chest_xray,1.0,True,1.0,1.4373426893143915e-09,
scripts\PredicciónImágenes\Nodules\00008953_000.png,chest_xray,1.0,True,1.0,8.203453888411261e-11,
scripts\PredicciónImágenes\Nodules\00010914_005.png,chest_xray,1.0,True,1.0,5.712854234812825e-13,
scripts\PredicciónImágenes\Nodules\00028195_003.png,chest_xray,1.0,True,1.0,5.506503697461085e-09,
scripts\PredicciónImágenes\Nodules\00026396_001.png,chest_xray,1.0,True,1.0,4.856088309246331e-10,
scripts\PredicciónImágenes\Nodules\00022748_000.png,chest_xray,1.0,True,1.0,6.537732161193688e-11,
scripts\PredicciónImágenes\Nodules\00014033_001.png,chest_xray,1.0,True,1.0,1.264423676872184e-09,
scripts\PredicciónImágenes\Nodules\00017530_001.png,chest_xray,1.0,True,1.0,4.025798444606821e-11,
scripts\PredicciónImágenes\Nodules\00004498_001.png,chest_xray,1.0,True,1.0,2.7552218319348842e-12,
scripts\PredicciónImágenes\Nodules\00008342_002.png,chest_xray,1.0,True,1.0,1.2222044487586459e-09,
scripts\PredicciónImágenes\Nodules\00028876_020.png,chest_xray,1.0,True,1.0,1.131158222644757e-10,
scripts\PredicciónImágenes\Nodules\00004266_000.png,chest_xray,1.0,True,1.0,1.183312735991704e-11,
scripts\PredicciónImágenes\Nodules\00000049_000.png,chest_xray,1.0,True,1.0,1.3201230331105762e-08,
scripts\PredicciónImágenes\Nodules\00019124_048.png,chest_xray,0.9999998807907104,True,0.9999998807907104,6.194284907223846e-08,
scripts\PredicciónImágenes\Nodules\00001836_054.png,chest_xray,0.9999995231628418,True,0.9999995231628418,5.057220278104069e-07,
scripts\PredicciónImágenes\Nodules\00012045_002.png,chest_xray,1.0,True,1.0,7.595903073198684e-11,
scripts\PredicciónImágenes\Nodules\00016550_022.png,chest_xray,1.0,True,1.0,4.8472070801608425e-09,
scripts\PredicciónImágenes\Nodules\00028429_003.png,chest_xray,1.0,True,1.0,3.4563465978187935e-10,
scripts\PredicciónImágenes\Nodules\00029048_000.png,chest_xray,1.0,True,1.0,6.460123408436047e-11,
scripts\PredicciónImágenes\Nodules\00009889_011.png,chest_xray,1.0,True,1.0,6.202138108646338e-11,
scripts\PredicciónImágenes\Nodules\00003940_008.png,chest_xray,1.0,True,1.0,4.900636840776684e-11,
scripts\PredicciónImágenes\Nodules\00027491_000.png,chest_xray,1.0,True,1.0,1.7031727139737995e-09,
scripts\PredicciónImágenes\Nodules\00015450_000.png,chest_xray,1.0,True,1.0,1.8516861655104577e-11,
scripts\PredicciónImágenes\Nodules\00016814_000.png,chest_xray,1.0,True,1.0,2.255720749078094e-10,
scripts\PredicciónImágenes\Nodules\00013170_000.png,chest_xray,1.0,True,1.0,2.067369470060143e-10,
scripts\PredicciónImágenes\Nodules\00003067_000.png,chest_xray,1.0,True,1.0,9.73892060746051e-12,
scripts\PredicciónImágenes\Nodules\00020472_004.png,chest_xray,1.0,True,1.0,2.074636643034644e-11,
scripts\PredicciónImágenes\Nodules\00016431_000.png,chest_xray,1.0,True,1.0,3.186617419589921e-12,
scripts\PredicciónImágenes\Nodules\00015105_000.png,chest_xray,1.0,True,1.0,5.875405023614277e-11,
scripts\PredicciónImágenes\Nodules\00018819_001.png,chest_xray,1.0,True,1.0,5.827894833387859e-10,
scripts\PredicciónImágenes\Nodules\00022060_002.png,chest_xray,1.0,True,1.0,5.345017137226016e-11,
scripts\PredicciónImágenes\Nodules\00014663_034.png,chest_xray,1.0,True,1.0,1.7297562271423317e-09,
scripts\PredicciónImágenes\Nodules\00021759_004.png,chest_xray,1.0,True,1.0,1.6999199270451015e-10,
scripts\PredicciónImágenes\Nodules\00000963_008.png,chest_xray,1.0,True,1.0,3.212555568787856e-11,
scripts\PredicciónImágenes\Nodules\00012865_000.png,chest_xray,1.0,True,1.0,1.2659989723218246e-10,
scripts\PredicciónImágenes\Nodules\00029086_000.png,chest_xray,0.9998290538787842,True,0.9998290538787842,0.00017093258793465793,
scripts\PredicciónImágenes\Nodules\00022726_021.png,chest_xray,1.0,True,1.0,6.030119736877282e-10,
scripts\PredicciónImágenes\Nodules\00029589_003.png,chest_xray,1.0,True,1.0,1.1245143483051834e-08,
scripts\PredicciónImágenes\Nodules\00030722_000.png,chest_xray,1.0,True,1.0,2.459578141156271e-08,
scripts\PredicciónImágenes\Nodules\00001974_011.png,chest_xray,1.0,True,1.0,8.879895950497652e-12,
scripts\PredicciónImágenes\Nodules\00016550_007.png,chest_xray,1.0,True,1.0,2.2062542764933468e-11,
scripts\PredicciónImágenes\Nodules\00023225_000.png,chest_xray,1.0,True,1.0,4.0997716332924483e-10,
scripts\PredicciónImágenes\Nodules\00013078_007.png,chest_xray,1.0,True,1.0,1.1993897541806575e-10,
scripts\PredicciónImágenes\Nodules\00020967_020.png,chest_xray,1.0,True,1.0,3.9738107552797497e-13,
scripts\PredicciónImágenes\Nodules\00012704_011.png,chest_xray,1.0,True,1.0,2.4265593978611832e-08,
scripts\PredicciónImágenes\Nodules\00016404_008.png,chest_xray,1.0,True,1.0,1.2170256469268281e-10,
scripts\PredicciónImágenes\Nodules\00019411_000.png,chest_xray,1.0,True,1.0,9.302582038017704e-10,
scripts\PredicciónImágenes\Nodules\00019071_000.png,chest_xray,1.0,True,1.0,1.4466602915597093e-10,
scripts\PredicciónImágenes\Nodules\00005365_025.png,chest_xray,1.0,True,1.0,4.451000901184443e-09,
scripts\PredicciónImágenes\Nodules\00017237_000.png,chest_xray,1.0,True,1.0,3.749714514583724e-12,
scripts\PredicciónImágenes\Nodules\00027871_000.png,chest_xray,1.0,True,1.0,1.504902730209423e-10,
scripts\PredicciónImágenes\Nodules\00011720_001.png,chest_xray,1.0,True,1.0,7.493126778779224e-12,
scripts\PredicciónImágenes\Nodules\00004519_013.png,chest_xray,1.0,True,1.0,4.824312060947022e-10,
scripts\PredicciónImágenes\Nodules\00026684_001.png,chest_xray,1.0,True,1.0,9.23869921537479e-13,
scripts\PredicciónImágenes\Nodules\00025181_008.png,chest_xray,1.0,True,1.0,9.746758955486712e-09,
scripts\PredicciónImágenes\Nodules\00013062_000.png,chest_xray,1.0,True,1.0,5.006511871741282e-10,
scripts\PredicciónImágenes\Nodules\00008342_029.png,chest_xray,1.0,True,1.0,6.472111041544437e-11,
scripts\PredicciónImágenes\Nodules\00013725_000.png,chest_xray,1.0,True,1.0,1.018280348930034e-09,
scripts\PredicciónImágenes\Nodules\00015081_014.png,chest_xray,1.0,True,1.0,3.9540440366359064e-11,
scripts\PredicciónImágenes\Nodules\00010869_000.png,chest_xray,1.0,True,1.0,6.558376758336593e-11,
scripts\PredicciónImágenes\Nodules\00014073_008.png,chest_xray,1.0,True,1.0,1.3440037971435004e-10,
scripts\PredicciónImágenes\Nodules\00015852_007.png,chest_xray,1.0,True,1.0,4.796950614505135e-10,
scripts\PredicciónImágenes\Nodules\00012704_008.png,chest_xray,1.0,True,1.0,1.2934764370697849e-08,
scripts\PredicciónImágenes\Nodules\00021067_000.png,chest_xray,1.0,True,1.0,3.023201133878217e-10,
scripts\PredicciónImágenes\Nodules\00025128_000.png,chest_xray,1.0,True,1.0,2.584840397279464e-10,
scripts\PredicciónImágenes\Nodules\00006903_001.png,chest_xray,1.0,True,1.0,1.5168721313740807e-12,
scripts\PredicciónImágenes\Nodules\00022572_062.png,chest_xray,1.0,True,1.0,1.8379255062317412e-10,
scripts\PredicciónImágenes\Nodules\00015754_008.png,chest_xray,1.0,True,1.0,8.808347384814397e-10,
scripts\PredicciónImágenes\Nodules\00017795_000.png,chest_xray,1.0,True,1.0,4.968498390489628e-10,
scripts\PredicciónImágenes\Nodules\00006727_000.png,chest_xray,1.0,True,1.0,2.0292399705024167e-10,
scripts\PredicciónImágenes\Nodules\00016550_008.png,chest_xray,1.0,True,1.0,2.83599788097888e-09,
scripts\PredicciónImágenes\Nodules\00022559_004.png,chest_xray,1.0,True,1.0,2.51778615317777e-11,
scripts\PredicciónImágenes\Nodules\00001154_003.png,chest_xray,1.0,True,1.0,1.9471693701866855e-10,
scripts\PredicciónImágenes\Nodules\00028207_001.png,chest_xray,1.0,True,1.0,1.1580115338860608e-10,
scripts\PredicciónImágenes\Nodules\00014755_000.png,chest_xray,1.0,True,1.0,9.99785115807228e-11,
scripts\PredicciónImágenes\Nodules\00028535_005.png,chest_xray,1.0,True,1.0,1.885908373910894e-10,
scripts\PredicciónImágenes\Nodules\00018451_000.png,chest_xray,1.0,True,1.0,1.189509823973367e-09,
scripts\PredicciónImágenes\Nodules\00015809_022.png,chest_xray,1.0,True,1.0,1.705900420923001e-09,
scripts\PredicciónImágenes\Nodules\00006273_003.png,chest_xray,1.0,True,1.0,1.5348016191296665e-09,
scripts\PredicciónImágenes\Nodules\00014889_000.png,chest_xray,1.0,True,1.0,8.643478988101805e-11,
scripts\PredicciónImágenes\Nodules\00018003_002.png,chest_xray,1.0,True,1.0,3.7401182151342027e-10,
scripts\PredicciónImágenes\Nodules\00018680_008.png,chest_xray,1.0,True,1.0,6.347195685707518e-11,
scripts\PredicciónImágenes\Nodules\00012040_000.png,chest_xray,1.0,True,1.0,2.9091884456988737e-09,
scripts\PredicciónImágenes\Nodules\00016404_007.png,chest_xray,1.0,True,1.0,1.1055636441048566e-11,
scripts\PredicciónImágenes\Nodules\00018557_010.png,chest_xray,0.9999990463256836,True,0.9999990463256836,9.866844266070984e-07,
scripts\PredicciónImágenes\Nodules\00008008_021.png,chest_xray,1.0,True,1.0,8.65245652903468e-10,
scripts\PredicciónImágenes\Nodules\00008249_000.png,chest_xray,1.0,True,1.0,6.561401595661653e-12,
scripts\PredicciónImágenes\Nodules\00017524_038.png,chest_xray,1.0,True,1.0,2.9483468999558227e-09,
scripts\PredicciónImágenes\Nodules\00025342_007.png,chest_xray,1.0,True,1.0,2.4982726998246108e-08,
scripts\PredicciónImágenes\Nodules\00008435_008.png,chest_xray,1.0,True,1.0,2.463965698140669e-10,
scripts\PredicciónImágenes\Nodules\00008022_000.png,chest_xray,1.0,True,1.0,2.5099563052966012e-11,
scripts\PredicciónImágenes\Nodules\00027957_000.png,chest_xray,1.0,True,1.0,1.504368157823066e-11,
scripts\PredicciónImágenes\Nodules\00008675_005.png,chest_xray,1.0,True,1.0,8.117138072805119e-10,
scripts\PredicciónImágenes\Nodules\00022651_024.png,chest_xray,1.0,True,1.0,2.2107213837330164e-09,
scripts\PredicciónImágenes\Nodules\00005406_000.png,chest_xray,1.0,True,1.0,2.1549090289951778e-10,
scripts\PredicciónImágenes\Nodules\00001986_009.png,chest_xray,1.0,True,1.0,2.921662556332194e-08,
scripts\PredicciónImágenes\Nodules\00026285_000.png,chest_xray,1.0,True,1.0,5.204354308618875e-12,
scripts\PredicciónImágenes\Nodules\00017089_006.png,chest_xray,1.0,True,1.0,1.6983642270318455e-10,
scripts\PredicciónImágenes\Nodules\00029688_000.png,chest_xray,1.0,True,1.0,2.1285100418322322e-12,
scripts\PredicciónImágenes\Nodules\00023310_004.png,chest_xray,0.9999997615814209,True,0.9999997615814209,2.563804173405515e-07,
scripts\PredicciónImágenes\Nodules\00005722_036.png,chest_xray,0.9999996423721313,True,0.9999996423721313,3.472043204055808e-07,
