image_path,predicted_class,confidence,is_chest_xray,prob_chest_xray,prob_other_images,error
scripts\PredicciónImágenes\Normal\Normal-1650.png,chest_xray,1.0,True,1.0,4.801069541926495e-10,
scripts\PredicciónImágenes\Normal\Normal-2050.png,chest_xray,1.0,True,1.0,1.8537693602382888e-09,
scripts\PredicciónImágenes\Normal\Normal-859.png,chest_xray,1.0,True,1.0,7.243448618687864e-10,
scripts\PredicciónImágenes\Normal\Normal-1728.png,chest_xray,1.0,True,1.0,2.976075219596197e-10,
scripts\PredicciónImágenes\Normal\Normal-1562.png,chest_xray,1.0,True,1.0,1.2325633135662484e-13,
scripts\PredicciónImágenes\Normal\Normal-1812.png,chest_xray,1.0,True,1.0,1.1102638947102506e-10,
scripts\PredicciónImágenes\Normal\Normal-2713.png,chest_xray,1.0,True,1.0,2.8283080738544797e-11,
scripts\PredicciónImágenes\Normal\Normal-1558.png,chest_xray,1.0,True,1.0,7.900478188327398e-11,
scripts\PredicciónImágenes\Normal\Normal-2467.png,chest_xray,1.0,True,1.0,1.3219510208717367e-10,
scripts\PredicciónImágenes\Normal\Normal-2626.png,chest_xray,1.0,True,1.0,2.4575685930727786e-10,
scripts\PredicciónImágenes\Normal\Normal-2818.png,chest_xray,1.0,True,1.0,1.3213504075626492e-11,
scripts\PredicciónImágenes\Normal\Normal-1765.png,chest_xray,1.0,True,1.0,1.9969431924032888e-12,
scripts\PredicciónImágenes\Normal\Normal-2209.png,chest_xray,1.0,True,1.0,1.5325601898652508e-10,
scripts\PredicciónImágenes\Normal\Normal-222.png,chest_xray,1.0,True,1.0,5.8978013445232236e-12,
scripts\PredicciónImágenes\Normal\Normal-791.png,chest_xray,1.0,True,1.0,2.0876275968334523e-12,
scripts\PredicciónImágenes\Normal\Normal-985.png,chest_xray,1.0,True,1.0,4.0093688785658443e-11,
scripts\PredicciónImágenes\Normal\Normal-1283.png,chest_xray,1.0,True,1.0,3.7730881786990356e-12,
scripts\PredicciónImágenes\Normal\Normal-7.png,chest_xray,1.0,True,1.0,9.435172643179612e-10,
scripts\PredicciónImágenes\Normal\Normal-1866.png,chest_xray,1.0,True,1.0,5.46190662142898e-11,
scripts\PredicciónImágenes\Normal\Normal-2617.png,chest_xray,1.0,True,1.0,4.603034967076702e-12,
scripts\PredicciónImágenes\Normal\Normal-1969.png,chest_xray,1.0,True,1.0,4.006473763862317e-10,
scripts\PredicciónImágenes\Normal\Normal-313.png,chest_xray,1.0,True,1.0,1.1659029644506269e-11,
scripts\PredicciónImágenes\Normal\Normal-530.png,chest_xray,1.0,True,1.0,1.2059320209090174e-10,
scripts\PredicciónImágenes\Normal\Normal-341.png,chest_xray,1.0,True,1.0,2.4915021434868123e-11,
scripts\PredicciónImágenes\Normal\Normal-2466.png,chest_xray,1.0,True,1.0,9.266840073074434e-11,
scripts\PredicciónImágenes\Normal\Normal-714.png,chest_xray,1.0,True,1.0,6.661021040299531e-11,
scripts\PredicciónImágenes\Normal\Normal-782.png,chest_xray,1.0,True,1.0,1.5206908648979223e-11,
scripts\PredicciónImágenes\Normal\Normal-1885.png,chest_xray,1.0,True,1.0,1.2234638857577806e-09,
scripts\PredicciónImágenes\Normal\Normal-2608.png,chest_xray,1.0,True,1.0,4.83003637086199e-11,
scripts\PredicciónImágenes\Normal\Normal-489.png,chest_xray,1.0,True,1.0,2.347578034744835e-11,
scripts\PredicciónImágenes\Normal\Normal-826.png,chest_xray,1.0,True,1.0,2.54545673428197e-09,
scripts\PredicciónImágenes\Normal\Normal-478.png,chest_xray,1.0,True,1.0,5.600101493641318e-10,
scripts\PredicciónImágenes\Normal\Normal-1563.png,chest_xray,1.0,True,1.0,1.6304383398946243e-09,
scripts\PredicciónImágenes\Normal\Normal-1495.png,chest_xray,1.0,True,1.0,3.0849351935827163e-13,
scripts\PredicciónImágenes\Normal\Normal-1729.png,chest_xray,1.0,True,1.0,7.0608714188014066e-12,
scripts\PredicciónImágenes\Normal\Normal-2010.png,chest_xray,1.0,True,1.0,1.0827866381291074e-12,
scripts\PredicciónImágenes\Normal\Normal-2607.png,chest_xray,1.0,True,1.0,7.045064618488306e-12,
scripts\PredicciónImágenes\Normal\Normal-2666.png,chest_xray,1.0,True,1.0,5.9109774366850054e-12,
scripts\PredicciónImágenes\Normal\Normal-2798.png,chest_xray,1.0,True,1.0,1.3564781242703106e-11,
scripts\PredicciónImágenes\Normal\Normal-1972.png,chest_xray,1.0,True,1.0,1.087586132264562e-09,
scripts\PredicciónImágenes\Normal\Normal-871.png,chest_xray,1.0,True,1.0,3.956339145183563e-10,
scripts\PredicciónImágenes\Normal\Normal-2395.png,chest_xray,1.0,True,1.0,4.942557214199228e-12,
scripts\PredicciónImágenes\Normal\Normal-1783.png,chest_xray,1.0,True,1.0,9.023317509848638e-11,
scripts\PredicciónImágenes\Normal\Normal-2370.png,chest_xray,1.0,True,1.0,1.0934047937893876e-11,
scripts\PredicciónImágenes\Normal\Normal-1825.png,chest_xray,1.0,True,1.0,2.774089118140477e-12,
scripts\PredicciónImágenes\Normal\Normal-1004.png,chest_xray,1.0,True,1.0,3.7045980172401016e-10,
scripts\PredicciónImágenes\Normal\Normal-1589.png,chest_xray,1.0,True,1.0,4.174311590832147e-11,
scripts\PredicciónImágenes\Normal\Normal-2134.png,chest_xray,1.0,True,1.0,2.8459817835724266e-11,
scripts\PredicciónImágenes\Normal\Normal-320.png,chest_xray,1.0,True,1.0,1.8514953459281003e-11,
scripts\PredicciónImágenes\Normal\Normal-2017.png,chest_xray,1.0,True,1.0,1.996268261805767e-09,
scripts\PredicciónImágenes\Normal\Normal-2195.png,chest_xray,1.0,True,1.0,1.7375922922724385e-10,
scripts\PredicciónImágenes\Normal\Normal-2435.png,chest_xray,1.0,True,1.0,9.33009403070173e-09,
scripts\PredicciónImágenes\Normal\Normal-698.png,chest_xray,1.0,True,1.0,7.44964201437881e-10,
scripts\PredicciónImágenes\Normal\Normal-2015.png,chest_xray,1.0,True,1.0,5.012559811667927e-10,
scripts\PredicciónImágenes\Normal\Normal-1863.png,chest_xray,1.0,True,1.0,1.5543727329564438e-12,
scripts\PredicciónImágenes\Normal\Normal-28.png,chest_xray,1.0,True,1.0,3.431374108464613e-13,
scripts\PredicciónImágenes\Normal\Normal-881.png,chest_xray,1.0,True,1.0,2.0215176754767583e-10,
scripts\PredicciónImágenes\Normal\Normal-2008.png,chest_xray,1.0,True,1.0,2.674248822387426e-09,
scripts\PredicciónImágenes\Normal\Normal-2899.png,chest_xray,1.0,True,1.0,3.62199020775833e-11,
scripts\PredicciónImágenes\Normal\Normal-479.png,chest_xray,1.0,True,1.0,1.0267434472077674e-11,
scripts\PredicciónImágenes\Normal\Normal-981.png,chest_xray,1.0,True,1.0,6.729497514790239e-10,
scripts\PredicciónImágenes\Normal\Normal-1414.png,chest_xray,0.9999985694885254,True,0.9999985694885254,1.3866969084119773e-06,
scripts\PredicciónImágenes\Normal\Normal-2752.png,chest_xray,1.0,True,1.0,3.136287757277145e-11,
scripts\PredicciónImágenes\Normal\Normal-1909.png,chest_xray,1.0,True,1.0,4.331242209332231e-08,
scripts\PredicciónImágenes\Normal\Normal-1790.png,chest_xray,1.0,True,1.0,2.9379154664610496e-10,
scripts\PredicciónImágenes\Normal\Normal-2246.png,chest_xray,1.0,True,1.0,8.825407418755482e-12,
scripts\PredicciónImágenes\Normal\Normal-650.png,chest_xray,1.0,True,1.0,3.313034915852775e-11,
scripts\PredicciónImágenes\Normal\Normal-1090.png,chest_xray,1.0,True,1.0,2.253334185908784e-10,
scripts\PredicciónImágenes\Normal\Normal-2040.png,chest_xray,1.0,True,1.0,3.345027366208342e-09,
scripts\PredicciónImágenes\Normal\Normal-661.png,chest_xray,1.0,True,1.0,5.566386240829502e-10,
scripts\PredicciónImágenes\Normal\Normal-1316.png,chest_xray,1.0,True,1.0,9.506195136621542e-11,
scripts\PredicciónImágenes\Normal\Normal-18.png,chest_xray,1.0,True,1.0,2.3420411443542122e-11,
scripts\PredicciónImágenes\Normal\Normal-1204.png,chest_xray,1.0,True,1.0,1.617138506437854e-10,
scripts\PredicciónImágenes\Normal\Normal-2170.png,chest_xray,1.0,True,1.0,6.541358166939348e-12,
scripts\PredicciónImágenes\Normal\Normal-2132.png,chest_xray,1.0,True,1.0,4.358999272646713e-11,
scripts\PredicciónImágenes\Normal\Normal-2627.png,chest_xray,1.0,True,1.0,9.570589654117612e-09,
scripts\PredicciónImágenes\Normal\Normal-1049.png,chest_xray,1.0,True,1.0,3.3952535227754765e-10,
scripts\PredicciónImágenes\Normal\Normal-1271.png,chest_xray,1.0,True,1.0,2.6901130212309e-09,
scripts\PredicciónImágenes\Normal\Normal-2337.png,chest_xray,1.0,True,1.0,9.562820153796725e-12,
scripts\PredicciónImágenes\Normal\Normal-2085.png,chest_xray,1.0,True,1.0,6.105365518704886e-11,
scripts\PredicciónImágenes\Normal\Normal-2632.png,chest_xray,1.0,True,1.0,7.076703806285778e-11,
scripts\PredicciónImágenes\Normal\Normal-779.png,chest_xray,1.0,True,1.0,1.676556449226041e-09,
scripts\PredicciónImágenes\Normal\Normal-1492.png,chest_xray,1.0,True,1.0,1.5388468277421907e-09,
scripts\PredicciónImágenes\Normal\Normal-1644.png,chest_xray,1.0,True,1.0,5.2729910715587636e-11,
scripts\PredicciónImágenes\Normal\Normal-2801.png,chest_xray,1.0,True,1.0,1.0013500445493762e-10,
scripts\PredicciónImágenes\Normal\Normal-1325.png,chest_xray,1.0,True,1.0,1.273526728517993e-09,
scripts\PredicciónImágenes\Normal\Normal-1985.png,chest_xray,1.0,True,1.0,1.914875549791084e-11,
scripts\PredicciónImágenes\Normal\Normal-1769.png,chest_xray,1.0,True,1.0,5.078373832567706e-10,
scripts\PredicciónImágenes\Normal\Normal-648.png,chest_xray,1.0,True,1.0,2.532081211370496e-10,
scripts\PredicciónImágenes\Normal\Normal-1958.png,chest_xray,1.0,True,1.0,1.310583863656234e-09,
scripts\PredicciónImágenes\Normal\Normal-2768.png,chest_xray,1.0,True,1.0,1.2925502335114913e-10,
scripts\PredicciónImágenes\Normal\Normal-2084.png,chest_xray,1.0,True,1.0,8.182388794297779e-11,
scripts\PredicciónImágenes\Normal\Normal-2424.png,chest_xray,1.0,True,1.0,7.39655181547505e-09,
scripts\PredicciónImágenes\Normal\Normal-2033.png,chest_xray,1.0,True,1.0,6.230065796586359e-09,
scripts\PredicciónImágenes\Normal\Normal-2311.png,chest_xray,1.0,True,1.0,1.438034934186927e-11,
scripts\PredicciónImágenes\Normal\Normal-2821.png,chest_xray,1.0,True,1.0,6.595030771494592e-11,
scripts\PredicciónImágenes\Normal\Normal-834.png,chest_xray,1.0,True,1.0,6.776646084560856e-12,
scripts\PredicciónImágenes\Normal\Normal-2689.png,chest_xray,1.0,True,1.0,2.515163188832048e-09,
scripts\PredicciónImágenes\Normal\Normal-2145.png,chest_xray,1.0,True,1.0,4.967964928326296e-11,
scripts\PredicciónImágenes\Normal\Normal-2413.png,chest_xray,1.0,True,1.0,2.5821844662488047e-10,
scripts\PredicciónImágenes\Normal\Normal-1741.png,chest_xray,1.0,True,1.0,2.4515466046093337e-11,
scripts\PredicciónImágenes\Normal\Normal-2681.png,chest_xray,1.0,True,1.0,4.08363828863223e-11,
scripts\PredicciónImágenes\Normal\Normal-122.png,chest_xray,1.0,True,1.0,5.311543427310994e-10,
scripts\PredicciónImágenes\Normal\Normal-408.png,chest_xray,1.0,True,1.0,1.1298697437725491e-12,
scripts\PredicciónImágenes\Normal\Normal-2192.png,chest_xray,1.0,True,1.0,1.2597032306160827e-09,
scripts\PredicciónImágenes\Normal\Normal-2601.png,chest_xray,1.0,True,1.0,5.497250224473227e-12,
scripts\PredicciónImágenes\Normal\Normal-2966.png,chest_xray,1.0,True,1.0,2.2989170289644534e-10,
scripts\PredicciónImágenes\Normal\Normal-1862.png,chest_xray,1.0,True,1.0,1.4556217342587274e-11,
scripts\PredicciónImágenes\Normal\Normal-2492.png,chest_xray,1.0,True,1.0,1.2743479604893082e-09,
scripts\PredicciónImágenes\Normal\Normal-737.png,chest_xray,1.0,True,1.0,1.1865548543710247e-09,
scripts\PredicciónImágenes\Normal\Normal-2960.png,chest_xray,1.0,True,1.0,1.7810328767353667e-09,
scripts\PredicciónImágenes\Normal\Normal-2563.png,chest_xray,1.0,True,1.0,9.942190820622088e-11,
scripts\PredicciónImágenes\Normal\Normal-2120.png,chest_xray,1.0,True,1.0,1.4037834783486858e-10,
scripts\PredicciónImágenes\Normal\Normal-2517.png,chest_xray,1.0,True,1.0,1.1591694965007449e-10,
scripts\PredicciónImágenes\Normal\Normal-2515.png,chest_xray,1.0,True,1.0,3.669619941248925e-09,
scripts\PredicciónImágenes\Normal\Normal-2785.png,chest_xray,1.0,True,1.0,5.264346250588581e-12,
scripts\PredicciónImágenes\Normal\Normal-998.png,chest_xray,1.0,True,1.0,3.7896372151458024e-10,
scripts\PredicciónImágenes\Normal\Normal-1449.png,chest_xray,1.0,True,1.0,3.167882622889806e-10,
scripts\PredicciónImágenes\Normal\Normal-1938.png,chest_xray,1.0,True,1.0,2.4026269862531535e-10,
scripts\PredicciónImágenes\Normal\Normal-2359.png,chest_xray,1.0,True,1.0,5.4829283474555623e-11,
scripts\PredicciónImágenes\Normal\Normal-1579.png,chest_xray,1.0,True,1.0,1.362186030640089e-09,
scripts\PredicciónImágenes\Normal\Normal-1664.png,chest_xray,1.0,True,1.0,1.0046108833705603e-08,
scripts\PredicciónImágenes\Normal\Normal-2383.png,chest_xray,1.0,True,1.0,6.225557569461415e-11,
scripts\PredicciónImágenes\Normal\Normal-584.png,chest_xray,1.0,True,1.0,1.7013285225075947e-09,
scripts\PredicciónImágenes\Normal\Normal-2604.png,chest_xray,1.0,True,1.0,6.036008498577772e-11,
scripts\PredicciónImágenes\Normal\Normal-1292.png,chest_xray,1.0,True,1.0,9.892267560651646e-12,
scripts\PredicciónImágenes\Normal\Normal-2307.png,chest_xray,1.0,True,1.0,6.5910788112077956e-12,
scripts\PredicciónImágenes\Normal\Normal-2086.png,chest_xray,0.9999998807907104,True,0.9999998807907104,1.608435269417896e-07,
scripts\PredicciónImágenes\Normal\Normal-766.png,chest_xray,1.0,True,1.0,5.40733907303248e-12,
scripts\PredicciónImágenes\Normal\Normal-848.png,chest_xray,1.0,True,1.0,1.3923803082738218e-11,
scripts\PredicciónImágenes\Normal\Normal-215.png,chest_xray,1.0,True,1.0,1.3984040314607427e-10,
scripts\PredicciónImágenes\Normal\Normal-1714.png,chest_xray,1.0,True,1.0,2.7383572839823067e-12,
scripts\PredicciónImágenes\Normal\Normal-1762.png,chest_xray,1.0,True,1.0,3.1565874358818746e-09,
scripts\PredicciónImágenes\Normal\Normal-2861.png,chest_xray,1.0,True,1.0,1.630866394621705e-14,
scripts\PredicciónImágenes\Normal\Normal-8.png,chest_xray,1.0,True,1.0,1.5177824275180996e-10,
scripts\PredicciónImágenes\Normal\Normal-965.png,chest_xray,0.9994238615036011,True,0.9994238615036011,0.0005761313368566334,
scripts\PredicciónImágenes\Normal\Normal-2839.png,chest_xray,1.0,True,1.0,2.2373405211828512e-12,
scripts\PredicciónImágenes\Normal\Normal-290.png,chest_xray,1.0,True,1.0,1.2111351921362257e-09,
scripts\PredicciónImágenes\Normal\Normal-2313.png,chest_xray,1.0,True,1.0,6.089258264285746e-11,
scripts\PredicciónImágenes\Normal\Normal-2704.png,chest_xray,1.0,True,1.0,3.91312433845048e-11,
scripts\PredicciónImágenes\Normal\Normal-1432.png,chest_xray,0.9999998807907104,True,0.9999998807907104,1.7480677172443393e-07,
scripts\PredicciónImágenes\Normal\Normal-1289.png,chest_xray,1.0,True,1.0,1.883270872582443e-09,
scripts\PredicciónImágenes\Normal\Normal-2092.png,chest_xray,1.0,True,1.0,7.437278874353193e-13,
scripts\PredicciónImágenes\Normal\Normal-971.png,chest_xray,1.0,True,1.0,3.7196365432201617e-10,
scripts\PredicciónImágenes\Normal\Normal-1976.png,chest_xray,1.0,True,1.0,6.288479936431002e-13,
scripts\PredicciónImágenes\Normal\Normal-591.png,chest_xray,1.0,True,1.0,2.2846526753772523e-11,
scripts\PredicciónImágenes\Normal\Normal-1330.png,chest_xray,1.0,True,1.0,7.627207199156771e-10,
scripts\PredicciónImágenes\Normal\Normal-1879.png,chest_xray,1.0,True,1.0,7.180786520954996e-11,
scripts\PredicciónImágenes\Normal\Normal-67.png,chest_xray,1.0,True,1.0,7.406680824217915e-11,
scripts\PredicciónImágenes\Normal\Normal-1672.png,chest_xray,1.0,True,1.0,4.941657083534778e-10,
scripts\PredicciónImágenes\Normal\Normal-2860.png,chest_xray,1.0,True,1.0,6.255087420248273e-11,
scripts\PredicciónImágenes\Normal\Normal-733.png,chest_xray,1.0,True,1.0,1.8243184740640572e-10,
scripts\PredicciónImágenes\Normal\Normal-562.png,chest_xray,1.0,True,1.0,1.1598130789103323e-10,
scripts\PredicciónImágenes\Normal\Normal-94.png,chest_xray,1.0,True,1.0,3.4081715227785025e-10,
scripts\PredicciónImágenes\Normal\Normal-2223.png,chest_xray,1.0,True,1.0,2.0417461055188824e-09,
scripts\PredicciónImágenes\Normal\Normal-2252.png,chest_xray,1.0,True,1.0,7.315198446988802e-11,
scripts\PredicciónImágenes\Normal\Normal-1431.png,chest_xray,1.0,True,1.0,3.0773792802224476e-12,
scripts\PredicciónImágenes\Normal\Normal-72.png,chest_xray,1.0,True,1.0,6.017337669805833e-12,
scripts\PredicciónImágenes\Normal\Normal-63.png,chest_xray,1.0,True,1.0,2.0331734074119368e-09,
scripts\PredicciónImágenes\Normal\Normal-1553.png,chest_xray,1.0,True,1.0,2.6413450419926487e-12,
scripts\PredicciónImágenes\Normal\Normal-1993.png,chest_xray,1.0,True,1.0,1.2008365135596222e-10,
scripts\PredicciónImágenes\Normal\Normal-1390.png,chest_xray,1.0,True,1.0,2.323440995155579e-09,
scripts\PredicciónImágenes\Normal\Normal-2750.png,chest_xray,1.0,True,1.0,9.64025387295564e-11,
scripts\PredicciónImágenes\Normal\Normal-1312.png,chest_xray,0.9999997615814209,True,0.9999997615814209,1.8138528901090467e-07,
scripts\PredicciónImágenes\Normal\Normal-1840.png,chest_xray,1.0,True,1.0,4.3472213676065685e-13,
scripts\PredicciónImágenes\Normal\Normal-1533.png,chest_xray,1.0,True,1.0,9.891551119856068e-12,
scripts\PredicciónImágenes\Normal\Normal-697.png,chest_xray,1.0,True,1.0,3.6679894677149605e-09,
scripts\PredicciónImágenes\Normal\Normal-1409.png,chest_xray,1.0,True,1.0,4.480628135183906e-08,
scripts\PredicciónImágenes\Normal\Normal-1255.png,chest_xray,1.0,True,1.0,1.240836318243399e-12,
scripts\PredicciónImágenes\Normal\Normal-2982.png,chest_xray,1.0,True,1.0,4.998134683908972e-10,
scripts\PredicciónImágenes\Normal\Normal-1038.png,chest_xray,1.0,True,1.0,3.6725730789832767e-10,
scripts\PredicciónImágenes\Normal\Normal-1671.png,chest_xray,1.0,True,1.0,2.1306446884583607e-10,
scripts\PredicciónImágenes\Normal\Normal-2968.png,chest_xray,1.0,True,1.0,9.571693437848694e-11,
scripts\PredicciónImágenes\Normal\Normal-1294.png,chest_xray,1.0,True,1.0,1.1906571215081208e-11,
scripts\PredicciónImágenes\Normal\Normal-937.png,chest_xray,1.0,True,1.0,3.340731337397873e-12,
scripts\PredicciónImágenes\Normal\Normal-928.png,chest_xray,1.0,True,1.0,2.228373735535527e-10,
scripts\PredicciónImágenes\Normal\Normal-2373.png,chest_xray,1.0,True,1.0,6.668750274219093e-11,
scripts\PredicciónImágenes\Normal\Normal-348.png,chest_xray,0.9999984502792358,True,0.9999984502792358,1.5297149502657703e-06,
scripts\PredicciónImágenes\Normal\Normal-1507.png,chest_xray,1.0,True,1.0,8.934775835856001e-11,
scripts\PredicciónImágenes\Normal\Normal-636.png,chest_xray,1.0,True,1.0,4.576439487785633e-12,
scripts\PredicciónImágenes\Normal\Normal-2285.png,chest_xray,1.0,True,1.0,1.0520713467077059e-10,
scripts\PredicciónImágenes\Normal\Normal-1601.png,chest_xray,1.0,True,1.0,1.3629461274866639e-11,
scripts\PredicciónImágenes\Normal\Normal-1079.png,chest_xray,1.0,True,1.0,2.1940175370938064e-11,
scripts\PredicciónImágenes\Normal\Normal-134.png,chest_xray,1.0,True,1.0,8.044255928041366e-09,
scripts\PredicciónImágenes\Normal\Normal-1608.png,chest_xray,1.0,True,1.0,2.0287695134957318e-12,
scripts\PredicciónImágenes\Normal\Normal-1936.png,chest_xray,1.0,True,1.0,2.5190041164080412e-09,
scripts\PredicciónImágenes\Normal\Normal-2727.png,chest_xray,1.0,True,1.0,2.0509337500876357e-13,
scripts\PredicciónImágenes\Normal\Normal-1666.png,chest_xray,1.0,True,1.0,1.0086269597309183e-09,
scripts\PredicciónImágenes\Normal\Normal-370.png,chest_xray,1.0,True,1.0,9.824472346764423e-10,
scripts\PredicciónImágenes\Normal\Normal-540.png,chest_xray,1.0,True,1.0,2.0023028374227536e-11,
scripts\PredicciónImágenes\Normal\Normal-793.png,chest_xray,1.0,True,1.0,5.704348104984547e-10,
scripts\PredicciónImágenes\Normal\Normal-2161.png,chest_xray,1.0,True,1.0,7.842247901415633e-13,
scripts\PredicciónImágenes\Normal\Normal-1625.png,chest_xray,1.0,True,1.0,4.50058018630628e-10,
scripts\PredicciónImágenes\Normal\Normal-2908.png,chest_xray,1.0,True,1.0,1.3607259763404045e-10,
scripts\PredicciónImágenes\Normal\Normal-2224.png,chest_xray,1.0,True,1.0,7.482305053319038e-11,
scripts\PredicciónImágenes\Normal\Normal-2415.png,chest_xray,1.0,True,1.0,2.743072791133727e-08,
scripts\PredicciónImágenes\Normal\Normal-1209.png,chest_xray,1.0,True,1.0,4.6733311664937105e-11,
scripts\PredicciónImágenes\Normal\Normal-1880.png,chest_xray,0.999998927116394,True,0.999998927116394,1.038906361827685e-06,
scripts\PredicciónImágenes\Normal\Normal-2948.png,chest_xray,1.0,True,1.0,2.5573112516497076e-09,
scripts\PredicciónImágenes\Normal\Normal-155.png,chest_xray,1.0,True,1.0,2.693227862948788e-10,
scripts\PredicciónImágenes\Normal\Normal-2461.png,chest_xray,1.0,True,1.0,3.3035920665724916e-09,
scripts\PredicciónImágenes\Normal\Normal-2661.png,chest_xray,1.0,True,1.0,1.5754228477327104e-10,
scripts\PredicciónImágenes\Normal\Normal-248.png,chest_xray,0.9999995231628418,True,0.9999995231628418,5.180606308385904e-07,
scripts\PredicciónImágenes\Normal\Normal-2883.png,chest_xray,1.0,True,1.0,5.966340702739936e-13,
scripts\PredicciónImágenes\Normal\Normal-323.png,chest_xray,1.0,True,1.0,6.114055876166313e-12,
scripts\PredicciónImágenes\Normal\Normal-2009.png,chest_xray,1.0,True,1.0,3.5145680810089175e-10,
scripts\PredicciónImágenes\Normal\Normal-453.png,chest_xray,1.0,True,1.0,5.356429744196589e-10,
scripts\PredicciónImágenes\Normal\Normal-1266.png,chest_xray,1.0,True,1.0,1.3016136562668534e-12,
scripts\PredicciónImágenes\Normal\Normal-2340.png,chest_xray,1.0,True,1.0,3.545353897613235e-12,
scripts\PredicciónImágenes\Normal\Normal-752.png,chest_xray,1.0,True,1.0,1.2995064746501583e-10,
scripts\PredicciónImágenes\Normal\Normal-1808.png,chest_xray,1.0,True,1.0,5.676046299640802e-09,
scripts\PredicciónImágenes\Normal\Normal-2512.png,chest_xray,1.0,True,1.0,4.5957057603907003e-10,
scripts\PredicciónImágenes\Normal\Normal-1607.png,chest_xray,1.0,True,1.0,1.1937354316843285e-12,
scripts\PredicciónImágenes\Normal\Normal-587.png,chest_xray,1.0,True,1.0,2.0766034225516705e-08,
scripts\PredicciónImágenes\Normal\Normal-388.png,chest_xray,1.0,True,1.0,9.914670646982149e-12,
scripts\PredicciónImágenes\Normal\Normal-1875.png,chest_xray,1.0,True,1.0,1.0634910729834246e-09,
scripts\PredicciónImágenes\Normal\Normal-2165.png,chest_xray,1.0,True,1.0,2.6360043037243486e-09,
scripts\PredicciónImágenes\Normal\Normal-1355.png,chest_xray,1.0,True,1.0,4.852845209013523e-11,
scripts\PredicciónImágenes\Normal\Normal-2838.png,chest_xray,1.0,True,1.0,1.0928495521728143e-12,
scripts\PredicciónImágenes\Normal\Normal-1922.png,chest_xray,1.0,True,1.0,1.1974857216934254e-10,
scripts\PredicciónImágenes\Normal\Normal-1940.png,chest_xray,0.9999998807907104,True,0.9999998807907104,1.1550308443020185e-07,
scripts\PredicciónImágenes\Normal\Normal-2231.png,chest_xray,1.0,True,1.0,6.646216780051284e-13,
scripts\PredicciónImágenes\Normal\Normal-1757.png,chest_xray,1.0,True,1.0,9.746251583564458e-10,
scripts\PredicciónImágenes\Normal\Normal-2561.png,chest_xray,1.0,True,1.0,9.710949058772123e-12,
scripts\PredicciónImágenes\Normal\Normal-419.png,chest_xray,1.0,True,1.0,1.5148604592951642e-11,
scripts\PredicciónImágenes\Normal\Normal-941.png,chest_xray,1.0,True,1.0,8.069152984679917e-12,
scripts\PredicciónImágenes\Normal\Normal-1051.png,chest_xray,1.0,True,1.0,1.073053755226705e-12,
scripts\PredicciónImágenes\Normal\Normal-145.png,chest_xray,1.0,True,1.0,1.8804046861276014e-11,
scripts\PredicciónImágenes\Normal\Normal-460.png,chest_xray,1.0,True,1.0,1.2910368087093449e-11,
scripts\PredicciónImágenes\Normal\Normal-2420.png,chest_xray,1.0,True,1.0,1.4746902587958743e-09,
scripts\PredicciónImágenes\Normal\Normal-946.png,chest_xray,1.0,True,1.0,7.608198793196408e-11,
scripts\PredicciónImágenes\Normal\Normal-62.png,chest_xray,1.0,True,1.0,1.2795016157696182e-09,
scripts\PredicciónImágenes\Normal\Normal-2939.png,chest_xray,1.0,True,1.0,1.1253543236167118e-10,
scripts\PredicciónImágenes\Normal\Normal-1236.png,chest_xray,1.0,True,1.0,5.956167850595939e-12,
scripts\PredicciónImágenes\Normal\Normal-2014.png,chest_xray,0.9999995231628418,True,0.9999995231628418,4.794723622580932e-07,
scripts\PredicciónImágenes\Normal\Normal-2194.png,chest_xray,1.0,True,1.0,8.84841178105944e-09,
scripts\PredicciónImágenes\Normal\Normal-125.png,chest_xray,1.0,True,1.0,1.1198652682259391e-12,
scripts\PredicciónImágenes\Normal\Normal-794.png,chest_xray,1.0,True,1.0,5.695792171245273e-10,
scripts\PredicciónImágenes\Normal\Normal-1022.png,chest_xray,1.0,True,1.0,5.934613217517537e-11,
scripts\PredicciónImágenes\Normal\Normal-1406.png,chest_xray,1.0,True,1.0,4.801504679963209e-12,
scripts\PredicciónImágenes\Normal\Normal-61.png,chest_xray,1.0,True,1.0,9.928518451829405e-09,
scripts\PredicciónImágenes\Normal\Normal-520.png,chest_xray,1.0,True,1.0,8.037457366327772e-10,
scripts\PredicciónImágenes\Normal\Normal-1207.png,chest_xray,1.0,True,1.0,3.461492481537931e-10,
scripts\PredicciónImágenes\Normal\Normal-2719.png,chest_xray,1.0,True,1.0,1.236458047060296e-09,
scripts\PredicciónImágenes\Normal\Normal-679.png,chest_xray,1.0,True,1.0,1.061601154206393e-11,
scripts\PredicciónImágenes\Normal\Normal-339.png,chest_xray,1.0,True,1.0,1.0555440202453248e-11,
scripts\PredicciónImágenes\Normal\Normal-2815.png,chest_xray,1.0,True,1.0,2.0644280951387373e-08,
scripts\PredicciónImágenes\Normal\Normal-2878.png,chest_xray,1.0,True,1.0,5.882474412091665e-13,
scripts\PredicciónImágenes\Normal\Normal-1166.png,chest_xray,1.0,True,1.0,5.532955343889867e-11,
scripts\PredicciónImágenes\Normal\Normal-2997.png,chest_xray,1.0,True,1.0,1.4649084723039607e-10,
scripts\PredicciónImágenes\Normal\Normal-940.png,chest_xray,1.0,True,1.0,1.1078143263842932e-10,
scripts\PredicciónImágenes\Normal\Normal-2118.png,chest_xray,1.0,True,1.0,3.129853320960052e-10,
scripts\PredicciónImágenes\Normal\Normal-1942.png,chest_xray,1.0,True,1.0,2.821229916349921e-10,
scripts\PredicciónImágenes\Normal\Normal-837.png,chest_xray,1.0,True,1.0,3.233861962936846e-12,
scripts\PredicciónImágenes\Normal\Normal-2556.png,chest_xray,1.0,True,1.0,3.020582742263578e-11,
scripts\PredicciónImágenes\Normal\Normal-1736.png,chest_xray,1.0,True,1.0,9.28867677219003e-11,
scripts\PredicciónImágenes\Normal\Normal-2130.png,chest_xray,1.0,True,1.0,5.645952997658521e-13,
scripts\PredicciónImágenes\Normal\Normal-2990.png,chest_xray,1.0,True,1.0,1.4646157620035183e-09,
scripts\PredicciónImágenes\Normal\Normal-40.png,chest_xray,1.0,True,1.0,8.234556092556744e-11,
scripts\PredicciónImágenes\Normal\Normal-2232.png,chest_xray,1.0,True,1.0,3.861345687639073e-10,
scripts\PredicciónImágenes\Normal\Normal-849.png,chest_xray,1.0,True,1.0,3.970614059767286e-09,
scripts\PredicciónImágenes\Normal\Normal-1612.png,chest_xray,1.0,True,1.0,8.053447353439935e-10,
scripts\PredicciónImágenes\Normal\Normal-685.png,chest_xray,1.0,True,1.0,3.1372526798634226e-10,
scripts\PredicciónImágenes\Normal\Normal-2171.png,chest_xray,1.0,True,1.0,3.493823340448149e-13,
scripts\PredicciónImágenes\Normal\Normal-969.png,chest_xray,1.0,True,1.0,2.0270851663894973e-10,
scripts\PredicciónImágenes\Normal\Normal-1980.png,chest_xray,1.0,True,1.0,9.410608143439747e-13,
scripts\PredicciónImágenes\Normal\Normal-2199.png,chest_xray,1.0,True,1.0,6.669058638664183e-10,
scripts\PredicciónImágenes\Normal\Normal-1978.png,chest_xray,1.0,True,1.0,4.625232835619997e-11,
scripts\PredicciónImágenes\Normal\Normal-30.png,chest_xray,1.0,True,1.0,5.289481005976704e-11,
scripts\PredicciónImágenes\Normal\Normal-2250.png,chest_xray,1.0,True,1.0,3.853565289091421e-08,
scripts\PredicciónImágenes\Normal\Normal-2308.png,chest_xray,1.0,True,1.0,1.1395979715445037e-09,
scripts\PredicciónImágenes\Normal\Normal-1977.png,chest_xray,1.0,True,1.0,2.382680719392738e-09,
scripts\PredicciónImágenes\Normal\Normal-420.png,chest_xray,1.0,True,1.0,6.798003937547037e-09,
scripts\PredicciónImágenes\Normal\Normal-2203.png,chest_xray,1.0,True,1.0,5.363484101295057e-10,
scripts\PredicciónImágenes\Normal\Normal-2166.png,chest_xray,1.0,True,1.0,8.729937328588733e-10,
scripts\PredicciónImágenes\Normal\Normal-143.png,chest_xray,0.999998927116394,True,0.999998927116394,1.0279294428983121e-06,
scripts\PredicciónImágenes\Normal\Normal-1604.png,chest_xray,1.0,True,1.0,6.337203678485892e-11,
scripts\PredicciónImágenes\Normal\Normal-1287.png,chest_xray,1.0,True,1.0,7.71340946670307e-09,
scripts\PredicciónImágenes\Normal\Normal-1159.png,chest_xray,1.0,True,1.0,9.970428649364038e-11,
scripts\PredicciónImágenes\Normal\Normal-386.png,chest_xray,1.0,True,1.0,4.135024822549127e-10,
scripts\PredicciónImágenes\Normal\Normal-178.png,chest_xray,1.0,True,1.0,2.301352739018242e-13,
scripts\PredicciónImágenes\Normal\Normal-817.png,chest_xray,1.0,True,1.0,3.4401589216193074e-11,
scripts\PredicciónImágenes\Normal\Normal-1328.png,chest_xray,1.0,True,1.0,3.983553209518931e-10,
scripts\PredicciónImágenes\Normal\Normal-2630.png,chest_xray,1.0,True,1.0,7.778284960568982e-12,
scripts\PredicciónImágenes\Normal\Normal-596.png,chest_xray,1.0,True,1.0,1.3964482903361386e-09,
scripts\PredicciónImágenes\Normal\Normal-1592.png,chest_xray,1.0,True,1.0,1.794795423393225e-10,
scripts\PredicciónImágenes\Normal\Normal-2551.png,chest_xray,1.0,True,1.0,5.6235259504600066e-12,
scripts\PredicciónImágenes\Normal\Normal-238.png,chest_xray,1.0,True,1.0,8.362162073893842e-10,
scripts\PredicciónImágenes\Normal\Normal-2697.png,chest_xray,1.0,True,1.0,2.3431349305269578e-08,
scripts\PredicciónImágenes\Normal\Normal-2238.png,chest_xray,1.0,True,1.0,1.8386355549182554e-08,
scripts\PredicciónImágenes\Normal\Normal-256.png,chest_xray,1.0,True,1.0,1.3790529829194043e-09,
scripts\PredicciónImágenes\Normal\Normal-800.png,chest_xray,1.0,True,1.0,2.1182805509667446e-11,
scripts\PredicciónImágenes\Normal\Normal-1567.png,chest_xray,1.0,True,1.0,1.8862618134107834e-09,
scripts\PredicciónImágenes\Normal\Normal-545.png,chest_xray,0.9999878406524658,True,0.9999878406524658,1.2214416528877337e-05,
scripts\PredicciónImágenes\Normal\Normal-788.png,chest_xray,1.0,True,1.0,3.255578315611296e-12,
scripts\PredicciónImágenes\Normal\Normal-120.png,chest_xray,0.9999996423721313,True,0.9999996423721313,3.6389337765285745e-07,
scripts\PredicciónImágenes\Normal\Normal-729.png,chest_xray,1.0,True,1.0,2.4979651680467896e-10,
scripts\PredicciónImágenes\Normal\Normal-1070.png,chest_xray,1.0,True,1.0,8.17184167556384e-12,
scripts\PredicciónImágenes\Normal\Normal-1878.png,chest_xray,1.0,True,1.0,2.3440334118163264e-08,
scripts\PredicciónImágenes\Normal\Normal-619.png,chest_xray,1.0,True,1.0,2.001354193481575e-09,
scripts\PredicciónImágenes\Normal\Normal-906.png,chest_xray,1.0,True,1.0,2.922398000676507e-12,
scripts\PredicciónImágenes\Normal\Normal-642.png,chest_xray,1.0,True,1.0,5.986797169121871e-11,
scripts\PredicciónImágenes\Normal\Normal-318.png,chest_xray,1.0,True,1.0,8.18726364482103e-10,
scripts\PredicciónImágenes\Normal\Normal-1598.png,chest_xray,1.0,True,1.0,5.460656579692191e-11,
scripts\PredicciónImágenes\Normal\Normal-2053.png,chest_xray,1.0,True,1.0,1.7456953660399677e-09,
scripts\PredicciónImágenes\Normal\Normal-44.png,chest_xray,1.0,True,1.0,1.8350162968999717e-12,
scripts\PredicciónImágenes\Normal\Normal-2521.png,chest_xray,1.0,True,1.0,2.527490039483382e-08,
scripts\PredicciónImágenes\Normal\Normal-864.png,chest_xray,1.0,True,1.0,7.008175706424424e-10,
scripts\PredicciónImágenes\Normal\Normal-273.png,chest_xray,1.0,True,1.0,2.5341442833060057e-10,
scripts\PredicciónImágenes\Normal\Normal-200.png,chest_xray,1.0,True,1.0,3.0864599764868217e-09,
scripts\PredicciónImágenes\Normal\Normal-2027.png,chest_xray,1.0,True,1.0,9.497201636232688e-12,
scripts\PredicciónImágenes\Normal\Normal-1326.png,chest_xray,1.0,True,1.0,1.4801809083975215e-11,
scripts\PredicciónImágenes\Normal\Normal-776.png,chest_xray,0.9999998807907104,True,0.9999998807907104,7.660440815016045e-08,
scripts\PredicciónImágenes\Normal\Normal-962.png,chest_xray,1.0,True,1.0,7.515721378581475e-10,
scripts\PredicciónImágenes\Normal\Normal-2137.png,chest_xray,1.0,True,1.0,4.6392301111808365e-10,
scripts\PredicciónImágenes\Normal\Normal-922.png,chest_xray,0.9999996423721313,True,0.9999996423721313,3.3896344575623516e-07,
scripts\PredicciónImágenes\Normal\Normal-2758.png,chest_xray,1.0,True,1.0,2.1563892338427593e-10,
scripts\PredicciónImágenes\Normal\Normal-2529.png,chest_xray,1.0,True,1.0,1.476358341134798e-10,
scripts\PredicciónImágenes\Normal\Normal-502.png,chest_xray,1.0,True,1.0,4.209989301617867e-11,
scripts\PredicciónImágenes\Normal\Normal-2503.png,chest_xray,1.0,True,1.0,2.411274999114532e-11,
scripts\PredicciónImágenes\Normal\Normal-1036.png,chest_xray,1.0,True,1.0,4.077087001341795e-10,
scripts\PredicciónImágenes\Normal\Normal-2443.png,chest_xray,1.0,True,1.0,1.2480931219083224e-11,
scripts\PredicciónImágenes\Normal\Normal-2865.png,chest_xray,1.0,True,1.0,2.363835238661238e-10,
scripts\PredicciónImágenes\Normal\Normal-150.png,chest_xray,1.0,True,1.0,4.497214406429251e-11,
scripts\PredicciónImágenes\Normal\Normal-683.png,chest_xray,0.9999725818634033,True,0.9999725818634033,2.740700620051939e-05,
scripts\PredicciónImágenes\Normal\Normal-528.png,chest_xray,1.0,True,1.0,6.3781174786115e-11,
scripts\PredicciónImágenes\Normal\Normal-192.png,chest_xray,1.0,True,1.0,7.219634612365411e-12,
scripts\PredicciónImágenes\Normal\Normal-240.png,chest_xray,1.0,True,1.0,3.4098248669067743e-09,
scripts\PredicciónImágenes\Normal\Normal-2143.png,chest_xray,1.0,True,1.0,8.218488389832856e-11,
scripts\PredicciónImágenes\Normal\Normal-1917.png,chest_xray,1.0,True,1.0,2.758479555886595e-10,
scripts\PredicciónImágenes\Normal\Normal-582.png,chest_xray,1.0,True,1.0,5.20393797498464e-12,
scripts\PredicciónImágenes\Normal\Normal-193.png,chest_xray,1.0,True,1.0,5.856663765069214e-11,
scripts\PredicciónImágenes\Normal\Normal-161.png,chest_xray,1.0,True,1.0,1.9387106937190923e-12,
scripts\PredicciónImágenes\Normal\Normal-2292.png,chest_xray,1.0,True,1.0,1.3908183493782644e-09,
scripts\PredicciónImágenes\Normal\Normal-1726.png,chest_xray,1.0,True,1.0,4.4232881246664135e-11,
scripts\PredicciónImágenes\Normal\Normal-54.png,chest_xray,1.0,True,1.0,4.0255776490027984e-10,
scripts\PredicciónImágenes\Normal\Normal-185.png,chest_xray,1.0,True,1.0,2.21949021661505e-11,
scripts\PredicciónImágenes\Normal\Normal-1143.png,chest_xray,1.0,True,1.0,2.3339543631095694e-09,
scripts\PredicciónImágenes\Normal\Normal-2348.png,chest_xray,1.0,True,1.0,5.025586197193732e-11,
scripts\PredicciónImágenes\Normal\Normal-1678.png,chest_xray,1.0,True,1.0,2.511590657672258e-10,
scripts\PredicciónImágenes\Normal\Normal-2523.png,chest_xray,1.0,True,1.0,1.528053517052541e-10,
scripts\PredicciónImágenes\Normal\Normal-2609.png,chest_xray,1.0,True,1.0,6.498173527047513e-11,
scripts\PredicciónImágenes\Normal\Normal-2323.png,chest_xray,1.0,True,1.0,2.3081425659654542e-11,
scripts\PredicciónImágenes\Normal\Normal-810.png,chest_xray,1.0,True,1.0,2.871872357979033e-11,
scripts\PredicciónImágenes\Normal\Normal-1041.png,chest_xray,1.0,True,1.0,5.9010981864893175e-12,
scripts\PredicciónImágenes\Normal\Normal-854.png,chest_xray,1.0,True,1.0,2.255863940092695e-09,
scripts\PredicciónImágenes\Normal\Normal-1032.png,chest_xray,1.0,True,1.0,2.7344232780834865e-11,
scripts\PredicciónImágenes\Normal\Normal-1261.png,chest_xray,1.0,True,1.0,8.153073771666186e-10,
scripts\PredicciónImágenes\Normal\Normal-2228.png,chest_xray,1.0,True,1.0,1.3452340803798979e-11,
scripts\PredicciónImágenes\Normal\Normal-2347.png,chest_xray,1.0,True,1.0,1.1929439207303272e-11,
scripts\PredicciónImágenes\Normal\Normal-2706.png,chest_xray,1.0,True,1.0,2.8256419426497814e-09,
scripts\PredicciónImágenes\Normal\Normal-1964.png,chest_xray,1.0,True,1.0,7.040961147453118e-10,
scripts\PredicciónImágenes\Normal\Normal-1344.png,chest_xray,1.0,True,1.0,8.095414338882279e-10,
scripts\PredicciónImágenes\Normal\Normal-208.png,chest_xray,1.0,True,1.0,1.3960794326139947e-11,
scripts\PredicciónImágenes\Normal\Normal-1927.png,chest_xray,1.0,True,1.0,4.957231153346342e-11,
scripts\PredicciónImágenes\Normal\Normal-2261.png,chest_xray,1.0,True,1.0,2.0326583298480028e-12,
scripts\PredicciónImágenes\Normal\Normal-2304.png,chest_xray,1.0,True,1.0,5.652008266791853e-13,
scripts\PredicciónImágenes\Normal\Normal-2616.png,chest_xray,1.0,True,1.0,8.270353291095489e-10,
scripts\PredicciónImágenes\Normal\Normal-376.png,chest_xray,1.0,True,1.0,6.849027595068335e-11,
scripts\PredicciónImágenes\Normal\Normal-561.png,chest_xray,1.0,True,1.0,2.9423021796759485e-09,
scripts\PredicciónImágenes\Normal\Normal-912.png,chest_xray,1.0,True,1.0,5.413533510356672e-11,
scripts\PredicciónImágenes\Normal\Normal-337.png,chest_xray,1.0,True,1.0,1.5429741040406952e-08,
scripts\PredicciónImágenes\Normal\Normal-378.png,chest_xray,1.0,True,1.0,6.267184687880345e-11,
scripts\PredicciónImágenes\Normal\Normal-314.png,chest_xray,1.0,True,1.0,6.727488791741232e-12,
scripts\PredicciónImágenes\Normal\Normal-2233.png,chest_xray,1.0,True,1.0,4.2037726077914783e-10,
scripts\PredicciónImágenes\Normal\Normal-1981.png,chest_xray,1.0,True,1.0,4.570315913915435e-12,
scripts\PredicciónImágenes\Normal\Normal-1871.png,chest_xray,1.0,True,1.0,6.431946641960451e-10,
scripts\PredicciónImágenes\Normal\Normal-571.png,chest_xray,1.0,True,1.0,1.0057524951756491e-10,
scripts\PredicciónImágenes\Normal\Normal-2493.png,chest_xray,1.0,True,1.0,4.455542879089336e-10,
scripts\PredicciónImágenes\Normal\Normal-395.png,chest_xray,1.0,True,1.0,1.2679370053891859e-10,
scripts\PredicciónImágenes\Normal\Normal-2064.png,chest_xray,1.0,True,1.0,5.483009012097195e-12,
scripts\PredicciónImágenes\Normal\Normal-1348.png,chest_xray,1.0,True,1.0,1.6837265956470837e-11,
scripts\PredicciónImágenes\Normal\Normal-1676.png,chest_xray,1.0,True,1.0,2.0302039216435475e-10,
scripts\PredicciónImágenes\Normal\Normal-2479.png,chest_xray,1.0,True,1.0,5.07794750692625e-10,
scripts\PredicciónImágenes\Normal\Normal-500.png,chest_xray,1.0,True,1.0,3.2288095808130635e-11,
scripts\PredicciónImágenes\Normal\Normal-174.png,chest_xray,1.0,True,1.0,7.460544682036385e-11,
scripts\PredicciónImágenes\Normal\Normal-451.png,chest_xray,1.0,True,1.0,5.7366635747291284e-11,
scripts\PredicciónImágenes\Normal\Normal-352.png,chest_xray,1.0,True,1.0,1.2940476468159545e-10,
scripts\PredicciónImágenes\Normal\Normal-2414.png,chest_xray,1.0,True,1.0,9.932097462181377e-13,
scripts\PredicciónImágenes\Normal\Normal-2889.png,chest_xray,1.0,True,1.0,1.731787976910759e-11,
scripts\PredicciónImágenes\Normal\Normal-1009.png,chest_xray,1.0,True,1.0,1.1977552283326531e-10,
scripts\PredicciónImágenes\Normal\Normal-1799.png,chest_xray,1.0,True,1.0,1.1657540384402143e-11,
scripts\PredicciónImágenes\Normal\Normal-1386.png,chest_xray,1.0,True,1.0,1.648964575995393e-10,
scripts\PredicciónImágenes\Normal\Normal-537.png,chest_xray,1.0,True,1.0,6.316317233785382e-14,
scripts\PredicciónImágenes\Normal\Normal-1504.png,chest_xray,1.0,True,1.0,4.658966615278537e-11,
scripts\PredicciónImágenes\Normal\Normal-710.png,chest_xray,1.0,True,1.0,3.3327503083657728e-12,
scripts\PredicciónImágenes\Normal\Normal-65.png,chest_xray,1.0,True,1.0,8.095055181733812e-11,
scripts\PredicciónImágenes\Normal\Normal-1770.png,chest_xray,1.0,True,1.0,1.2317061433286813e-12,
scripts\PredicciónImágenes\Normal\Normal-179.png,chest_xray,1.0,True,1.0,3.136042467377642e-11,
scripts\PredicciónImágenes\Normal\Normal-616.png,chest_xray,1.0,True,1.0,2.5978247331082116e-10,
scripts\PredicciónImágenes\Normal\Normal-918.png,chest_xray,1.0,True,1.0,4.088641578081642e-11,
scripts\PredicciónImágenes\Normal\Normal-590.png,chest_xray,1.0,True,1.0,6.472432312332188e-11,
scripts\PredicciónImágenes\Normal\Normal-498.png,chest_xray,1.0,True,1.0,1.0020646118436005e-10,
scripts\PredicciónImágenes\Normal\Normal-518.png,chest_xray,1.0,True,1.0,1.2688121386883466e-11,
scripts\PredicciónImágenes\Normal\Normal-2887.png,chest_xray,1.0,True,1.0,9.531390433858977e-12,
scripts\PredicciónImágenes\Normal\Normal-1956.png,chest_xray,1.0,True,1.0,1.7530098466583821e-12,
scripts\PredicciónImágenes\Normal\Normal-340.png,chest_xray,1.0,True,1.0,4.391963875916005e-11,
scripts\PredicciónImágenes\Normal\Normal-1478.png,chest_xray,1.0,True,1.0,2.0327767247252382e-10,
scripts\PredicciónImágenes\Normal\Normal-2851.png,chest_xray,1.0,True,1.0,3.1774043032090082e-12,
scripts\PredicciónImágenes\Normal\Normal-1240.png,chest_xray,1.0,True,1.0,1.1456778581386828e-10,
scripts\PredicciónImágenes\Normal\Normal-804.png,chest_xray,1.0,True,1.0,4.6118300289776926e-09,
scripts\PredicciónImágenes\Normal\Normal-1450.png,chest_xray,1.0,True,1.0,6.705841437693039e-11,
scripts\PredicciónImágenes\Normal\Normal-1121.png,chest_xray,1.0,True,1.0,1.1508471953192156e-09,
scripts\PredicciónImágenes\Normal\Normal-803.png,chest_xray,1.0,True,1.0,9.869656480976374e-11,
scripts\PredicciónImágenes\Normal\Normal-207.png,chest_xray,1.0,True,1.0,4.718031867967376e-11,
scripts\PredicciónImágenes\Normal\Normal-260.png,chest_xray,1.0,True,1.0,7.32118272256388e-12,
scripts\PredicciónImágenes\Normal\Normal-1447.png,chest_xray,1.0,True,1.0,3.8622364583861674e-14,
scripts\PredicciónImágenes\Normal\Normal-459.png,chest_xray,1.0,True,1.0,1.5503474892764046e-10,
scripts\PredicciónImágenes\Normal\Normal-1983.png,chest_xray,1.0,True,1.0,6.609827268855284e-11,
scripts\PredicciónImágenes\Normal\Normal-1259.png,chest_xray,1.0,True,1.0,5.0720454503050405e-09,
scripts\PredicciónImágenes\Normal\Normal-1549.png,chest_xray,1.0,True,1.0,7.010080450148282e-12,
scripts\PredicciónImágenes\Normal\Normal-349.png,chest_xray,1.0,True,1.0,3.0790733851482344e-10,
scripts\PredicciónImágenes\Normal\Normal-944.png,chest_xray,1.0,True,1.0,1.1999000404383509e-10,
scripts\PredicciónImágenes\Normal\Normal-896.png,chest_xray,1.0,True,1.0,1.5386507172532315e-12,
scripts\PredicciónImágenes\Normal\Normal-2599.png,chest_xray,1.0,True,1.0,1.2361903167779076e-11,
scripts\PredicciónImágenes\Normal\Normal-1124.png,chest_xray,1.0,True,1.0,1.656238687863798e-11,
scripts\PredicciónImágenes\Normal\Normal-1125.png,chest_xray,1.0,True,1.0,1.1590324533461427e-10,
scripts\PredicciónImágenes\Normal\Normal-1091.png,chest_xray,1.0,True,1.0,8.769690529319973e-10,
scripts\PredicciónImágenes\Normal\Normal-884.png,chest_xray,1.0,True,1.0,2.0388565835638417e-11,
scripts\PredicciónImágenes\Normal\Normal-9.png,chest_xray,1.0,True,1.0,1.7367796437128824e-11,
scripts\PredicciónImágenes\Normal\Normal-1683.png,chest_xray,1.0,True,1.0,9.12599551483595e-10,
scripts\PredicciónImágenes\Normal\Normal-2217.png,chest_xray,1.0,True,1.0,1.231070280438562e-11,
scripts\PredicciónImágenes\Normal\Normal-1824.png,chest_xray,1.0,True,1.0,5.283373183395668e-10,
scripts\PredicciónImágenes\Normal\Normal-1694.png,chest_xray,1.0,True,1.0,9.913422513441184e-12,
scripts\PredicciónImágenes\Normal\Normal-217.png,chest_xray,0.9999991655349731,True,0.9999991655349731,8.31007980650611e-07,
scripts\PredicciónImágenes\Normal\Normal-2658.png,chest_xray,1.0,True,1.0,4.431825739725781e-11,
scripts\PredicciónImágenes\Normal\Normal-877.png,chest_xray,1.0,True,1.0,1.5553418553082565e-09,
scripts\PredicciónImágenes\Normal\Normal-175.png,chest_xray,1.0,True,1.0,2.5846186302302954e-10,
scripts\PredicciónImágenes\Normal\Normal-1593.png,chest_xray,0.9999966621398926,True,0.9999966621398926,3.3937726584554184e-06,
scripts\PredicciónImágenes\Normal\Normal-1210.png,chest_xray,1.0,True,1.0,3.594310959975644e-11,
scripts\PredicciónImágenes\Normal\Normal-1367.png,chest_xray,1.0,True,1.0,2.8008251273803353e-09,
scripts\PredicciónImágenes\Normal\Normal-1535.png,chest_xray,1.0,True,1.0,1.5520449508921175e-11,
scripts\PredicciónImágenes\Normal\Normal-2032.png,chest_xray,1.0,True,1.0,5.685808269519088e-13,
scripts\PredicciónImágenes\Normal\Normal-569.png,chest_xray,1.0,True,1.0,6.658176093798929e-11,
scripts\PredicciónImágenes\Normal\Normal-182.png,chest_xray,1.0,True,1.0,1.5231939320958787e-10,
scripts\PredicciónImágenes\Normal\Normal-138.png,chest_xray,1.0,True,1.0,2.6769697569761775e-12,
scripts\PredicciónImágenes\Normal\Normal-2360.png,chest_xray,1.0,True,1.0,9.91004833750253e-10,
scripts\PredicciónImágenes\Normal\Normal-2392.png,chest_xray,1.0,True,1.0,7.059928596592213e-12,
scripts\PredicciónImágenes\Normal\Normal-2667.png,chest_xray,1.0,True,1.0,5.370480102295794e-12,
scripts\PredicciónImágenes\Normal\Normal-1944.png,chest_xray,1.0,True,1.0,1.719520879850389e-11,
scripts\PredicciónImágenes\Normal\Normal-739.png,chest_xray,1.0,True,1.0,1.9779666186187095e-12,
scripts\PredicciónImágenes\Normal\Normal-1187.png,chest_xray,1.0,True,1.0,7.848596772497274e-12,
scripts\PredicciónImágenes\Normal\Normal-92.png,chest_xray,1.0,True,1.0,2.2845784292124804e-11,
scripts\PredicciónImágenes\Normal\Normal-2269.png,chest_xray,1.0,True,1.0,1.2484930624057089e-11,
scripts\PredicciónImágenes\Normal\Normal-294.png,chest_xray,1.0,True,1.0,1.5537170439117176e-09,
scripts\PredicciónImágenes\Normal\Normal-2867.png,chest_xray,1.0,True,1.0,1.2768979207322673e-09,
scripts\PredicciónImágenes\Normal\Normal-2113.png,chest_xray,1.0,True,1.0,3.853952712518094e-09,
scripts\PredicciónImágenes\Normal\Normal-964.png,chest_xray,1.0,True,1.0,2.972271517451275e-12,
scripts\PredicciónImágenes\Normal\Normal-934.png,chest_xray,1.0,True,1.0,3.3936643717424886e-08,
scripts\PredicciónImágenes\Normal\Normal-445.png,chest_xray,1.0,True,1.0,1.948260650030953e-11,
scripts\PredicciónImágenes\Normal\Normal-1689.png,chest_xray,1.0,True,1.0,1.2412227495817163e-11,
scripts\PredicciónImágenes\Normal\Normal-620.png,chest_xray,1.0,True,1.0,5.950115400388256e-12,
scripts\PredicciónImágenes\Normal\Normal-703.png,chest_xray,1.0,True,1.0,5.161871906474158e-13,
scripts\PredicciónImágenes\Normal\Normal-2880.png,chest_xray,1.0,True,1.0,1.588071363300969e-08,
scripts\PredicciónImágenes\Normal\Normal-1192.png,chest_xray,1.0,True,1.0,1.7979346900176552e-09,
scripts\PredicciónImágenes\Normal\Normal-1321.png,chest_xray,1.0,True,1.0,3.073425628580262e-12,
scripts\PredicciónImágenes\Normal\Normal-1540.png,chest_xray,1.0,True,1.0,3.572630732917581e-11,
scripts\PredicciónImágenes\Normal\Normal-1264.png,chest_xray,1.0,True,1.0,4.1827299956942454e-10,
scripts\PredicciónImágenes\Normal\Normal-2280.png,chest_xray,1.0,True,1.0,1.4280788773746167e-09,
scripts\PredicciónImágenes\Normal\Normal-2730.png,chest_xray,1.0,True,1.0,4.520315510792017e-10,
scripts\PredicciónImágenes\Normal\Normal-2259.png,chest_xray,1.0,True,1.0,1.569708078796861e-11,
scripts\PredicciónImágenes\Normal\Normal-346.png,chest_xray,1.0,True,1.0,1.1902348030778942e-11,
scripts\PredicciónImágenes\Normal\Normal-809.png,chest_xray,1.0,True,1.0,2.7465080557065313e-11,
scripts\PredicciónImágenes\Normal\Normal-121.png,chest_xray,1.0,True,1.0,1.2604579602282229e-09,
scripts\PredicciónImágenes\Normal\Normal-309.png,chest_xray,1.0,True,1.0,2.9721952676808883e-10,
scripts\PredicciónImágenes\Normal\Normal-1353.png,chest_xray,1.0,True,1.0,8.789630134842241e-11,
scripts\PredicciónImágenes\Normal\Normal-2371.png,chest_xray,1.0,True,1.0,9.836655795458782e-11,
scripts\PredicciónImágenes\Normal\Normal-2471.png,chest_xray,1.0,True,1.0,1.192066584332352e-10,
scripts\PredicciónImágenes\Normal\Normal-2926.png,chest_xray,1.0,True,1.0,4.6431205234787054e-12,
scripts\PredicciónImágenes\Normal\Normal-418.png,chest_xray,1.0,True,1.0,2.0540704553928535e-12,
scripts\PredicciónImágenes\Normal\Normal-1198.png,chest_xray,1.0,True,1.0,9.215613515356491e-12,
scripts\PredicciónImágenes\Normal\Normal-2446.png,chest_xray,1.0,True,1.0,5.116168773355856e-12,
scripts\PredicciónImágenes\Normal\Normal-225.png,chest_xray,1.0,True,1.0,2.1193405363995055e-10,
scripts\PredicciónImágenes\Normal\Normal-2098.png,chest_xray,1.0,True,1.0,4.7040028122724564e-12,
scripts\PredicciónImágenes\Normal\Normal-1430.png,chest_xray,0.9999994039535522,True,0.9999994039535522,6.525638127641287e-07,
scripts\PredicciónImágenes\Normal\Normal-400.png,chest_xray,1.0,True,1.0,2.9559019121272456e-10,
scripts\PredicciónImágenes\Normal\Normal-547.png,chest_xray,1.0,True,1.0,2.943917332132173e-10,
scripts\PredicciónImágenes\Normal\Normal-405.png,chest_xray,1.0,True,1.0,6.245934880411141e-10,
scripts\PredicciónImágenes\Normal\Normal-2155.png,chest_xray,1.0,True,1.0,2.531491960500176e-10,
scripts\PredicciónImágenes\Normal\Normal-2550.png,chest_xray,1.0,True,1.0,9.645504880917422e-13,
scripts\PredicciónImágenes\Normal\Normal-2692.png,chest_xray,1.0,True,1.0,5.641483391549684e-10,
scripts\PredicciónImágenes\Normal\Normal-381.png,chest_xray,1.0,True,1.0,3.7095687632771046e-10,
scripts\PredicciónImágenes\Normal\Normal-1007.png,chest_xray,1.0,True,1.0,2.584082725576309e-09,
scripts\PredicciónImágenes\Normal\Normal-223.png,chest_xray,1.0,True,1.0,9.807724944688179e-12,
scripts\PredicciónImágenes\Normal\Normal-1827.png,chest_xray,1.0,True,1.0,1.3815184239651668e-11,
scripts\PredicciónImágenes\Normal\Normal-2856.png,chest_xray,1.0,True,1.0,1.0468868827384625e-10,
scripts\PredicciónImágenes\Normal\Normal-1505.png,chest_xray,1.0,True,1.0,1.4548687775339797e-12,
scripts\PredicciónImágenes\Normal\Normal-189.png,chest_xray,1.0,True,1.0,2.0160872971075605e-11,
scripts\PredicciónImágenes\Normal\Normal-1064.png,chest_xray,1.0,True,1.0,1.3487475580831187e-09,
scripts\PredicciónImágenes\Normal\Normal-96.png,chest_xray,1.0,True,1.0,1.7372873972743008e-10,
scripts\PredicciónImágenes\Normal\Normal-2205.png,chest_xray,1.0,True,1.0,4.067761752435395e-12,
scripts\PredicciónImágenes\Normal\Normal-1853.png,chest_xray,1.0,True,1.0,6.016098209882248e-12,
scripts\PredicciónImágenes\Normal\Normal-2239.png,chest_xray,1.0,True,1.0,4.701511749360954e-11,
scripts\PredicciónImágenes\Normal\Normal-652.png,chest_xray,1.0,True,1.0,5.3807978905862086e-11,
scripts\PredicciónImágenes\Normal\Normal-536.png,chest_xray,1.0,True,1.0,1.2676557720192605e-11,
scripts\PredicciónImágenes\Normal\Normal-2354.png,chest_xray,1.0,True,1.0,3.928640524009097e-08,
scripts\PredicciónImágenes\Normal\Normal-1673.png,chest_xray,1.0,True,1.0,8.358908565320178e-10,
scripts\PredicciónImágenes\Normal\Normal-1997.png,chest_xray,1.0,True,1.0,4.650678953055376e-09,
scripts\PredicciónImágenes\Normal\Normal-2784.png,chest_xray,1.0,True,1.0,4.623327415353984e-11,
scripts\PredicciónImágenes\Normal\Normal-2147.png,chest_xray,1.0,True,1.0,1.493915130490464e-10,
scripts\PredicciónImágenes\Normal\Normal-1153.png,chest_xray,1.0,True,1.0,5.525601677602854e-12,
scripts\PredicciónImágenes\Normal\Normal-2012.png,chest_xray,1.0,True,1.0,3.5121569281343357e-13,
scripts\PredicciónImágenes\Normal\Normal-1635.png,chest_xray,1.0,True,1.0,5.847287931626255e-11,
scripts\PredicciónImágenes\Normal\Normal-244.png,chest_xray,1.0,True,1.0,1.920528625021234e-09,
scripts\PredicciónImágenes\Normal\Normal-1100.png,chest_xray,1.0,True,1.0,7.504336778721421e-13,
scripts\PredicciónImágenes\Normal\Normal-2791.png,chest_xray,1.0,True,1.0,3.483157762218525e-09,
scripts\PredicciónImágenes\Normal\Normal-421.png,chest_xray,1.0,True,1.0,2.2150581716062767e-11,
scripts\PredicciónImágenes\Normal\Normal-2894.png,chest_xray,1.0,True,1.0,3.6424693122816265e-11,
scripts\PredicciónImágenes\Normal\Normal-708.png,chest_xray,1.0,True,1.0,1.4587004564317607e-12,
scripts\PredicciónImágenes\Normal\Normal-2191.png,chest_xray,1.0,True,1.0,8.309883892110292e-10,
scripts\PredicciónImágenes\Normal\Normal-1451.png,chest_xray,1.0,True,1.0,2.7014404047065455e-09,
scripts\PredicciónImágenes\Normal\Normal-2744.png,chest_xray,1.0,True,1.0,7.382967501246007e-12,
scripts\PredicciónImágenes\Normal\Normal-2967.png,chest_xray,1.0,True,1.0,2.907413421127103e-09,
scripts\PredicciónImágenes\Normal\Normal-2409.png,chest_xray,1.0,True,1.0,1.380091596558941e-10,
scripts\PredicciónImágenes\Normal\Normal-1384.png,chest_xray,1.0,True,1.0,1.6709975070305916e-10,
scripts\PredicciónImágenes\Normal\Normal-643.png,chest_xray,1.0,True,1.0,2.132559545620083e-10,
scripts\PredicciónImágenes\Normal\Normal-2735.png,chest_xray,1.0,True,1.0,5.986237894273216e-11,
scripts\PredicciónImágenes\Normal\Normal-447.png,chest_xray,1.0,True,1.0,6.925167106430763e-10,
scripts\PredicciónImágenes\Normal\Normal-2612.png,chest_xray,1.0,True,1.0,1.291320661511719e-10,
scripts\PredicciónImágenes\Normal\Normal-1503.png,chest_xray,0.9998401403427124,True,0.9998401403427124,0.00015982030890882015,
scripts\PredicciónImágenes\Normal\Normal-1838.png,chest_xray,1.0,True,1.0,1.2779699520848453e-09,
scripts\PredicciónImágenes\Normal\Normal-224.png,chest_xray,1.0,True,1.0,2.725589531848982e-09,
scripts\PredicciónImágenes\Normal\Normal-2244.png,chest_xray,1.0,True,1.0,3.462223563399647e-11,
scripts\PredicciónImágenes\Normal\Normal-1375.png,chest_xray,1.0,True,1.0,3.314597762926752e-10,
scripts\PredicciónImágenes\Normal\Normal-823.png,chest_xray,1.0,True,1.0,1.1841984337568334e-10,
scripts\PredicciónImágenes\Normal\Normal-2283.png,chest_xray,1.0,True,1.0,3.113507715535313e-11,
scripts\PredicciónImágenes\Normal\Normal-1239.png,chest_xray,1.0,True,1.0,9.493869232435337e-12,
scripts\PredicciónImágenes\Normal\Normal-1652.png,chest_xray,1.0,True,1.0,1.7117207651295985e-10,
scripts\PredicciónImágenes\Normal\Normal-1667.png,chest_xray,1.0,True,1.0,3.790502633993498e-11,
scripts\PredicciónImágenes\Normal\Normal-227.png,chest_xray,1.0,True,1.0,1.1223538765037233e-09,
scripts\PredicciónImágenes\Normal\Normal-2221.png,chest_xray,1.0,True,1.0,1.3477002847039898e-10,
scripts\PredicciónImágenes\Normal\Normal-1408.png,chest_xray,1.0,True,1.0,5.796262669832686e-08,
scripts\PredicciónImágenes\Normal\Normal-1591.png,chest_xray,1.0,True,1.0,3.006838875108109e-11,
scripts\PredicciónImágenes\Normal\Normal-2320.png,chest_xray,1.0,True,1.0,3.839542905836879e-09,
scripts\PredicciónImágenes\Normal\Normal-2429.png,chest_xray,1.0,True,1.0,1.8017787262181173e-10,
scripts\PredicciónImágenes\Normal\Normal-416.png,chest_xray,1.0,True,1.0,2.1320582452299952e-11,
scripts\PredicciónImágenes\Normal\Normal-139.png,chest_xray,1.0,True,1.0,2.3747327888845593e-12,
scripts\PredicciónImágenes\Normal\Normal-1975.png,chest_xray,1.0,True,1.0,2.2821395814776047e-11,
scripts\PredicciónImágenes\Normal\Normal-557.png,chest_xray,1.0,True,1.0,7.148335257056715e-10,
scripts\PredicciónImágenes\Normal\Normal-2332.png,chest_xray,1.0,True,1.0,4.848201007323638e-11,
scripts\PredicciónImágenes\Normal\Normal-1454.png,chest_xray,1.0,True,1.0,1.0970997331091747e-12,
scripts\PredicciónImágenes\Normal\Normal-2677.png,chest_xray,1.0,True,1.0,3.611022592053814e-11,
scripts\PredicciónImágenes\Normal\Normal-2514.png,chest_xray,1.0,True,1.0,2.933018845158175e-12,
scripts\PredicciónImágenes\Normal\Normal-2497.png,chest_xray,0.9999998807907104,True,0.9999998807907104,7.714736938169153e-08,
scripts\PredicciónImágenes\Normal\Normal-2734.png,chest_xray,1.0,True,1.0,1.54707163746437e-10,
scripts\PredicciónImágenes\Normal\Normal-846.png,chest_xray,1.0,True,1.0,1.6609974506920366e-10,
scripts\PredicciónImágenes\Normal\Normal-2149.png,chest_xray,1.0,True,1.0,1.011095200620371e-11,
scripts\PredicciónImágenes\Normal\Normal-600.png,chest_xray,1.0,True,1.0,1.3998448498183779e-14,
scripts\PredicciónImágenes\Normal\Normal-1815.png,chest_xray,1.0,True,1.0,1.313814335102137e-10,
scripts\PredicciónImágenes\Normal\Normal-1814.png,chest_xray,1.0,True,1.0,8.264550710457286e-10,
scripts\PredicciónImágenes\Normal\Normal-497.png,chest_xray,1.0,True,1.0,3.5186011881904733e-09,
scripts\PredicciónImágenes\Normal\Normal-2417.png,chest_xray,1.0,True,1.0,4.9801752999290017e-11,
scripts\PredicciónImágenes\Normal\Normal-743.png,chest_xray,1.0,True,1.0,6.693089138476438e-11,
scripts\PredicciónImágenes\Normal\Normal-2741.png,chest_xray,1.0,True,1.0,1.528204299217073e-11,
scripts\PredicciónImágenes\Normal\Normal-168.png,chest_xray,1.0,True,1.0,2.2874126204275314e-11,
scripts\PredicciónImágenes\Normal\Normal-2881.png,chest_xray,1.0,True,1.0,2.8314400823958863e-10,
scripts\PredicciónImágenes\Normal\Normal-1003.png,chest_xray,1.0,True,1.0,2.033087032060621e-10,
scripts\PredicciónImágenes\Normal\Normal-307.png,chest_xray,1.0,True,1.0,3.8215805520103174e-11,
scripts\PredicciónImágenes\Normal\Normal-327.png,chest_xray,1.0,True,1.0,9.256095022391886e-12,
scripts\PredicciónImágenes\Normal\Normal-2736.png,chest_xray,1.0,True,1.0,3.37149752560606e-11,
scripts\PredicciónImágenes\Normal\Normal-747.png,chest_xray,1.0,True,1.0,1.559160092701184e-11,
scripts\PredicciónImágenes\Normal\Normal-1.png,chest_xray,1.0,True,1.0,2.5143320758758136e-10,
scripts\PredicciónImágenes\Normal\Normal-1053.png,chest_xray,1.0,True,1.0,7.585844175039824e-10,
scripts\PredicciónImágenes\Normal\Normal-2344.png,chest_xray,1.0,True,1.0,7.374361676859564e-10,
scripts\PredicciónImágenes\Normal\Normal-594.png,chest_xray,1.0,True,1.0,2.3969720430727648e-08,
scripts\PredicciónImágenes\Normal\Normal-2342.png,chest_xray,1.0,True,1.0,5.925343765991742e-13,
scripts\PredicciónImágenes\Normal\Normal-1566.png,chest_xray,1.0,True,1.0,9.393156252812673e-10,
scripts\PredicciónImágenes\Normal\Normal-635.png,chest_xray,0.9999998807907104,True,0.9999998807907104,7.007968605421411e-08,
scripts\PredicciónImágenes\Normal\Normal-1919.png,chest_xray,1.0,True,1.0,1.187228267085505e-11,
scripts\PredicciónImágenes\Normal\Normal-1996.png,chest_xray,1.0,True,1.0,6.4705155296274075e-12,
scripts\PredicciónImágenes\Normal\Normal-25.png,chest_xray,1.0,True,1.0,1.0897358571071436e-08,
scripts\PredicciónImágenes\Normal\Normal-2080.png,chest_xray,1.0,True,1.0,5.6797549302656236e-11,
scripts\PredicciónImágenes\Normal\Normal-2582.png,chest_xray,1.0,True,1.0,7.436318054387936e-12,
scripts\PredicciónImágenes\Normal\Normal-960.png,chest_xray,1.0,True,1.0,7.610052345230489e-12,
scripts\PredicciónImágenes\Normal\Normal-1542.png,chest_xray,1.0,True,1.0,3.145497196044289e-10,
scripts\PredicciónImágenes\Normal\Normal-116.png,chest_xray,1.0,True,1.0,3.665619890957927e-12,
scripts\PredicciónImágenes\Normal\Normal-1521.png,chest_xray,1.0,True,1.0,7.456582906684162e-09,
scripts\PredicciónImágenes\Normal\Normal-2622.png,chest_xray,1.0,True,1.0,8.459075218070211e-09,
scripts\PredicciónImágenes\Normal\Normal-878.png,chest_xray,1.0,True,1.0,1.5370654748991797e-10,
scripts\PredicciónImágenes\Normal\Normal-216.png,chest_xray,1.0,True,1.0,2.1220314394554407e-09,
scripts\PredicciónImágenes\Normal\Normal-1034.png,chest_xray,1.0,True,1.0,1.7533009710746228e-08,
scripts\PredicciónImágenes\Normal\Normal-131.png,chest_xray,1.0,True,1.0,3.907737414904355e-12,
scripts\PredicciónImágenes\Normal\Normal-1347.png,chest_xray,1.0,True,1.0,1.1124217519364876e-10,
scripts\PredicciónImágenes\Normal\Normal-2568.png,chest_xray,1.0,True,1.0,1.3176514046531196e-10,
scripts\PredicciónImágenes\Normal\Normal-415.png,chest_xray,1.0,True,1.0,3.334686971001588e-10,
scripts\PredicciónImágenes\Normal\Normal-2564.png,chest_xray,1.0,True,1.0,3.6112841883539915e-11,
scripts\PredicciónImágenes\Normal\Normal-1658.png,chest_xray,1.0,True,1.0,1.0171888331633738e-10,
scripts\PredicciónImágenes\Normal\Normal-609.png,chest_xray,1.0,True,1.0,1.3541773605241225e-11,
scripts\PredicciónImágenes\Normal\Normal-786.png,chest_xray,1.0,True,1.0,9.315174499813228e-13,
scripts\PredicciónImágenes\Normal\Normal-2769.png,chest_xray,1.0,True,1.0,1.83573833217876e-11,
scripts\PredicciónImágenes\Normal\Normal-1059.png,chest_xray,1.0,True,1.0,4.386930055333416e-12,
scripts\PredicciónImágenes\Normal\Normal-1199.png,chest_xray,1.0,True,1.0,9.128109726419531e-12,
scripts\PredicciónImágenes\Normal\Normal-2081.png,chest_xray,1.0,True,1.0,6.766016566461808e-12,
scripts\PredicciónImágenes\Normal\Normal-1141.png,chest_xray,1.0,True,1.0,3.3526459386479246e-10,
scripts\PredicciónImágenes\Normal\Normal-1257.png,chest_xray,1.0,True,1.0,4.189610464111482e-11,
scripts\PredicciónImágenes\Normal\Normal-452.png,chest_xray,1.0,True,1.0,2.3388562198078944e-09,
scripts\PredicciónImágenes\Normal\Normal-10.png,chest_xray,1.0,True,1.0,6.360514198666678e-11,
scripts\PredicciónImágenes\Normal\Normal-26.png,chest_xray,1.0,True,1.0,7.0044803290869595e-12,
scripts\PredicciónImágenes\Normal\Normal-1194.png,chest_xray,1.0,True,1.0,1.3297854484228822e-10,
scripts\PredicciónImágenes\Normal\Normal-1276.png,chest_xray,1.0,True,1.0,2.732989355658244e-11,
scripts\PredicciónImágenes\Normal\Normal-71.png,chest_xray,1.0,True,1.0,1.9324512823271078e-10,
scripts\PredicciónImágenes\Normal\Normal-775.png,chest_xray,1.0,True,1.0,3.79974829378682e-10,
scripts\PredicciónImágenes\Normal\Normal-1197.png,chest_xray,1.0,True,1.0,7.914900956862425e-10,
scripts\PredicciónImágenes\Normal\Normal-46.png,chest_xray,1.0,True,1.0,1.5387162030644497e-11,
scripts\PredicciónImágenes\Normal\Normal-2548.png,chest_xray,1.0,True,1.0,2.9806865309289776e-11,
scripts\PredicciónImágenes\Normal\Normal-1299.png,chest_xray,0.9999998807907104,True,0.9999998807907104,6.431142907104004e-08,
scripts\PredicciónImágenes\Normal\Normal-1411.png,chest_xray,1.0,True,1.0,1.5586538136547201e-12,
scripts\PredicciónImágenes\Normal\Normal-2675.png,chest_xray,1.0,True,1.0,4.5504343348934384e-11,
scripts\PredicciónImágenes\Normal\Normal-2074.png,chest_xray,1.0,True,1.0,3.451421873995608e-12,
scripts\PredicciónImágenes\Normal\Normal-2294.png,chest_xray,1.0,True,1.0,3.418171024005545e-10,
scripts\PredicciónImágenes\Normal\Normal-387.png,chest_xray,1.0,True,1.0,2.5891911878406226e-11,
scripts\PredicciónImágenes\Normal\Normal-444.png,chest_xray,1.0,True,1.0,2.1058761845438312e-08,
scripts\PredicciónImágenes\Normal\Normal-1402.png,chest_xray,1.0,True,1.0,2.2278552613830271e-10,
scripts\PredicciónImágenes\Normal\Normal-2641.png,chest_xray,1.0,True,1.0,3.6074947473707653e-09,
scripts\PredicciónImágenes\Normal\Normal-1377.png,chest_xray,1.0,True,1.0,1.3714634862613175e-14,
scripts\PredicciónImágenes\Normal\Normal-1693.png,chest_xray,0.9999996423721313,True,0.9999996423721313,3.9896181647236517e-07,
scripts\PredicciónImágenes\Normal\Normal-1493.png,chest_xray,1.0,True,1.0,9.503946934996677e-11,
scripts\PredicciónImágenes\Normal\Normal-375.png,chest_xray,1.0,True,1.0,1.3409682253495703e-08,
scripts\PredicciónImágenes\Normal\Normal-1951.png,chest_xray,1.0,True,1.0,7.692396164493687e-10,
scripts\PredicciónImágenes\Normal\Normal-923.png,chest_xray,1.0,True,1.0,1.3723246150565416e-10,
scripts\PredicciónImágenes\Normal\Normal-1903.png,chest_xray,1.0,True,1.0,8.510842031128618e-10,
scripts\PredicciónImágenes\Normal\Normal-1420.png,chest_xray,1.0,True,1.0,1.7019954889896383e-11,
scripts\PredicciónImágenes\Normal\Normal-2790.png,chest_xray,1.0,True,1.0,4.976756853847242e-11,
scripts\PredicciónImágenes\Normal\Normal-2937.png,chest_xray,1.0,True,1.0,1.3576628970363158e-12,
scripts\PredicciónImágenes\Normal\Normal-2270.png,chest_xray,1.0,True,1.0,1.381934844335575e-11,
scripts\PredicciónImágenes\Normal\Normal-2451.png,chest_xray,1.0,True,1.0,6.246077544069806e-10,
scripts\PredicciónImágenes\Normal\Normal-1888.png,chest_xray,1.0,True,1.0,7.541342661454564e-09,
scripts\PredicciónImágenes\Normal\Normal-347.png,chest_xray,1.0,True,1.0,2.1271444328174738e-10,
scripts\PredicciónImágenes\Normal\Normal-973.png,chest_xray,1.0,True,1.0,5.886711951230694e-11,
scripts\PredicciónImágenes\Normal\Normal-321.png,chest_xray,1.0,True,1.0,1.0817494122683513e-10,
scripts\PredicciónImágenes\Normal\Normal-2533.png,chest_xray,1.0,True,1.0,1.087320677939374e-09,
scripts\PredicciónImágenes\Normal\Normal-51.png,chest_xray,0.9999971389770508,True,0.9999971389770508,2.812620323311421e-06,
scripts\PredicciónImágenes\Normal\Normal-1270.png,chest_xray,1.0,True,1.0,2.431227885679732e-09,
scripts\PredicciónImágenes\Normal\Normal-1846.png,chest_xray,0.9999996423721313,True,0.9999996423721313,3.325322381897422e-07,
scripts\PredicciónImágenes\Normal\Normal-455.png,chest_xray,0.9999997615814209,True,0.9999997615814209,2.2901321017343435e-07,
scripts\PredicciónImágenes\Normal\Normal-429.png,chest_xray,1.0,True,1.0,1.487381467990545e-10,
scripts\PredicciónImágenes\Normal\Normal-1415.png,chest_xray,1.0,True,1.0,4.283948141971944e-13,
scripts\PredicciónImágenes\Normal\Normal-1795.png,chest_xray,1.0,True,1.0,4.056723013068364e-11,
scripts\PredicciónImágenes\Normal\Normal-2919.png,chest_xray,1.0,True,1.0,2.478185434640068e-10,
scripts\PredicciónImágenes\Normal\Normal-845.png,chest_xray,1.0,True,1.0,2.72574407489401e-10,
scripts\PredicciónImágenes\Normal\Normal-1858.png,chest_xray,1.0,True,1.0,2.6143649023424587e-08,
scripts\PredicciónImágenes\Normal\Normal-2485.png,chest_xray,1.0,True,1.0,7.427335135812285e-11,
scripts\PredicciónImágenes\Normal\Normal-2127.png,chest_xray,1.0,True,1.0,1.365715596168826e-10,
scripts\PredicciónImágenes\Normal\Normal-2848.png,chest_xray,1.0,True,1.0,3.097650608241409e-11,
scripts\PredicciónImágenes\Normal\Normal-53.png,chest_xray,1.0,True,1.0,5.330870411768274e-09,
scripts\PredicciónImágenes\Normal\Normal-549.png,chest_xray,1.0,True,1.0,3.295383965706833e-10,
scripts\PredicciónImágenes\Normal\Normal-890.png,chest_xray,1.0,True,1.0,3.655311608952161e-10,
scripts\PredicciónImágenes\Normal\Normal-1080.png,chest_xray,1.0,True,1.0,3.0596952749206707e-10,
scripts\PredicciónImágenes\Normal\Normal-1260.png,chest_xray,1.0,True,1.0,2.803013550434219e-11,
scripts\PredicciónImágenes\Normal\Normal-677.png,chest_xray,1.0,True,1.0,2.2683763756248254e-09,
scripts\PredicciónImágenes\Normal\Normal-983.png,chest_xray,1.0,True,1.0,8.627810271777392e-12,
scripts\PredicciónImágenes\Normal\Normal-742.png,chest_xray,1.0,True,1.0,1.3385233026130816e-11,
scripts\PredicciónImágenes\Normal\Normal-674.png,chest_xray,1.0,True,1.0,5.490539134456185e-10,
scripts\PredicciónImágenes\Normal\Normal-2964.png,chest_xray,0.9999845027923584,True,0.9999845027923584,1.5444113159901462e-05,
scripts\PredicciónImágenes\Normal\Normal-2397.png,chest_xray,1.0,True,1.0,9.528188016361128e-09,
scripts\PredicciónImágenes\Normal\Normal-377.png,chest_xray,1.0,True,1.0,9.768603703719236e-10,
scripts\PredicciónImágenes\Normal\Normal-259.png,chest_xray,1.0,True,1.0,1.8974234076291063e-12,
scripts\PredicciónImágenes\Normal\Normal-2770.png,chest_xray,1.0,True,1.0,4.88133947325331e-13,
scripts\PredicciónImágenes\Normal\Normal-2581.png,chest_xray,1.0,True,1.0,3.04109896986926e-11,
scripts\PredicciónImágenes\Normal\Normal-1596.png,chest_xray,1.0,True,1.0,1.9380832008697446e-11,
scripts\PredicciónImágenes\Normal\Normal-410.png,chest_xray,1.0,True,1.0,5.72590412584173e-12,
scripts\PredicciónImágenes\Normal\Normal-2920.png,chest_xray,1.0,True,1.0,6.772158788609373e-13,
scripts\PredicciónImágenes\Normal\Normal-822.png,chest_xray,1.0,True,1.0,1.0369385905484307e-10,
scripts\PredicciónImágenes\Normal\Normal-1905.png,chest_xray,1.0,True,1.0,4.077786996958821e-10,
scripts\PredicciónImágenes\Normal\Normal-1637.png,chest_xray,1.0,True,1.0,4.488488140191871e-12,
scripts\PredicciónImágenes\Normal\Normal-1611.png,chest_xray,1.0,True,1.0,1.6517668344206982e-09,
scripts\PredicciónImágenes\Normal\Normal-2367.png,chest_xray,1.0,True,1.0,9.079764495822928e-09,
scripts\PredicciónImágenes\Normal\Normal-2745.png,chest_xray,1.0,True,1.0,2.4316243463218257e-11,
scripts\PredicciónImágenes\Normal\Normal-1132.png,chest_xray,1.0,True,1.0,1.8506252086325503e-09,
scripts\PredicciónImágenes\Normal\Normal-2263.png,chest_xray,1.0,True,1.0,8.825332686868137e-10,
scripts\PredicciónImágenes\Normal\Normal-2586.png,chest_xray,1.0,True,1.0,4.5516368452069855e-09,
scripts\PredicciónImágenes\Normal\Normal-2893.png,chest_xray,1.0,True,1.0,9.349091639743179e-11,
scripts\PredicciónImágenes\Normal\Normal-264.png,chest_xray,1.0,True,1.0,2.631327230759317e-13,
scripts\PredicciónImágenes\Normal\Normal-2470.png,chest_xray,1.0,True,1.0,1.0762170668532356e-11,
scripts\PredicciónImágenes\Normal\Normal-2765.png,chest_xray,1.0,True,1.0,1.8426912773428228e-11,
scripts\PredicciónImágenes\Normal\Normal-1369.png,chest_xray,1.0,True,1.0,2.2496324247889277e-10,
scripts\PredicciónImágenes\Normal\Normal-1811.png,chest_xray,1.0,True,1.0,5.239858547056997e-10,
scripts\PredicciónImágenes\Normal\Normal-287.png,chest_xray,1.0,True,1.0,1.0541557210475005e-11,
scripts\PredicciónImágenes\Normal\Normal-299.png,chest_xray,1.0,True,1.0,9.313229354379615e-11,
scripts\PredicciónImágenes\Normal\Normal-680.png,chest_xray,1.0,True,1.0,3.555271077537725e-10,
scripts\PredicciónImágenes\Normal\Normal-1670.png,chest_xray,1.0,True,1.0,3.3701616497516795e-10,
scripts\PredicciónImágenes\Normal\Normal-2669.png,chest_xray,1.0,True,1.0,2.354593853226561e-09,
scripts\PredicciónImágenes\Normal\Normal-1737.png,chest_xray,1.0,True,1.0,1.8512437676559967e-12,
scripts\PredicciónImágenes\Normal\Normal-13.png,chest_xray,1.0,True,1.0,2.0367120490139e-10,
scripts\PredicciónImágenes\Normal\Normal-1946.png,chest_xray,1.0,True,1.0,2.560757383918144e-09,
scripts\PredicciónImágenes\Normal\Normal-2902.png,chest_xray,1.0,True,1.0,4.4941272925314024e-11,
scripts\PredicciónImágenes\Normal\Normal-765.png,chest_xray,1.0,True,1.0,6.972207700073341e-09,
scripts\PredicciónImágenes\Normal\Normal-2047.png,chest_xray,1.0,True,1.0,3.1791122468913247e-13,
scripts\PredicciónImágenes\Normal\Normal-2356.png,chest_xray,1.0,True,1.0,3.682582572217541e-10,
scripts\PredicciónImágenes\Normal\Normal-27.png,chest_xray,1.0,True,1.0,8.548631247329297e-11,
scripts\PredicciónImágenes\Normal\Normal-1538.png,chest_xray,1.0,True,1.0,2.5380078247372317e-11,
scripts\PredicciónImágenes\Normal\Normal-2462.png,chest_xray,1.0,True,1.0,4.869091241310741e-10,
scripts\PredicciónImágenes\Normal\Normal-2058.png,chest_xray,1.0,True,1.0,2.5967694661233054e-10,
scripts\PredicciónImágenes\Normal\Normal-2287.png,chest_xray,0.9999988079071045,True,0.9999988079071045,1.17661215881526e-06,
scripts\PredicciónImágenes\Normal\Normal-1385.png,chest_xray,1.0,True,1.0,5.131852720552388e-09,
scripts\PredicciónImágenes\Normal\Normal-2095.png,chest_xray,1.0,True,1.0,6.306167393832496e-11,
scripts\PredicciónImágenes\Normal\Normal-627.png,chest_xray,1.0,True,1.0,4.4945731164647285e-11,
scripts\PredicciónImágenes\Normal\Normal-2216.png,chest_xray,1.0,True,1.0,3.0884649004914166e-11,
scripts\PredicciónImágenes\Normal\Normal-363.png,chest_xray,1.0,True,1.0,4.014805794674142e-13,
scripts\PredicciónImágenes\Normal\Normal-1810.png,chest_xray,1.0,True,1.0,1.9611829521481994e-11,
scripts\PredicciónImágenes\Normal\Normal-883.png,chest_xray,1.0,True,1.0,7.411860458717001e-09,
scripts\PredicciónImágenes\Normal\Normal-1941.png,chest_xray,1.0,True,1.0,6.561680365724243e-11,
scripts\PredicciónImágenes\Normal\Normal-2518.png,chest_xray,1.0,True,1.0,1.7050579836919155e-09,
scripts\PredicciónImágenes\Normal\Normal-863.png,chest_xray,1.0,True,1.0,4.581145240933893e-09,
scripts\PredicciónImágenes\Normal\Normal-1643.png,chest_xray,1.0,True,1.0,1.1965825465892754e-12,
scripts\PredicciónImágenes\Normal\Normal-2524.png,chest_xray,1.0,True,1.0,8.904323112179924e-11,
scripts\PredicciónImágenes\Normal\Normal-2668.png,chest_xray,1.0,True,1.0,9.972635217625481e-11,
scripts\PredicciónImágenes\Normal\Normal-903.png,chest_xray,1.0,True,1.0,4.08599509782448e-09,
scripts\PredicciónImágenes\Normal\Normal-1661.png,chest_xray,1.0,True,1.0,2.03608671589528e-10,
scripts\PredicciónImágenes\Normal\Normal-2317.png,chest_xray,1.0,True,1.0,3.514494528733536e-10,
scripts\PredicciónImágenes\Normal\Normal-2809.png,chest_xray,1.0,True,1.0,1.2580464447964346e-09,
scripts\PredicciónImágenes\Normal\Normal-900.png,chest_xray,1.0,True,1.0,1.7188599718900854e-13,
scripts\PredicciónImágenes\Normal\Normal-790.png,chest_xray,1.0,True,1.0,1.6323044305099899e-10,
scripts\PredicciónImágenes\Normal\Normal-2644.png,chest_xray,1.0,True,1.0,2.657375361425629e-11,
scripts\PredicciónImágenes\Normal\Normal-1366.png,chest_xray,1.0,True,1.0,7.574061378079477e-10,
scripts\PredicciónImágenes\Normal\Normal-606.png,chest_xray,1.0,True,1.0,7.403079538281787e-11,
scripts\PredicciónImágenes\Normal\Normal-1365.png,chest_xray,1.0,True,1.0,1.065188270921169e-09,
scripts\PredicciónImágenes\Normal\Normal-2240.png,chest_xray,1.0,True,1.0,4.125240982144618e-10,
scripts\PredicciónImágenes\Normal\Normal-1066.png,chest_xray,1.0,True,1.0,2.0880349532736986e-11,
scripts\PredicciónImágenes\Normal\Normal-76.png,chest_xray,1.0,True,1.0,5.388133272887785e-10,
scripts\PredicciónImágenes\Normal\Normal-1373.png,chest_xray,1.0,True,1.0,6.572878352706368e-11,
scripts\PredicciónImágenes\Normal\Normal-1662.png,chest_xray,1.0,True,1.0,5.270329173079347e-10,
scripts\PredicciónImágenes\Normal\Normal-2023.png,chest_xray,1.0,True,1.0,1.2419332055813026e-11,
scripts\PredicciónImágenes\Normal\Normal-1829.png,chest_xray,1.0,True,1.0,1.0303811970313603e-10,
scripts\PredicciónImágenes\Normal\Normal-158.png,chest_xray,1.0,True,1.0,1.8584299030233176e-11,
scripts\PredicciónImágenes\Normal\Normal-2254.png,chest_xray,1.0,True,1.0,6.997429545518852e-12,
scripts\PredicciónImágenes\Normal\Normal-226.png,chest_xray,1.0,True,1.0,7.555638515018004e-13,
scripts\PredicciónImágenes\Normal\Normal-1265.png,chest_xray,1.0,True,1.0,5.01409913589157e-10,
scripts\PredicciónImágenes\Normal\Normal-2408.png,chest_xray,1.0,True,1.0,5.366128548456306e-12,
scripts\PredicciónImágenes\Normal\Normal-824.png,chest_xray,0.9999998807907104,True,0.9999998807907104,8.161327258449091e-08,
scripts\PredicciónImágenes\Normal\Normal-1206.png,chest_xray,1.0,True,1.0,9.644916159137762e-13,
scripts\PredicciónImágenes\Normal\Normal-1902.png,chest_xray,1.0,True,1.0,8.850500332613365e-10,
scripts\PredicciónImágenes\Normal\Normal-2693.png,chest_xray,1.0,True,1.0,3.525710567942042e-08,
scripts\PredicciónImágenes\Normal\Normal-2566.png,chest_xray,1.0,True,1.0,3.6987958269146803e-13,
scripts\PredicciónImágenes\Normal\Normal-1898.png,chest_xray,1.0,True,1.0,1.8543847568608385e-09,
scripts\PredicciónImágenes\Normal\Normal-1966.png,chest_xray,1.0,True,1.0,1.1631161311864702e-10,
scripts\PredicciónImágenes\Normal\Normal-649.png,chest_xray,1.0,True,1.0,2.7176265682271605e-09,
scripts\PredicciónImágenes\Normal\Normal-38.png,chest_xray,1.0,True,1.0,7.534261409203324e-11,
scripts\PredicciónImágenes\Normal\Normal-2318.png,chest_xray,1.0,True,1.0,1.3132462894915875e-09,
scripts\PredicciónImágenes\Normal\Normal-6.png,chest_xray,1.0,True,1.0,9.116978699763578e-11,
scripts\PredicciónImágenes\Normal\Normal-1472.png,chest_xray,1.0,True,1.0,3.1661566701757238e-09,
scripts\PredicciónImágenes\Normal\Normal-1573.png,chest_xray,1.0,True,1.0,4.5923976427220126e-12,
scripts\PredicciónImágenes\Normal\Normal-1024.png,chest_xray,1.0,True,1.0,9.756755819934071e-11,
scripts\PredicciónImágenes\Normal\Normal-1033.png,chest_xray,1.0,True,1.0,1.2885029848641594e-11,
scripts\PredicciónImágenes\Normal\Normal-1760.png,chest_xray,1.0,True,1.0,4.486626903332791e-10,
scripts\PredicciónImágenes\Normal\Normal-1295.png,chest_xray,1.0,True,1.0,4.4532402765362633e-10,
scripts\PredicciónImágenes\Normal\Normal-2905.png,chest_xray,1.0,True,1.0,9.512017562496311e-11,
scripts\PredicciónImágenes\Normal\Normal-1685.png,chest_xray,1.0,True,1.0,2.1996260368695175e-09,
scripts\PredicciónImágenes\Normal\Normal-1162.png,chest_xray,1.0,True,1.0,2.2269461275037372e-10,
scripts\PredicciónImágenes\Normal\Normal-34.png,chest_xray,1.0,True,1.0,5.57297263892309e-10,
scripts\PredicciónImágenes\Normal\Normal-682.png,chest_xray,1.0,True,1.0,4.192114710921402e-10,
scripts\PredicciónImágenes\Normal\Normal-968.png,chest_xray,1.0,True,1.0,1.967378733883085e-12,
scripts\PredicciónImágenes\Normal\Normal-819.png,chest_xray,1.0,True,1.0,6.131011930782249e-12,
scripts\PredicciónImágenes\Normal\Normal-2970.png,chest_xray,0.9999998807907104,True,0.9999998807907104,1.0950138573662116e-07,
scripts\PredicciónImágenes\Normal\Normal-2054.png,chest_xray,1.0,True,1.0,2.403341969881012e-10,
scripts\PredicciónImágenes\Normal\Normal-2138.png,chest_xray,1.0,True,1.0,7.931528323013026e-09,
scripts\PredicciónImágenes\Normal\Normal-1243.png,chest_xray,1.0,True,1.0,5.002566763612215e-11,
scripts\PredicciónImágenes\Normal\Normal-1281.png,chest_xray,1.0,True,1.0,2.3254481673617988e-10,
scripts\PredicciónImágenes\Normal\Normal-2554.png,chest_xray,1.0,True,1.0,2.919812612175998e-12,
scripts\PredicciónImágenes\Normal\Normal-607.png,chest_xray,1.0,True,1.0,1.361012648068427e-12,
scripts\PredicciónImágenes\Normal\Normal-2375.png,chest_xray,1.0,True,1.0,1.061148252601285e-10,
scripts\PredicciónImágenes\Normal\Normal-2229.png,chest_xray,1.0,True,1.0,1.12524217374399e-11,
scripts\PredicciónImágenes\Normal\Normal-1559.png,chest_xray,1.0,True,1.0,2.771881058016845e-10,
scripts\PredicciónImágenes\Normal\Normal-787.png,chest_xray,1.0,True,1.0,5.260055724320978e-10,
scripts\PredicciónImágenes\Normal\Normal-1224.png,chest_xray,0.9999130964279175,True,0.9999130964279175,8.689300011610612e-05,
scripts\PredicciónImágenes\Normal\Normal-1046.png,chest_xray,1.0,True,1.0,2.3399502821486173e-12,
scripts\PredicciónImágenes\Normal\Normal-1351.png,chest_xray,0.9999939203262329,True,0.9999939203262329,6.121540536696557e-06,
scripts\PredicciónImágenes\Normal\Normal-2999.png,chest_xray,1.0,True,1.0,1.0015295537346702e-10,
scripts\PredicciónImágenes\Normal\Normal-446.png,chest_xray,1.0,True,1.0,2.7816815691139585e-12,
scripts\PredicciónImágenes\Normal\Normal-171.png,chest_xray,1.0,True,1.0,1.4063562814303765e-10,
scripts\PredicciónImágenes\Normal\Normal-2380.png,chest_xray,1.0,True,1.0,1.9407650833636048e-11,
scripts\PredicciónImágenes\Normal\Normal-515.png,chest_xray,1.0,True,1.0,5.151491039301348e-11,
scripts\PredicciónImágenes\Normal\Normal-1623.png,chest_xray,1.0,True,1.0,2.0997026339841796e-09,
scripts\PredicciónImágenes\Normal\Normal-1939.png,chest_xray,1.0,True,1.0,9.754401062919693e-13,
scripts\PredicciónImágenes\Normal\Normal-127.png,chest_xray,1.0,True,1.0,1.1883299899650979e-10,
scripts\PredicciónImágenes\Normal\Normal-2046.png,chest_xray,1.0,True,1.0,4.1763086044976916e-12,
scripts\PredicciónImágenes\Normal\Normal-2654.png,chest_xray,1.0,True,1.0,4.531777730854003e-11,
scripts\PredicciónImágenes\Normal\Normal-2953.png,chest_xray,1.0,True,1.0,1.8847971794411222e-10,
scripts\PredicciónImágenes\Normal\Normal-371.png,chest_xray,1.0,True,1.0,7.774259014325935e-10,
scripts\PredicciónImágenes\Normal\Normal-2804.png,chest_xray,1.0,True,1.0,2.2985200982122977e-12,
scripts\PredicciónImágenes\Normal\Normal-433.png,chest_xray,1.0,True,1.0,7.27504168018811e-11,
scripts\PredicciónImágenes\Normal\Normal-1561.png,chest_xray,1.0,True,1.0,1.5457296553833544e-10,
scripts\PredicciónImágenes\Normal\Normal-300.png,chest_xray,1.0,True,1.0,1.4187936381304667e-09,
scripts\PredicciónImágenes\Normal\Normal-2386.png,chest_xray,1.0,True,1.0,2.8573058849512556e-11,
scripts\PredicciónImágenes\Normal\Normal-2018.png,chest_xray,1.0,True,1.0,1.4440303119922504e-10,
scripts\PredicciónImágenes\Normal\Normal-615.png,chest_xray,1.0,True,1.0,2.278234198516138e-11,
scripts\PredicciónImágenes\Normal\Normal-384.png,chest_xray,1.0,True,1.0,3.927853702012651e-12,
scripts\PredicciónImágenes\Normal\Normal-1309.png,chest_xray,1.0,True,1.0,2.0699628677789406e-09,
scripts\PredicciónImágenes\Normal\Normal-1712.png,chest_xray,0.9999998807907104,True,0.9999998807907104,6.355381287903583e-08,
scripts\PredicciónImágenes\Normal\Normal-1247.png,chest_xray,1.0,True,1.0,2.601090696996433e-11,
scripts\PredicciónImágenes\Normal\Normal-1388.png,chest_xray,1.0,True,1.0,1.535179969258671e-12,
scripts\PredicciónImágenes\Normal\Normal-1675.png,chest_xray,1.0,True,1.0,1.5975462064332646e-09,
scripts\PredicciónImágenes\Normal\Normal-1372.png,chest_xray,1.0,True,1.0,1.6708485706118381e-09,
scripts\PredicciónImágenes\Normal\Normal-717.png,chest_xray,1.0,True,1.0,1.695765194931198e-10,
scripts\PredicciónImágenes\Normal\Normal-1525.png,chest_xray,1.0,True,1.0,2.1150681206449917e-10,
scripts\PredicciónImágenes\Normal\Normal-821.png,chest_xray,1.0,True,1.0,9.126521760549622e-09,
scripts\PredicciónImágenes\Normal\Normal-2672.png,chest_xray,1.0,True,1.0,2.1648373371707663e-10,
scripts\PredicciónImágenes\Normal\Normal-401.png,chest_xray,1.0,True,1.0,4.715391632714727e-09,
scripts\PredicciónImágenes\Normal\Normal-1350.png,chest_xray,1.0,True,1.0,4.038013955327824e-13,
scripts\PredicciónImágenes\Normal\Normal-2489.png,chest_xray,1.0,True,1.0,7.811435959875768e-13,
scripts\PredicciónImágenes\Normal\Normal-1628.png,chest_xray,1.0,True,1.0,1.5052299684459314e-10,
scripts\PredicciónImágenes\Normal\Normal-1590.png,chest_xray,1.0,True,1.0,2.9923396659831125e-12,
scripts\PredicciónImágenes\Normal\Normal-1900.png,chest_xray,1.0,True,1.0,1.1393402714332534e-11,
scripts\PredicciónImágenes\Normal\Normal-2061.png,chest_xray,0.9999992847442627,True,0.9999992847442627,6.846738074273162e-07,
scripts\PredicciónImágenes\Normal\Normal-2802.png,chest_xray,1.0,True,1.0,1.696329491804316e-12,
scripts\PredicciónImágenes\Normal\Normal-2169.png,chest_xray,1.0,True,1.0,2.219618377985455e-10,
scripts\PredicciónImágenes\Normal\Normal-2038.png,chest_xray,1.0,True,1.0,4.707207779119926e-08,
scripts\PredicciónImágenes\Normal\Normal-234.png,chest_xray,1.0,True,1.0,5.303262828881827e-10,
scripts\PredicciónImágenes\Normal\Normal-1357.png,chest_xray,1.0,True,1.0,7.619119224422377e-11,
scripts\PredicciónImágenes\Normal\Normal-2487.png,chest_xray,1.0,True,1.0,6.107371830488262e-10,
scripts\PredicciónImágenes\Normal\Normal-2829.png,chest_xray,1.0,True,1.0,9.350032033339506e-12,
scripts\PredicciónImágenes\Normal\Normal-1223.png,chest_xray,0.9999113082885742,True,0.9999113082885742,8.874085324350744e-05,
scripts\PredicciónImágenes\Normal\Normal-29.png,chest_xray,1.0,True,1.0,1.2550882555473208e-10,
scripts\PredicciónImágenes\Normal\Normal-2841.png,chest_xray,1.0,True,1.0,5.919284506994416e-11,
scripts\PredicciónImágenes\Normal\Normal-440.png,chest_xray,1.0,True,1.0,2.3386231839950256e-10,
scripts\PredicciónImágenes\Normal\Normal-100.png,chest_xray,1.0,True,1.0,1.9296308995109257e-09,
scripts\PredicciónImágenes\Normal\Normal-57.png,chest_xray,1.0,True,1.0,1.4581510998645797e-10,
scripts\PredicciónImágenes\Normal\Normal-1821.png,chest_xray,1.0,True,1.0,1.2525861424472762e-11,
scripts\PredicciónImágenes\Normal\Normal-385.png,chest_xray,1.0,True,1.0,1.950315020593507e-09,
scripts\PredicciónImágenes\Normal\Normal-1126.png,chest_xray,1.0,True,1.0,1.1858722004376432e-08,
scripts\PredicciónImágenes\Normal\Normal-2129.png,chest_xray,1.0,True,1.0,5.447816243259185e-12,
scripts\PredicciónImágenes\Normal\Normal-2289.png,chest_xray,1.0,True,1.0,1.7222329118382618e-10,
scripts\PredicciónImágenes\Normal\Normal-987.png,chest_xray,0.9999978542327881,True,0.9999978542327881,2.126645313182962e-06,
scripts\PredicciónImágenes\Normal\Normal-86.png,chest_xray,1.0,True,1.0,1.6620180232074233e-10,
scripts\PredicciónImágenes\Normal\Normal-2526.png,chest_xray,1.0,True,1.0,1.6526223098334292e-11,
scripts\PredicciónImágenes\Normal\Normal-1653.png,chest_xray,1.0,True,1.0,1.8992583061816504e-09,
scripts\PredicciónImágenes\Normal\Normal-917.png,chest_xray,1.0,True,1.0,5.690525273216451e-10,
scripts\PredicciónImágenes\Normal\Normal-442.png,chest_xray,1.0,True,1.0,2.3851552243686625e-12,
scripts\PredicciónImágenes\Normal\Normal-1587.png,chest_xray,1.0,True,1.0,2.529148979135698e-08,
scripts\PredicciónImágenes\Normal\Normal-1044.png,chest_xray,1.0,True,1.0,4.230157890638964e-12,
scripts\PredicciónImágenes\Normal\Normal-1921.png,chest_xray,1.0,True,1.0,1.813865391220304e-09,
scripts\PredicciónImágenes\Normal\Normal-687.png,chest_xray,1.0,True,1.0,1.196307775064298e-10,
scripts\PredicciónImágenes\Normal\Normal-2144.png,chest_xray,1.0,True,1.0,8.606009238576462e-10,
scripts\PredicciónImágenes\Normal\Normal-1556.png,chest_xray,1.0,True,1.0,2.675784127690456e-13,
scripts\PredicciónImágenes\Normal\Normal-1630.png,chest_xray,1.0,True,1.0,1.092612545577909e-11,
scripts\PredicciónImágenes\Normal\Normal-1352.png,chest_xray,1.0,True,1.0,1.2340337640637244e-09,
scripts\PredicciónImágenes\Normal\Normal-111.png,chest_xray,1.0,True,1.0,3.3217716577382816e-08,
scripts\PredicciónImágenes\Normal\Normal-2761.png,chest_xray,1.0,True,1.0,2.262315118226055e-12,
scripts\PredicciónImágenes\Normal\Normal-2938.png,chest_xray,1.0,True,1.0,1.068297228457027e-09,
scripts\PredicciónImágenes\Normal\Normal-929.png,chest_xray,1.0,True,1.0,1.2835505228125932e-11,
scripts\PredicciónImágenes\Normal\Normal-551.png,chest_xray,1.0,True,1.0,2.3012597383242905e-10,
scripts\PredicciónImágenes\Normal\Normal-2343.png,chest_xray,1.0,True,1.0,6.54670706534688e-10,
scripts\PredicciónImágenes\Normal\Normal-1074.png,chest_xray,1.0,True,1.0,1.039287433890479e-09,
scripts\PredicciónImágenes\Normal\Normal-483.png,chest_xray,1.0,True,1.0,7.382280897694216e-11,
scripts\PredicciónImágenes\Normal\Normal-369.png,chest_xray,1.0,True,1.0,5.845908201962402e-10,
scripts\PredicciónImágenes\Normal\Normal-2972.png,chest_xray,1.0,True,1.0,1.856268205813194e-08,
scripts\PredicciónImágenes\Normal\Normal-2700.png,chest_xray,1.0,True,1.0,1.158407592072308e-09,
scripts\PredicciónImágenes\Normal\Normal-1291.png,chest_xray,1.0,True,1.0,5.277730336095132e-11,
scripts\PredicciónImágenes\Normal\Normal-2450.png,chest_xray,1.0,True,1.0,2.2848910263828515e-12,
scripts\PredicciónImágenes\Normal\Normal-190.png,chest_xray,1.0,True,1.0,1.0131376640409862e-11,
scripts\PredicciónImágenes\Normal\Normal-1387.png,chest_xray,1.0,True,1.0,7.317092244607526e-12,
scripts\PredicciónImágenes\Normal\Normal-1709.png,chest_xray,1.0,True,1.0,6.173120348229588e-10,
scripts\PredicciónImágenes\Normal\Normal-721.png,chest_xray,1.0,True,1.0,2.24015879631001e-12,
scripts\PredicciónImágenes\Normal\Normal-538.png,chest_xray,1.0,True,1.0,1.6256120061175494e-10,
scripts\PredicciónImágenes\Normal\Normal-2708.png,chest_xray,1.0,True,1.0,3.527052261365071e-10,
scripts\PredicciónImágenes\Normal\Normal-911.png,chest_xray,1.0,True,1.0,7.992774736335917e-13,
scripts\PredicciónImágenes\Normal\Normal-1952.png,chest_xray,1.0,True,1.0,1.6649687184511208e-10,
scripts\PredicciónImágenes\Normal\Normal-678.png,chest_xray,1.0,True,1.0,3.749158622445847e-11,
scripts\PredicciónImágenes\Normal\Normal-2573.png,chest_xray,1.0,True,1.0,5.1859266880782684e-11,
scripts\PredicciónImágenes\Normal\Normal-494.png,chest_xray,1.0,True,1.0,2.5433202766045326e-10,
scripts\PredicciónImágenes\Normal\Normal-1319.png,chest_xray,0.9999984502792358,True,0.9999984502792358,1.5037214780022623e-06,
scripts\PredicciónImágenes\Normal\Normal-997.png,chest_xray,0.9999998807907104,True,0.9999998807907104,1.7164965981919522e-07,
scripts\PredicciónImágenes\Normal\Normal-806.png,chest_xray,1.0,True,1.0,1.3179422830855714e-11,
scripts\PredicciónImágenes\Normal\Normal-372.png,chest_xray,1.0,True,1.0,1.2730282106243607e-10,
scripts\PredicciónImágenes\Normal\Normal-534.png,chest_xray,1.0,True,1.0,6.8688286170015544e-09,
scripts\PredicciónImágenes\Normal\Normal-1536.png,chest_xray,1.0,True,1.0,3.7895558219203096e-11,
scripts\PredicciónImágenes\Normal\Normal-1776.png,chest_xray,1.0,True,1.0,5.112303913534788e-09,
scripts\PredicciónImágenes\Normal\Normal-1600.png,chest_xray,1.0,True,1.0,3.8409379843340474e-11,
scripts\PredicciónImágenes\Normal\Normal-2794.png,chest_xray,1.0,True,1.0,2.2448190528656653e-10,
scripts\PredicciónImágenes\Normal\Normal-1117.png,chest_xray,1.0,True,1.0,3.749534016606049e-09,
scripts\PredicciónImágenes\Normal\Normal-1014.png,chest_xray,1.0,True,1.0,3.626815514579107e-11,
scripts\PredicciónImágenes\Normal\Normal-1177.png,chest_xray,1.0,True,1.0,1.5123365884259221e-12,
scripts\PredicciónImágenes\Normal\Normal-1015.png,chest_xray,1.0,True,1.0,3.0204820866686077e-09,
scripts\PredicciónImágenes\Normal\Normal-2478.png,chest_xray,1.0,True,1.0,4.3330842386390955e-12,
scripts\PredicciónImágenes\Normal\Normal-2235.png,chest_xray,1.0,True,1.0,3.0743319001658165e-10,
scripts\PredicciónImágenes\Normal\Normal-1733.png,chest_xray,1.0,True,1.0,1.1222676954414368e-10,
scripts\PredicciónImágenes\Normal\Normal-69.png,chest_xray,1.0,True,1.0,3.844663476471055e-10,
scripts\PredicciónImágenes\Normal\Normal-2592.png,chest_xray,1.0,True,1.0,9.634247843948174e-10,
scripts\PredicciónImágenes\Normal\Normal-1651.png,chest_xray,1.0,True,1.0,4.656448560069748e-09,
scripts\PredicciónImágenes\Normal\Normal-2072.png,chest_xray,1.0,True,1.0,2.7727270479616095e-10,
scripts\PredicciónImágenes\Normal\Normal-2460.png,chest_xray,1.0,True,1.0,5.859351670522983e-09,
scripts\PredicciónImágenes\Normal\Normal-477.png,chest_xray,1.0,True,1.0,7.614847641335132e-11,
scripts\PredicciónImágenes\Normal\Normal-2019.png,chest_xray,1.0,True,1.0,2.1817901652010363e-11,
scripts\PredicciónImágenes\Normal\Normal-555.png,chest_xray,1.0,True,1.0,3.848182883459117e-11,
scripts\PredicciónImágenes\Normal\Normal-2792.png,chest_xray,1.0,True,1.0,2.101891143774237e-12,
scripts\PredicciónImágenes\Normal\Normal-2185.png,chest_xray,0.9999998807907104,True,0.9999998807907104,7.073879970675989e-08,
scripts\PredicciónImágenes\Normal\Normal-1649.png,chest_xray,1.0,True,1.0,1.0038982978244348e-08,
scripts\PredicciónImágenes\Normal\Normal-694.png,chest_xray,1.0,True,1.0,3.4486635769326313e-09,
scripts\PredicciónImágenes\Normal\Normal-2892.png,chest_xray,1.0,True,1.0,3.5008045073947613e-11,
scripts\PredicciónImágenes\Normal\Normal-2655.png,chest_xray,1.0,True,1.0,1.1838403521369223e-12,
scripts\PredicciónImágenes\Normal\Normal-481.png,chest_xray,1.0,True,1.0,7.44892428988786e-12,
scripts\PredicciónImágenes\Normal\Normal-2578.png,chest_xray,1.0,True,1.0,4.0748502350140825e-09,
scripts\PredicciónImágenes\Normal\Normal-1620.png,chest_xray,1.0,True,1.0,2.4045984647891316e-10,
scripts\PredicciónImágenes\Normal\Normal-2021.png,chest_xray,1.0,True,1.0,1.0872040073772737e-10,
scripts\PredicciónImágenes\Normal\Normal-2490.png,chest_xray,0.9999992847442627,True,0.9999992847442627,6.902208156134293e-07,
scripts\PredicciónImágenes\Normal\Normal-1578.png,chest_xray,1.0,True,1.0,3.589316691088307e-11,
scripts\PredicciónImágenes\Normal\Normal-825.png,chest_xray,1.0,True,1.0,2.1767483648904573e-11,
scripts\PredicciónImágenes\Normal\Normal-397.png,chest_xray,1.0,True,1.0,3.750097454791046e-10,
scripts\PredicciónImágenes\Normal\Normal-2394.png,chest_xray,1.0,True,1.0,4.560465782788015e-09,
scripts\PredicciónImágenes\Normal\Normal-1115.png,chest_xray,1.0,True,1.0,1.8774096166573884e-10,
scripts\PredicciónImágenes\Normal\Normal-2197.png,chest_xray,1.0,True,1.0,5.718758105954791e-11,
scripts\PredicciónImágenes\Normal\Normal-1773.png,chest_xray,1.0,True,1.0,1.5568948040500796e-12,
scripts\PredicciónImágenes\Normal\Normal-1901.png,chest_xray,1.0,True,1.0,2.4797836006840157e-10,
scripts\PredicciónImágenes\Normal\Normal-2173.png,chest_xray,1.0,True,1.0,1.7125664775186067e-10,
scripts\PredicciónImágenes\Normal\Normal-147.png,chest_xray,1.0,True,1.0,1.8528969591286026e-12,
scripts\PredicciónImágenes\Normal\Normal-1027.png,chest_xray,1.0,True,1.0,2.119883379947396e-09,
scripts\PredicciónImágenes\Normal\Normal-1263.png,chest_xray,1.0,True,1.0,1.2554707273793042e-11,
scripts\PredicciónImágenes\Normal\Normal-1892.png,chest_xray,1.0,True,1.0,2.654418351788479e-10,
scripts\PredicciónImágenes\Normal\Normal-1094.png,chest_xray,1.0,True,1.0,6.367156151279585e-14,
scripts\PredicciónImágenes\Normal\Normal-2712.png,chest_xray,1.0,True,1.0,1.4566159042828097e-11,
scripts\PredicciónImágenes\Normal\Normal-173.png,chest_xray,1.0,True,1.0,1.25852639420998e-09,
scripts\PredicciónImágenes\Normal\Normal-2007.png,chest_xray,1.0,True,1.0,7.162068271782118e-09,
scripts\PredicciónImágenes\Normal\Normal-2251.png,chest_xray,1.0,True,1.0,1.0495139479704818e-10,
scripts\PredicciónImágenes\Normal\Normal-1543.png,chest_xray,1.0,True,1.0,8.343262886123526e-11,
scripts\PredicciónImágenes\Normal\Normal-1376.png,chest_xray,1.0,True,1.0,4.1758269064828824e-10,
scripts\PredicciónImágenes\Normal\Normal-2623.png,chest_xray,1.0,True,1.0,6.410168229553648e-11,
scripts\PredicciónImágenes\Normal\Normal-1923.png,chest_xray,1.0,True,1.0,8.027678521926873e-11,
scripts\PredicciónImágenes\Normal\Normal-805.png,chest_xray,1.0,True,1.0,2.3842480767477525e-10,
scripts\PredicciónImágenes\Normal\Normal-1208.png,chest_xray,1.0,True,1.0,1.3181944424900394e-10,
scripts\PredicciónImágenes\Normal\Normal-1063.png,chest_xray,1.0,True,1.0,4.6910225703911124e-11,
scripts\PredicciónImágenes\Normal\Normal-2819.png,chest_xray,1.0,True,1.0,4.481134213696336e-11,
scripts\PredicciónImágenes\Normal\Normal-325.png,chest_xray,1.0,True,1.0,1.8431500770077491e-09,
scripts\PredicciónImágenes\Normal\Normal-1519.png,chest_xray,1.0,True,1.0,2.731478064565973e-11,
scripts\PredicciónImágenes\Normal\Normal-1528.png,chest_xray,1.0,True,1.0,6.032394722632617e-11,
scripts\PredicciónImágenes\Normal\Normal-266.png,chest_xray,1.0,True,1.0,2.13033063412027e-11,
scripts\PredicciónImágenes\Normal\Normal-991.png,chest_xray,1.0,True,1.0,3.129672562773855e-11,
scripts\PredicciónImágenes\Normal\Normal-2358.png,chest_xray,1.0,True,1.0,8.490522174220416e-11,
scripts\PredicciónImágenes\Normal\Normal-1031.png,chest_xray,1.0,True,1.0,4.383243767946965e-11,
scripts\PredicciónImágenes\Normal\Normal-1568.png,chest_xray,1.0,True,1.0,1.0596394595108194e-10,
scripts\PredicciónImágenes\Normal\Normal-1152.png,chest_xray,0.9999998807907104,True,0.9999998807907104,7.285938607992648e-08,
scripts\PredicciónImágenes\Normal\Normal-2208.png,chest_xray,1.0,True,1.0,3.133925757792255e-11,
scripts\PredicciónImágenes\Normal\Normal-1429.png,chest_xray,1.0,True,1.0,3.2763846746775016e-08,
scripts\PredicciónImágenes\Normal\Normal-1807.png,chest_xray,1.0,True,1.0,3.764015765739259e-09,
scripts\PredicciónImágenes\Normal\Normal-165.png,chest_xray,1.0,True,1.0,1.6175288664044274e-08,
scripts\PredicciónImágenes\Normal\Normal-1580.png,chest_xray,1.0,True,1.0,4.235246528483394e-11,
scripts\PredicciónImágenes\Normal\Normal-2278.png,chest_xray,1.0,True,1.0,1.3653457531237478e-10,
scripts\PredicciónImágenes\Normal\Normal-2045.png,chest_xray,1.0,True,1.0,7.043523403416074e-11,
scripts\PredicciónImágenes\Normal\Normal-2126.png,chest_xray,1.0,True,1.0,7.339016061536086e-10,
scripts\PredicciónImágenes\Normal\Normal-322.png,chest_xray,1.0,True,1.0,1.8993154271562673e-10,
scripts\PredicciónImágenes\Normal\Normal-2193.png,chest_xray,1.0,True,1.0,1.8903378862233922e-10,
scripts\PredicciónImágenes\Normal\Normal-795.png,chest_xray,1.0,True,1.0,1.8934484535826357e-10,
scripts\PredicciónImágenes\Normal\Normal-1218.png,chest_xray,1.0,True,1.0,2.192052650507037e-10,
scripts\PredicciónImágenes\Normal\Normal-1305.png,chest_xray,1.0,True,1.0,1.2704164387145056e-09,
scripts\PredicciónImágenes\Normal\Normal-2402.png,chest_xray,1.0,True,1.0,9.644290574484238e-13,
scripts\PredicciónImágenes\Normal\Normal-1537.png,chest_xray,1.0,True,1.0,8.648171068159627e-09,
scripts\PredicciónImágenes\Normal\Normal-1025.png,chest_xray,1.0,True,1.0,1.4610938847692267e-10,
scripts\PredicciónImágenes\Normal\Normal-367.png,chest_xray,1.0,True,1.0,1.6835564192740904e-11,
scripts\PredicciónImágenes\Normal\Normal-2890.png,chest_xray,1.0,True,1.0,6.667965068984927e-10,
scripts\PredicciónImágenes\Normal\Normal-1979.png,chest_xray,1.0,True,1.0,1.7975360089295123e-10,
scripts\PredicciónImágenes\Normal\Normal-1569.png,chest_xray,1.0,True,1.0,4.673453898179636e-12,
scripts\PredicciónImágenes\Normal\Normal-1184.png,chest_xray,1.0,True,1.0,1.8557821024247495e-13,
scripts\PredicciónImágenes\Normal\Normal-2048.png,chest_xray,0.9995754361152649,True,0.9995754361152649,0.00042452567140571773,
scripts\PredicciónImágenes\Normal\Normal-1703.png,chest_xray,1.0,True,1.0,6.385375561634987e-10,
scripts\PredicciónImágenes\Normal\Normal-894.png,chest_xray,1.0,True,1.0,3.202631909671183e-11,
scripts\PredicciónImágenes\Normal\Normal-74.png,chest_xray,1.0,True,1.0,1.3122032974099973e-11,
scripts\PredicciónImágenes\Normal\Normal-1484.png,chest_xray,1.0,True,1.0,2.41948475143694e-11,
scripts\PredicciónImágenes\Normal\Normal-2101.png,chest_xray,1.0,True,1.0,4.240027440260974e-09,
scripts\PredicciónImágenes\Normal\Normal-576.png,chest_xray,1.0,True,1.0,5.964909989553124e-12,
scripts\PredicciónImágenes\Normal\Normal-2535.png,chest_xray,1.0,True,1.0,6.411387479948738e-12,
scripts\PredicciónImágenes\Normal\Normal-1788.png,chest_xray,0.9999997615814209,True,0.9999997615814209,2.0097215269743174e-07,
scripts\PredicciónImágenes\Normal\Normal-1655.png,chest_xray,1.0,True,1.0,8.174878551869824e-09,
scripts\PredicciónImágenes\Normal\Normal-560.png,chest_xray,1.0,True,1.0,3.2626852608519386e-11,
scripts\PredicciónImágenes\Normal\Normal-2935.png,chest_xray,1.0,True,1.0,5.907692113282792e-10,
scripts\PredicciónImágenes\Normal\Normal-1724.png,chest_xray,1.0,True,1.0,2.8747809254631163e-12,
scripts\PredicciónImágenes\Normal\Normal-326.png,chest_xray,1.0,True,1.0,6.190591095300846e-11,
scripts\PredicciónImágenes\Normal\Normal-989.png,chest_xray,1.0,True,1.0,2.1335226987884148e-11,
scripts\PredicciónImágenes\Normal\Normal-250.png,chest_xray,1.0,True,1.0,1.6287511703932944e-12,
scripts\PredicciónImágenes\Normal\Normal-585.png,chest_xray,1.0,True,1.0,1.732081322813883e-08,
scripts\PredicciónImágenes\Normal\Normal-2230.png,chest_xray,1.0,True,1.0,3.0689417673812613e-10,
scripts\PredicciónImágenes\Normal\Normal-233.png,chest_xray,1.0,True,1.0,8.841444021356892e-09,
scripts\PredicciónImágenes\Normal\Normal-1403.png,chest_xray,1.0,True,1.0,6.234195798482389e-11,
scripts\PredicciónImágenes\Normal\Normal-2335.png,chest_xray,1.0,True,1.0,5.64600477481747e-10,
scripts\PredicciónImágenes\Normal\Normal-1520.png,chest_xray,1.0,True,1.0,3.3127142695654754e-10,
scripts\PredicciónImágenes\Normal\Normal-2610.png,chest_xray,1.0,True,1.0,5.186406859536419e-09,
scripts\PredicciónImágenes\Normal\Normal-1123.png,chest_xray,1.0,True,1.0,1.2752774836144454e-08,
scripts\PredicciónImágenes\Normal\Normal-2483.png,chest_xray,1.0,True,1.0,2.907741755708848e-12,
scripts\PredicciónImágenes\Normal\Normal-2645.png,chest_xray,1.0,True,1.0,1.640122926360732e-09,
scripts\PredicciónImágenes\Normal\Normal-1167.png,chest_xray,1.0,True,1.0,2.3211409183598875e-10,
scripts\PredicciónImágenes\Normal\Normal-1912.png,chest_xray,1.0,True,1.0,2.1419015866497304e-11,
scripts\PredicciónImágenes\Normal\Normal-1023.png,chest_xray,1.0,True,1.0,2.8862062739776206e-10,
scripts\PredicciónImágenes\Normal\Normal-1764.png,chest_xray,1.0,True,1.0,4.028123321009325e-12,
scripts\PredicciónImágenes\Normal\Normal-2279.png,chest_xray,1.0,True,1.0,4.926905106117374e-08,
scripts\PredicciónImágenes\Normal\Normal-382.png,chest_xray,1.0,True,1.0,1.7839309890410604e-11,
scripts\PredicciónImágenes\Normal\Normal-880.png,chest_xray,1.0,True,1.0,7.414624469959108e-11,
scripts\PredicciónImágenes\Normal\Normal-1293.png,chest_xray,1.0,True,1.0,1.8659572498247456e-10,
scripts\PredicciónImágenes\Normal\Normal-144.png,chest_xray,1.0,True,1.0,1.0830144073215031e-11,
scripts\PredicciónImágenes\Normal\Normal-2076.png,chest_xray,1.0,True,1.0,4.416467885848263e-11,
scripts\PredicciónImágenes\Normal\Normal-93.png,chest_xray,1.0,True,1.0,1.5637524261591373e-11,
scripts\PredicciónImágenes\Normal\Normal-764.png,chest_xray,1.0,True,1.0,1.0091108504362012e-11,
scripts\PredicciónImágenes\Normal\Normal-2325.png,chest_xray,1.0,True,1.0,2.0312342086103996e-10,
scripts\PredicciónImágenes\Normal\Normal-2300.png,chest_xray,1.0,True,1.0,1.6052288387413682e-08,
scripts\PredicciónImágenes\Normal\Normal-393.png,chest_xray,1.0,True,1.0,1.394444826274821e-08,
scripts\PredicciónImágenes\Normal\Normal-249.png,chest_xray,1.0,True,1.0,3.852593355446743e-09,
scripts\PredicciónImágenes\Normal\Normal-2670.png,chest_xray,1.0,True,1.0,1.1461062654483101e-10,
scripts\PredicciónImágenes\Normal\Normal-353.png,chest_xray,1.0,True,1.0,1.593462097297313e-13,
scripts\PredicciónImágenes\Normal\Normal-2781.png,chest_xray,1.0,True,1.0,1.0344269441020515e-08,
scripts\PredicciónImágenes\Normal\Normal-816.png,chest_xray,0.9999969005584717,True,0.9999969005584717,3.153011221002089e-06,
scripts\PredicciónImágenes\Normal\Normal-924.png,chest_xray,1.0,True,1.0,5.858837415217977e-09,
scripts\PredicciónImágenes\Normal\Normal-656.png,chest_xray,1.0,True,1.0,7.864294215842449e-10,
scripts\PredicciónImágenes\Normal\Normal-286.png,chest_xray,1.0,True,1.0,1.3868218573520608e-08,
scripts\PredicciónImágenes\Normal\Normal-1333.png,chest_xray,1.0,True,1.0,1.2838047069863023e-08,
scripts\PredicciónImágenes\Normal\Normal-1302.png,chest_xray,1.0,True,1.0,2.659222286816032e-10,
scripts\PredicciónImágenes\Normal\Normal-2089.png,chest_xray,1.0,True,1.0,5.431739502625987e-10,
scripts\PredicciónImágenes\Normal\Normal-2653.png,chest_xray,1.0,True,1.0,4.129931119312147e-11,
scripts\PredicciónImágenes\Normal\Normal-691.png,chest_xray,1.0,True,1.0,1.4770287770637935e-10,
scripts\PredicciónImágenes\Normal\Normal-1797.png,chest_xray,1.0,True,1.0,4.9278214842019e-10,
scripts\PredicciónImágenes\Normal\Normal-1443.png,chest_xray,1.0,True,1.0,4.132212350071995e-09,
scripts\PredicciónImágenes\Normal\Normal-1164.png,chest_xray,1.0,True,1.0,3.442562901412316e-10,
scripts\PredicciónImágenes\Normal\Normal-2437.png,chest_xray,1.0,True,1.0,4.1542248807591164e-11,
scripts\PredicciónImágenes\Normal\Normal-2016.png,chest_xray,1.0,True,1.0,1.763690027356546e-10,
scripts\PredicciónImágenes\Normal\Normal-553.png,chest_xray,1.0,True,1.0,3.0743519709164335e-12,
scripts\PredicciónImágenes\Normal\Normal-2198.png,chest_xray,1.0,True,1.0,3.546223037442786e-10,
scripts\PredicciónImágenes\Normal\Normal-1541.png,chest_xray,1.0,True,1.0,8.887360292142432e-10,
scripts\PredicciónImágenes\Normal\Normal-487.png,chest_xray,1.0,True,1.0,2.8345943647867244e-11,
scripts\PredicciónImágenes\Normal\Normal-2837.png,chest_xray,1.0,True,1.0,7.122663570058307e-11,
scripts\PredicciónImágenes\Normal\Normal-485.png,chest_xray,1.0,True,1.0,1.8680343938370925e-09,
scripts\PredicciónImágenes\Normal\Normal-2264.png,chest_xray,1.0,True,1.0,3.447055488270401e-11,
scripts\PredicciónImágenes\Normal\Normal-578.png,chest_xray,0.9999998807907104,True,0.9999998807907104,1.0955988472005629e-07,
scripts\PredicciónImágenes\Normal\Normal-436.png,chest_xray,1.0,True,1.0,2.685726814555256e-11,
scripts\PredicciónImágenes\Normal\Normal-1642.png,chest_xray,1.0,True,1.0,3.731537301376875e-11,
scripts\PredicciónImágenes\Normal\Normal-1251.png,chest_xray,1.0,True,1.0,1.630225121562745e-11,
scripts\PredicciónImágenes\Normal\Normal-2281.png,chest_xray,1.0,True,1.0,3.2446385855866566e-11,
scripts\PredicciónImágenes\Normal\Normal-1435.png,chest_xray,1.0,True,1.0,5.5906747981060434e-11,
scripts\PredicciónImágenes\Normal\Normal-2087.png,chest_xray,1.0,True,1.0,1.5364520419836047e-11,
scripts\PredicciónImágenes\Normal\Normal-2963.png,chest_xray,1.0,True,1.0,1.6250284104457613e-11,
scripts\PredicciónImágenes\Normal\Normal-2868.png,chest_xray,1.0,True,1.0,6.590877583284582e-12,
scripts\PredicciónImágenes\Normal\Normal-920.png,chest_xray,1.0,True,1.0,6.674670816053663e-10,
scripts\PredicciónImágenes\Normal\Normal-2822.png,chest_xray,1.0,True,1.0,1.9205670040434164e-11,
scripts\PredicciónImágenes\Normal\Normal-1273.png,chest_xray,1.0,True,1.0,9.969972764034551e-11,
scripts\PredicciónImágenes\Normal\Normal-261.png,chest_xray,1.0,True,1.0,3.954660383886921e-12,
scripts\PredicciónImágenes\Normal\Normal-2639.png,chest_xray,1.0,True,1.0,3.1997850549747575e-12,
scripts\PredicciónImágenes\Normal\Normal-368.png,chest_xray,1.0,True,1.0,2.1933928198020203e-12,
scripts\PredicciónImágenes\Normal\Normal-242.png,chest_xray,1.0,True,1.0,1.1544789375785708e-13,
scripts\PredicciónImágenes\Normal\Normal-16.png,chest_xray,1.0,True,1.0,4.5160950534750555e-09,
scripts\PredicciónImágenes\Normal\Normal-1614.png,chest_xray,1.0,True,1.0,2.8664818782497825e-11,
scripts\PredicciónImágenes\Normal\Normal-959.png,chest_xray,1.0,True,1.0,9.197426154017307e-11,
scripts\PredicciónImágenes\Normal\Normal-963.png,chest_xray,1.0,True,1.0,6.076226327644818e-12,
scripts\PredicciónImágenes\Normal\Normal-662.png,chest_xray,1.0,True,1.0,2.794013978513199e-11,
scripts\PredicciónImágenes\Normal\Normal-2619.png,chest_xray,1.0,True,1.0,2.138220989156281e-10,
scripts\PredicciónImágenes\Normal\Normal-2104.png,chest_xray,1.0,True,1.0,3.699361997289152e-12,
scripts\PredicciónImágenes\Normal\Normal-2871.png,chest_xray,1.0,True,1.0,1.588750109249304e-08,
scripts\PredicciónImágenes\Normal\Normal-832.png,chest_xray,1.0,True,1.0,6.4736636190554364e-12,
scripts\PredicciónImágenes\Normal\Normal-982.png,chest_xray,1.0,True,1.0,5.490866428203844e-09,
scripts\PredicciónImágenes\Normal\Normal-1784.png,chest_xray,1.0,True,1.0,1.7855600331628807e-09,
scripts\PredicciónImágenes\Normal\Normal-705.png,chest_xray,1.0,True,1.0,3.529461445328508e-10,
scripts\PredicciónImágenes\Normal\Normal-2227.png,chest_xray,1.0,True,1.0,1.936122234758031e-10,
scripts\PredicciónImágenes\Normal\Normal-2652.png,chest_xray,1.0,True,1.0,1.0233128233672062e-10,
scripts\PredicciónImágenes\Normal\Normal-1629.png,chest_xray,1.0,True,1.0,5.448553934417344e-12,
scripts\PredicciónImágenes\Normal\Normal-270.png,chest_xray,1.0,True,1.0,3.665172765981994e-12,
scripts\PredicciónImágenes\Normal\Normal-2942.png,chest_xray,1.0,True,1.0,7.143210467575045e-10,
scripts\PredicciónImágenes\Normal\Normal-2152.png,chest_xray,1.0,True,1.0,1.0655825111172135e-09,
scripts\PredicciónImágenes\Normal\Normal-2921.png,chest_xray,1.0,True,1.0,5.7779305645544454e-11,
scripts\PredicciónImágenes\Normal\Normal-1052.png,chest_xray,1.0,True,1.0,4.900132036245175e-11,
scripts\PredicciónImágenes\Normal\Normal-1513.png,chest_xray,1.0,True,1.0,7.90914764237094e-11,
scripts\PredicciónImágenes\Normal\Normal-2980.png,chest_xray,1.0,True,1.0,2.8418187802969896e-09,
scripts\PredicciónImágenes\Normal\Normal-33.png,chest_xray,1.0,True,1.0,1.3953906086161538e-10,
scripts\PredicciónImágenes\Normal\Normal-2096.png,chest_xray,1.0,True,1.0,2.541311432124882e-11,
scripts\PredicciónImágenes\Normal\Normal-1479.png,chest_xray,1.0,True,1.0,1.9453086710918832e-11,
scripts\PredicciónImágenes\Normal\Normal-1183.png,chest_xray,1.0,True,1.0,2.1610500888780138e-10,
scripts\PredicciónImágenes\Normal\Normal-2537.png,chest_xray,1.0,True,1.0,2.2735655580419234e-09,
scripts\PredicciónImágenes\Normal\Normal-2710.png,chest_xray,1.0,True,1.0,7.662344370107377e-11,
scripts\PredicciónImágenes\Normal\Normal-2988.png,chest_xray,1.0,True,1.0,1.3045234892317126e-09,
scripts\PredicciónImágenes\Normal\Normal-755.png,chest_xray,1.0,True,1.0,6.352379039453737e-11,
scripts\PredicciónImágenes\Normal\Normal-2390.png,chest_xray,1.0,True,1.0,2.035278022505249e-11,
scripts\PredicciónImágenes\Normal\Normal-267.png,chest_xray,1.0,True,1.0,5.498047329910438e-12,
scripts\PredicciónImágenes\Normal\Normal-572.png,chest_xray,1.0,True,1.0,8.395225432802217e-14,
scripts\PredicciónImágenes\Normal\Normal-2810.png,chest_xray,1.0,True,1.0,4.999504976677116e-11,
scripts\PredicciónImágenes\Normal\Normal-1998.png,chest_xray,1.0,True,1.0,9.636398345946873e-10,
scripts\PredicciónImágenes\Normal\Normal-2950.png,chest_xray,1.0,True,1.0,4.827181362965227e-11,
scripts\PredicciónImágenes\Normal\Normal-1060.png,chest_xray,1.0,True,1.0,8.749094781990152e-09,
scripts\PredicciónImágenes\Normal\Normal-2011.png,chest_xray,1.0,True,1.0,4.104585560327223e-09,
scripts\PredicciónImágenes\Normal\Normal-1154.png,chest_xray,1.0,True,1.0,1.8471391083352273e-11,
scripts\PredicciónImágenes\Normal\Normal-2562.png,chest_xray,1.0,True,1.0,1.8732453088698975e-11,
scripts\PredicciónImágenes\Normal\Normal-666.png,chest_xray,1.0,True,1.0,4.923252777677689e-11,
scripts\PredicciónImágenes\Normal\Normal-301.png,chest_xray,1.0,True,1.0,1.630683088560403e-10,
scripts\PredicciónImágenes\Normal\Normal-2433.png,chest_xray,1.0,True,1.0,2.2803904597967772e-11,
scripts\PredicciónImágenes\Normal\Normal-1585.png,chest_xray,1.0,True,1.0,7.205853969072251e-11,
scripts\PredicciónImágenes\Normal\Normal-724.png,chest_xray,1.0,True,1.0,5.458576368688739e-10,
scripts\PredicciónImágenes\Normal\Normal-82.png,chest_xray,1.0,True,1.0,2.918778413407708e-11,
scripts\PredicciónImágenes\Normal\Normal-2936.png,chest_xray,1.0,True,1.0,1.6107346359484076e-11,
scripts\PredicciónImágenes\Normal\Normal-851.png,chest_xray,1.0,True,1.0,1.4301190440213496e-11,
scripts\PredicciónImágenes\Normal\Normal-1389.png,chest_xray,1.0,True,1.0,5.774647426903812e-11,
scripts\PredicciónImágenes\Normal\Normal-893.png,chest_xray,1.0,True,1.0,2.2092871976298056e-10,
scripts\PredicciónImágenes\Normal\Normal-2452.png,chest_xray,1.0,True,1.0,6.043058414784142e-11,
scripts\PredicciónImágenes\Normal\Normal-427.png,chest_xray,1.0,True,1.0,1.2665085646901275e-10,
scripts\PredicciónImágenes\Normal\Normal-539.png,chest_xray,1.0,True,1.0,3.3035824076321774e-11,
scripts\PredicciónImágenes\Normal\Normal-1523.png,chest_xray,1.0,True,1.0,3.44418027431459e-09,
scripts\PredicciónImágenes\Normal\Normal-2974.png,chest_xray,1.0,True,1.0,2.542111313119655e-11,
scripts\PredicciónImágenes\Normal\Normal-862.png,chest_xray,1.0,True,1.0,3.9803309953567734e-11,
scripts\PredicciónImágenes\Normal\Normal-1035.png,chest_xray,1.0,True,1.0,2.4183116446863107e-12,
scripts\PredicciónImágenes\Normal\Normal-2886.png,chest_xray,1.0,True,1.0,4.956250410081964e-10,
scripts\PredicciónImágenes\Normal\Normal-11.png,chest_xray,1.0,True,1.0,2.708786250860129e-10,
scripts\PredicciónImágenes\Normal\Normal-1494.png,chest_xray,1.0,True,1.0,6.888324577403182e-09,
scripts\PredicciónImágenes\Normal\Normal-152.png,chest_xray,1.0,True,1.0,6.209278646807093e-10,
scripts\PredicciónImágenes\Normal\Normal-2078.png,chest_xray,1.0,True,1.0,7.00632746264418e-11,
scripts\PredicciónImágenes\Normal\Normal-1150.png,chest_xray,1.0,True,1.0,5.950183488284688e-12,
scripts\PredicciónImágenes\Normal\Normal-2589.png,chest_xray,1.0,True,1.0,2.516511304895275e-13,
scripts\PredicciónImágenes\Normal\Normal-695.png,chest_xray,1.0,True,1.0,4.233780881435223e-09,
scripts\PredicciónImágenes\Normal\Normal-2873.png,chest_xray,1.0,True,1.0,1.833778615067949e-11,
scripts\PredicciónImágenes\Normal\Normal-2336.png,chest_xray,1.0,True,1.0,2.4522471164800663e-08,
scripts\PredicciónImágenes\Normal\Normal-1105.png,chest_xray,1.0,True,1.0,7.464878324855984e-13,
scripts\PredicciónImágenes\Normal\Normal-129.png,chest_xray,1.0,True,1.0,1.2412985569976165e-11,
scripts\PredicciónImágenes\Normal\Normal-2066.png,chest_xray,1.0,True,1.0,1.0515823767320853e-09,
scripts\PredicciónImágenes\Normal\Normal-2522.png,chest_xray,1.0,True,1.0,1.1865497473451114e-10,
scripts\PredicciónImágenes\Normal\Normal-417.png,chest_xray,0.9999970197677612,True,0.9999970197677612,2.9419218208204256e-06,
scripts\PredicciónImágenes\Normal\Normal-1947.png,chest_xray,1.0,True,1.0,1.5483128017537706e-12,
scripts\PredicciónImágenes\Normal\Normal-2536.png,chest_xray,1.0,True,1.0,1.2072408177299376e-11,
scripts\PredicciónImágenes\Normal\Normal-60.png,chest_xray,1.0,True,1.0,2.8794678641475002e-08,
scripts\PredicciónImágenes\Normal\Normal-2943.png,chest_xray,1.0,True,1.0,2.434286713176581e-12,
scripts\PredicciónImágenes\Normal\Normal-95.png,chest_xray,1.0,True,1.0,3.1020893319355647e-12,
scripts\PredicciónImágenes\Normal\Normal-422.png,chest_xray,1.0,True,1.0,2.1586607501511423e-10,
scripts\PredicciónImágenes\Normal\Normal-119.png,chest_xray,1.0,True,1.0,1.690444659252499e-12,
scripts\PredicciónImágenes\Normal\Normal-2211.png,chest_xray,1.0,True,1.0,6.005802626052326e-12,
scripts\PredicciónImágenes\Normal\Normal-15.png,chest_xray,1.0,True,1.0,1.4884031507289563e-10,
scripts\PredicciónImágenes\Normal\Normal-1296.png,chest_xray,1.0,True,1.0,3.947188687014602e-10,
scripts\PredicciónImágenes\Normal\Normal-2912.png,chest_xray,1.0,True,1.0,7.639291421668304e-10,
scripts\PredicciónImágenes\Normal\Normal-1695.png,chest_xray,1.0,True,1.0,1.4710971329989775e-09,
scripts\PredicciónImágenes\Normal\Normal-644.png,chest_xray,1.0,True,1.0,1.7795709350565403e-11,
scripts\PredicciónImágenes\Normal\Normal-2075.png,chest_xray,1.0,True,1.0,1.5810030368212935e-11,
scripts\PredicciónImágenes\Normal\Normal-949.png,chest_xray,1.0,True,1.0,1.961498186098254e-10,
scripts\PredicciónImágenes\Normal\Normal-2538.png,chest_xray,1.0,True,1.0,1.764389884195694e-10,
scripts\PredicciónImágenes\Normal\Normal-2449.png,chest_xray,1.0,True,1.0,5.069724196005154e-09,
scripts\PredicciónImágenes\Normal\Normal-1506.png,chest_xray,1.0,True,1.0,3.998961162210435e-10,
scripts\PredicciónImágenes\Normal\Normal-271.png,chest_xray,0.9999986886978149,True,0.9999986886978149,1.3232802302809432e-06,
scripts\PredicciónImágenes\Normal\Normal-2962.png,chest_xray,1.0,True,1.0,3.5809126497365895e-11,
scripts\PredicciónImágenes\Normal\Normal-1861.png,chest_xray,1.0,True,1.0,1.1016393960255888e-12,
scripts\PredicciónImágenes\Normal\Normal-2951.png,chest_xray,1.0,True,1.0,5.536040514897422e-10,
scripts\PredicciónImágenes\Normal\Normal-2368.png,chest_xray,1.0,True,1.0,9.619939567162561e-11,
scripts\PredicciónImágenes\Normal\Normal-2428.png,chest_xray,1.0,True,1.0,8.852543142978675e-10,
scripts\PredicciónImágenes\Normal\Normal-1617.png,chest_xray,1.0,True,1.0,9.96533411345979e-11,
scripts\PredicciónImágenes\Normal\Normal-2028.png,chest_xray,1.0,True,1.0,6.08730221784981e-09,
scripts\PredicciónImágenes\Normal\Normal-149.png,chest_xray,1.0,True,1.0,2.3672270740848766e-11,
scripts\PredicciónImágenes\Normal\Normal-1817.png,chest_xray,1.0,True,1.0,3.827656941401969e-11,
scripts\PredicciónImágenes\Normal\Normal-2321.png,chest_xray,1.0,True,1.0,9.668934489864833e-13,
scripts\PredicciónImágenes\Normal\Normal-1698.png,chest_xray,1.0,True,1.0,1.3117678818175271e-11,
scripts\PredicciónImágenes\Normal\Normal-2855.png,chest_xray,1.0,True,1.0,7.213037675826706e-13,
scripts\PredicciónImágenes\Normal\Normal-2709.png,chest_xray,1.0,True,1.0,6.917946215878601e-10,
scripts\PredicciónImágenes\Normal\Normal-1727.png,chest_xray,1.0,True,1.0,2.3114226088694068e-09,
scripts\PredicciónImágenes\Normal\Normal-2984.png,chest_xray,1.0,True,1.0,1.1348080808382122e-10,
scripts\PredicciónImágenes\Normal\Normal-2237.png,chest_xray,1.0,True,1.0,5.287261600761539e-11,
scripts\PredicciónImágenes\Normal\Normal-1663.png,chest_xray,1.0,True,1.0,3.243110294204321e-11,
scripts\PredicciónImágenes\Normal\Normal-1163.png,chest_xray,1.0,True,1.0,1.0258753846414947e-09,
scripts\PredicciónImágenes\Normal\Normal-2557.png,chest_xray,1.0,True,1.0,2.3328458305729716e-13,
scripts\PredicciónImágenes\Normal\Normal-746.png,chest_xray,1.0,True,1.0,5.473464459448962e-10,
scripts\PredicciónImágenes\Normal\Normal-1943.png,chest_xray,1.0,True,1.0,1.853450171118709e-10,
scripts\PredicciónImágenes\Normal\Normal-2925.png,chest_xray,1.0,True,1.0,4.68242068382696e-12,
scripts\PredicciónImágenes\Normal\Normal-2475.png,chest_xray,1.0,True,1.0,1.838519570959707e-12,
scripts\PredicciónImágenes\Normal\Normal-1787.png,chest_xray,1.0,True,1.0,2.987025123774023e-12,
scripts\PredicciónImágenes\Normal\Normal-1331.png,chest_xray,1.0,True,1.0,5.32673372077852e-09,
scripts\PredicciónImágenes\Normal\Normal-2701.png,chest_xray,1.0,True,1.0,1.4108572088389337e-09,
scripts\PredicciónImágenes\Normal\Normal-2849.png,chest_xray,0.9999997615814209,True,0.9999997615814209,2.1818065931711317e-07,
scripts\PredicciónImágenes\Normal\Normal-1142.png,chest_xray,1.0,True,1.0,1.0409820791826285e-12,
scripts\PredicciónImágenes\Normal\Normal-78.png,chest_xray,1.0,True,1.0,1.0001460109317767e-13,
scripts\PredicciónImágenes\Normal\Normal-458.png,chest_xray,1.0,True,1.0,8.316158872645474e-11,
scripts\PredicciónImágenes\Normal\Normal-583.png,chest_xray,1.0,True,1.0,6.774879268700573e-11,
scripts\PredicciónImágenes\Normal\Normal-1001.png,chest_xray,1.0,True,1.0,5.365345945307354e-10,
scripts\PredicciónImágenes\Normal\Normal-1356.png,chest_xray,1.0,True,1.0,4.333057912475624e-09,
scripts\PredicciónImágenes\Normal\Normal-2797.png,chest_xray,1.0,True,1.0,7.116959799269296e-11,
scripts\PredicciónImágenes\Normal\Normal-2403.png,chest_xray,1.0,True,1.0,4.1366951530896756e-11,
scripts\PredicciónImágenes\Normal\Normal-780.png,chest_xray,1.0,True,1.0,7.000336183123068e-13,
scripts\PredicciónImágenes\Normal\Normal-510.png,chest_xray,0.9999759197235107,True,0.9999759197235107,2.4127863071043976e-05,
scripts\PredicciónImágenes\Normal\Normal-2431.png,chest_xray,1.0,True,1.0,6.956045114914211e-12,
scripts\PredicciónImágenes\Normal\Normal-2160.png,chest_xray,1.0,True,1.0,2.377398972130962e-11,
scripts\PredicciónImágenes\Normal\Normal-1756.png,chest_xray,1.0,True,1.0,1.881109712442708e-09,
scripts\PredicciónImágenes\Normal\Normal-2530.png,chest_xray,0.9999995231628418,True,0.9999995231628418,4.7500395794486394e-07,
scripts\PredicciónImágenes\Normal\Normal-669.png,chest_xray,1.0,True,1.0,6.888081077738306e-11,
scripts\PredicciónImágenes\Normal\Normal-151.png,chest_xray,1.0,True,1.0,1.5208881029571408e-11,
scripts\PredicciónImágenes\Normal\Normal-2178.png,chest_xray,1.0,True,1.0,4.619514948518699e-13,
scripts\PredicciónImágenes\Normal\Normal-1417.png,chest_xray,1.0,True,1.0,3.4367072989510694e-12,
scripts\PredicciónImágenes\Normal\Normal-977.png,chest_xray,1.0,True,1.0,9.623669638969545e-10,
scripts\PredicciónImágenes\Normal\Normal-1491.png,chest_xray,1.0,True,1.0,3.895072198806249e-12,
scripts\PredicciónImágenes\Normal\Normal-2276.png,chest_xray,1.0,True,1.0,9.363485098390356e-09,
scripts\PredicciónImágenes\Normal\Normal-1572.png,chest_xray,1.0,True,1.0,2.3096938250866117e-10,
scripts\PredicciónImágenes\Normal\Normal-1158.png,chest_xray,1.0,True,1.0,1.363606623450142e-11,
scripts\PredicciónImágenes\Normal\Normal-448.png,chest_xray,1.0,True,1.0,8.736850687363074e-10,
scripts\PredicciónImágenes\Normal\Normal-910.png,chest_xray,1.0,True,1.0,6.362443211171964e-11,
scripts\PredicciónImágenes\Normal\Normal-398.png,chest_xray,1.0,True,1.0,1.0632238362298652e-12,
scripts\PredicciónImágenes\Normal\Normal-342.png,chest_xray,1.0,True,1.0,2.743636429158869e-09,
scripts\PredicciónImágenes\Normal\Normal-268.png,chest_xray,1.0,True,1.0,1.0895367941188283e-11,
scripts\PredicciónImágenes\Normal\Normal-665.png,chest_xray,0.9999998807907104,True,0.9999998807907104,1.2952754957495927e-07,
scripts\PredicciónImágenes\Normal\Normal-909.png,chest_xray,1.0,True,1.0,2.4146993432561104e-11,
scripts\PredicciónImágenes\Normal\Normal-1073.png,chest_xray,1.0,True,1.0,3.448286656215771e-10,
scripts\PredicciónImágenes\Normal\Normal-1645.png,chest_xray,1.0,True,1.0,1.0994988773604941e-11,
scripts\PredicciónImágenes\Normal\Normal-608.png,chest_xray,1.0,True,1.0,4.931318686729469e-10,
scripts\PredicciónImágenes\Normal\Normal-2808.png,chest_xray,1.0,True,1.0,1.4287769101520298e-12,
scripts\PredicciónImágenes\Normal\Normal-1692.png,chest_xray,1.0,True,1.0,3.282790217440379e-08,
scripts\PredicciónImágenes\Normal\Normal-1397.png,chest_xray,1.0,True,1.0,3.984079288699149e-09,
scripts\PredicciónImágenes\Normal\Normal-798.png,chest_xray,1.0,True,1.0,2.0790308363771715e-10,
scripts\PredicciónImágenes\Normal\Normal-361.png,chest_xray,1.0,True,1.0,2.703535485759634e-11,
scripts\PredicciónImágenes\Normal\Normal-1501.png,chest_xray,1.0,True,1.0,1.9350848701193968e-10,
scripts\PredicciónImágenes\Normal\Normal-1775.png,chest_xray,1.0,True,1.0,2.6836836572452505e-11,
scripts\PredicciónImágenes\Normal\Normal-2852.png,chest_xray,1.0,True,1.0,2.4673214582549008e-08,
scripts\PredicciónImágenes\Normal\Normal-2331.png,chest_xray,1.0,True,1.0,7.592360984701174e-13,
scripts\PredicciónImágenes\Normal\Normal-1172.png,chest_xray,1.0,True,1.0,2.7822454409798247e-11,
scripts\PredicciónImágenes\Normal\Normal-2854.png,chest_xray,1.0,True,1.0,2.106853233541095e-11,
scripts\PredicciónImágenes\Normal\Normal-599.png,chest_xray,1.0,True,1.0,1.031776108995075e-09,
scripts\PredicciónImágenes\Normal\Normal-1231.png,chest_xray,1.0,True,1.0,3.991689270788079e-11,
scripts\PredicciónImágenes\Normal\Normal-1641.png,chest_xray,1.0,True,1.0,3.485601807184935e-10,
scripts\PredicciónImágenes\Normal\Normal-2059.png,chest_xray,1.0,True,1.0,1.2911598873399655e-11,
scripts\PredicciónImágenes\Normal\Normal-456.png,chest_xray,1.0,True,1.0,8.706963969262738e-12,
scripts\PredicciónImágenes\Normal\Normal-426.png,chest_xray,1.0,True,1.0,1.2274748995011464e-09,
scripts\PredicciónImágenes\Normal\Normal-496.png,chest_xray,1.0,True,1.0,3.951947796787536e-11,
scripts\PredicciónImágenes\Normal\Normal-1220.png,chest_xray,1.0,True,1.0,3.1300235292519574e-08,
scripts\PredicciónImágenes\Normal\Normal-1068.png,chest_xray,1.0,True,1.0,1.1838364490091013e-11,
scripts\PredicciónImágenes\Normal\Normal-2309.png,chest_xray,1.0,True,1.0,5.754762888443565e-09,
scripts\PredicciónImágenes\Normal\Normal-1213.png,chest_xray,1.0,True,1.0,2.102775592538464e-10,
scripts\PredicciónImágenes\Normal\Normal-2488.png,chest_xray,1.0,True,1.0,1.1564532664820604e-10,
scripts\PredicciónImágenes\Normal\Normal-2978.png,chest_xray,1.0,True,1.0,3.25880600282602e-10,
scripts\PredicciónImágenes\Normal\Normal-1310.png,chest_xray,1.0,True,1.0,8.173435539493568e-11,
scripts\PredicciónImágenes\Normal\Normal-525.png,chest_xray,1.0,True,1.0,5.640775846416091e-09,
scripts\PredicciónImágenes\Normal\Normal-2547.png,chest_xray,1.0,True,1.0,7.2391875480248835e-12,
scripts\PredicciónImágenes\Normal\Normal-1018.png,chest_xray,1.0,True,1.0,9.48974579473294e-11,
scripts\PredicciónImágenes\Normal\Normal-2918.png,chest_xray,1.0,True,1.0,3.1661248622860683e-10,
scripts\PredicciónImágenes\Normal\Normal-2987.png,chest_xray,1.0,True,1.0,3.541930637673829e-10,
scripts\PredicciónImágenes\Normal\Normal-235.png,chest_xray,1.0,True,1.0,3.28262750315389e-08,
scripts\PredicciónImágenes\Normal\Normal-441.png,chest_xray,1.0,True,1.0,2.6166968591923023e-10,
scripts\PredicciónImágenes\Normal\Normal-1280.png,chest_xray,1.0,True,1.0,1.7251285469588318e-11,
scripts\PredicciónImágenes\Normal\Normal-2541.png,chest_xray,1.0,True,1.0,3.151942706836053e-09,
scripts\PredicciónImágenes\Normal\Normal-1488.png,chest_xray,1.0,True,1.0,3.5572789158777596e-10,
scripts\PredicciónImágenes\Normal\Normal-2869.png,chest_xray,1.0,True,1.0,2.5211827292537237e-08,
scripts\PredicciónImágenes\Normal\Normal-1370.png,chest_xray,1.0,True,1.0,1.0558797759741e-12,
scripts\PredicciónImágenes\Normal\Normal-2885.png,chest_xray,1.0,True,1.0,1.122301904188383e-10,
scripts\PredicciónImágenes\Normal\Normal-904.png,chest_xray,1.0,True,1.0,1.7604040447594116e-09,
scripts\PredicciónImágenes\Normal\Normal-140.png,chest_xray,1.0,True,1.0,1.2885067457446553e-09,
scripts\PredicciónImágenes\Normal\Normal-2365.png,chest_xray,1.0,True,1.0,1.1929348134320783e-11,
scripts\PredicciónImágenes\Normal\Normal-2376.png,chest_xray,1.0,True,1.0,7.489658893078399e-11,
scripts\PredicciónImágenes\Normal\Normal-984.png,chest_xray,1.0,True,1.0,3.3458708893763234e-12,
scripts\PredicciónImágenes\Normal\Normal-1895.png,chest_xray,1.0,True,1.0,1.030138085944543e-09,
scripts\PredicciónImágenes\Normal\Normal-1468.png,chest_xray,1.0,True,1.0,2.409832611238727e-10,
scripts\PredicciónImágenes\Normal\Normal-2507.png,chest_xray,1.0,True,1.0,5.293192099908861e-12,
scripts\PredicciónImágenes\Normal\Normal-2315.png,chest_xray,1.0,True,1.0,8.427063734328666e-12,
scripts\PredicciónImágenes\Normal\Normal-2844.png,chest_xray,1.0,True,1.0,4.164243949666968e-11,
scripts\PredicciónImágenes\Normal\Normal-164.png,chest_xray,1.0,True,1.0,2.1193718655054816e-11,
scripts\PredicciónImágenes\Normal\Normal-2569.png,chest_xray,1.0,True,1.0,6.762968006793213e-13,
scripts\PredicciónImágenes\Normal\Normal-2498.png,chest_xray,1.0,True,1.0,1.3044930413652622e-10,
scripts\PredicciónImágenes\Normal\Normal-938.png,chest_xray,1.0,True,1.0,4.1079983859049207e-10,
scripts\PredicciónImágenes\Normal\Normal-958.png,chest_xray,1.0,True,1.0,2.927039253336483e-12,
scripts\PredicciónImágenes\Normal\Normal-2097.png,chest_xray,1.0,True,1.0,1.6704279071078076e-09,
scripts\PredicciónImágenes\Normal\Normal-55.png,chest_xray,1.0,True,1.0,1.2605294585910087e-10,
scripts\PredicciónImágenes\Normal\Normal-1485.png,chest_xray,1.0,True,1.0,3.3790277433748406e-12,
scripts\PredicciónImágenes\Normal\Normal-2834.png,chest_xray,1.0,True,1.0,1.138459548855053e-09,
scripts\PredicciónImágenes\Normal\Normal-2222.png,chest_xray,1.0,True,1.0,4.3938241933716427e-11,
scripts\PredicciónImágenes\Normal\Normal-1791.png,chest_xray,1.0,True,1.0,1.6547419684487252e-11,
scripts\PredicciónImágenes\Normal\Normal-1002.png,chest_xray,0.9999982118606567,True,0.9999982118606567,1.7996103451878298e-06,
scripts\PredicciónImágenes\Normal\Normal-2647.png,chest_xray,1.0,True,1.0,1.3110575125541146e-11,
scripts\PredicciónImágenes\Normal\Normal-356.png,chest_xray,1.0,True,1.0,9.853541051672854e-14,
scripts\PredicciónImágenes\Normal\Normal-1195.png,chest_xray,1.0,True,1.0,1.2530653181741513e-09,
scripts\PredicciónImágenes\Normal\Normal-2773.png,chest_xray,1.0,True,1.0,7.770466670282972e-13,
scripts\PredicciónImágenes\Normal\Normal-2426.png,chest_xray,0.9999973773956299,True,0.9999973773956299,2.634666998346802e-06,
scripts\PredicciónImágenes\Normal\Normal-362.png,chest_xray,1.0,True,1.0,2.3588808684138485e-10,
scripts\PredicciónImágenes\Normal\Normal-1999.png,chest_xray,1.0,True,1.0,1.153232925821257e-10,
scripts\PredicciónImágenes\Normal\Normal-2262.png,chest_xray,1.0,True,1.0,2.3487873104799384e-11,
scripts\PredicciónImágenes\Normal\Normal-524.png,chest_xray,1.0,True,1.0,3.815144311580809e-10,
scripts\PredicciónImágenes\Normal\Normal-1632.png,chest_xray,1.0,True,1.0,9.793789113032858e-10,
scripts\PredicciónImágenes\Normal\Normal-1884.png,chest_xray,1.0,True,1.0,5.9583150045783295e-12,
scripts\PredicciónImágenes\Normal\Normal-1412.png,chest_xray,1.0,True,1.0,8.318280092511898e-12,
scripts\PredicciónImágenes\Normal\Normal-833.png,chest_xray,1.0,True,1.0,4.455957131055399e-11,
scripts\PredicciónImágenes\Normal\Normal-2042.png,chest_xray,1.0,True,1.0,1.1107833541856849e-09,
scripts\PredicciónImágenes\Normal\Normal-719.png,chest_xray,1.0,True,1.0,2.1878004963227227e-10,
scripts\PredicciónImágenes\Normal\Normal-1127.png,chest_xray,1.0,True,1.0,2.729819481572804e-09,
scripts\PredicciónImágenes\Normal\Normal-2691.png,chest_xray,1.0,True,1.0,2.042927242304482e-12,
scripts\PredicciónImágenes\Normal\Normal-383.png,chest_xray,1.0,True,1.0,7.819646596907148e-10,
scripts\PredicciónImágenes\Normal\Normal-886.png,chest_xray,1.0,True,1.0,7.544395663749981e-12,
scripts\PredicciónImágenes\Normal\Normal-1480.png,chest_xray,1.0,True,1.0,4.84285875290702e-11,
scripts\PredicciónImágenes\Normal\Normal-2179.png,chest_xray,1.0,True,1.0,8.211954727332937e-11,
scripts\PredicciónImágenes\Normal\Normal-1717.png,chest_xray,1.0,True,1.0,5.399939176364832e-12,
scripts\PredicciónImágenes\Normal\Normal-588.png,chest_xray,1.0,True,1.0,1.9290992414600083e-11,
scripts\PredicciónImágenes\Normal\Normal-1474.png,chest_xray,1.0,True,1.0,8.644509996713623e-09,
scripts\PredicciónImágenes\Normal\Normal-2286.png,chest_xray,0.9999998807907104,True,0.9999998807907104,7.450643835227311e-08,
scripts\PredicciónImágenes\Normal\Normal-1140.png,chest_xray,1.0,True,1.0,1.0212011791743691e-10,
scripts\PredicciónImágenes\Normal\Normal-1735.png,chest_xray,1.0,True,1.0,1.018198747537724e-09,
scripts\PredicciónImágenes\Normal\Normal-1805.png,chest_xray,1.0,True,1.0,2.4143622212591254e-08,
scripts\PredicciónImágenes\Normal\Normal-2204.png,chest_xray,1.0,True,1.0,7.950756719665719e-11,
scripts\PredicciónImágenes\Normal\Normal-2598.png,chest_xray,1.0,True,1.0,6.6458401282165624e-12,
scripts\PredicciónImágenes\Normal\Normal-277.png,chest_xray,1.0,True,1.0,2.74690097057384e-11,
scripts\PredicciónImágenes\Normal\Normal-1093.png,chest_xray,1.0,True,1.0,9.835933066290603e-13,
scripts\PredicciónImágenes\Normal\Normal-2241.png,chest_xray,0.9999997615814209,True,0.9999997615814209,2.4164404521798133e-07,
scripts\PredicciónImágenes\Normal\Normal-1110.png,chest_xray,1.0,True,1.0,2.6926014196071435e-10,
scripts\PredicciónImágenes\Normal\Normal-1545.png,chest_xray,1.0,True,1.0,4.767818584383576e-09,
scripts\PredicciónImágenes\Normal\Normal-2496.png,chest_xray,1.0,True,1.0,9.608079887257759e-10,
scripts\PredicciónImágenes\Normal\Normal-2633.png,chest_xray,1.0,True,1.0,1.08208528942777e-11,
scripts\PredicciónImágenes\Normal\Normal-359.png,chest_xray,1.0,True,1.0,2.049507585866195e-08,
scripts\PredicciónImágenes\Normal\Normal-2494.png,chest_xray,1.0,True,1.0,1.1661021037667751e-09,
scripts\PredicciónImágenes\Normal\Normal-2587.png,chest_xray,1.0,True,1.0,2.083819561349287e-09,
scripts\PredicciónImágenes\Normal\Normal-2605.png,chest_xray,1.0,True,1.0,4.511456312694673e-12,
scripts\PredicciónImágenes\Normal\Normal-506.png,chest_xray,1.0,True,1.0,3.1682920176301366e-11,
scripts\PredicciónImágenes\Normal\Normal-1636.png,chest_xray,1.0,True,1.0,1.3166321366497868e-09,
scripts\PredicciónImágenes\Normal\Normal-172.png,chest_xray,1.0,True,1.0,1.2093986923034095e-10,
scripts\PredicciónImágenes\Normal\Normal-2749.png,chest_xray,1.0,True,1.0,1.0282608792211434e-10,
scripts\PredicciónImágenes\Normal\Normal-622.png,chest_xray,1.0,True,1.0,7.982906002901302e-12,
scripts\PredicciónImágenes\Normal\Normal-2245.png,chest_xray,1.0,True,1.0,9.879526363665292e-11,
scripts\PredicciónImágenes\Normal\Normal-2659.png,chest_xray,1.0,True,1.0,3.651649295444148e-12,
scripts\PredicciónImágenes\Normal\Normal-2934.png,chest_xray,1.0,True,1.0,3.3340728181757706e-12,
scripts\PredicciónImágenes\Normal\Normal-1854.png,chest_xray,1.0,True,1.0,1.5847656520406872e-10,
scripts\PredicciónImágenes\Normal\Normal-1095.png,chest_xray,1.0,True,1.0,1.2147244148053016e-11,
scripts\PredicciónImágenes\Normal\Normal-2527.png,chest_xray,1.0,True,1.0,3.156353650668464e-12,
scripts\PredicciónImágenes\Normal\Normal-785.png,chest_xray,0.9999929666519165,True,0.9999929666519165,6.998109256528551e-06,
scripts\PredicciónImágenes\Normal\Normal-221.png,chest_xray,1.0,True,1.0,3.9232003756772826e-10,
scripts\PredicciónImágenes\Normal\Normal-2625.png,chest_xray,1.0,True,1.0,5.0119410843763035e-09,
scripts\PredicciónImágenes\Normal\Normal-770.png,chest_xray,1.0,True,1.0,5.2677517459187584e-08,
scripts\PredicciónImágenes\Normal\Normal-1852.png,chest_xray,1.0,True,1.0,4.965007138063582e-12,
scripts\PredicciónImágenes\Normal\Normal-914.png,chest_xray,0.9999998807907104,True,0.9999998807907104,9.950228729849186e-08,
scripts\PredicciónImágenes\Normal\Normal-474.png,chest_xray,1.0,True,1.0,3.985035079701049e-10,
scripts\PredicciónImágenes\Normal\Normal-2291.png,chest_xray,1.0,True,1.0,1.42461831220686e-09,
scripts\PredicciónImágenes\Normal\Normal-2439.png,chest_xray,1.0,True,1.0,2.86132117999216e-10,
scripts\PredicciónImágenes\Normal\Normal-1704.png,chest_xray,1.0,True,1.0,4.112571172498747e-09,
scripts\PredicciónImágenes\Normal\Normal-1955.png,chest_xray,1.0,True,1.0,2.070498772432927e-10,
scripts\PredicciónImágenes\Normal\Normal-2329.png,chest_xray,1.0,True,1.0,2.334368050423141e-13,
scripts\PredicciónImágenes\Normal\Normal-586.png,chest_xray,1.0,True,1.0,4.70258797180545e-11,
scripts\PredicciónImágenes\Normal\Normal-163.png,chest_xray,1.0,True,1.0,1.8566381765339202e-10,
scripts\PredicciónImágenes\Normal\Normal-1329.png,chest_xray,1.0,True,1.0,5.065255992420248e-10,
scripts\PredicciónImágenes\Normal\Normal-908.png,chest_xray,1.0,True,1.0,4.6140929618743165e-12,
scripts\PredicciónImágenes\Normal\Normal-464.png,chest_xray,1.0,True,1.0,1.1105583119785933e-10,
scripts\PredicciónImágenes\Normal\Normal-2663.png,chest_xray,1.0,True,1.0,3.87809619487034e-12,
scripts\PredicciónImágenes\Normal\Normal-2319.png,chest_xray,1.0,True,1.0,9.099697106940141e-10,
scripts\PredicciónImágenes\Normal\Normal-996.png,chest_xray,1.0,True,1.0,1.5362352015491076e-11,
scripts\PredicciónImágenes\Normal\Normal-727.png,chest_xray,1.0,True,1.0,3.6780620216170234e-10,
scripts\PredicciónImágenes\Normal\Normal-1077.png,chest_xray,1.0,True,1.0,1.923821812965798e-08,
scripts\PredicciónImágenes\Normal\Normal-1338.png,chest_xray,1.0,True,1.0,4.705897183043817e-08,
scripts\PredicciónImágenes\Normal\Normal-1870.png,chest_xray,1.0,True,1.0,2.9989950522946174e-09,
scripts\PredicciónImágenes\Normal\Normal-535.png,chest_xray,1.0,True,1.0,1.8517983590982112e-08,
scripts\PredicciónImágenes\Normal\Normal-745.png,chest_xray,1.0,True,1.0,1.4079921039841792e-12,
scripts\PredicciónImágenes\Normal\Normal-760.png,chest_xray,1.0,True,1.0,4.657240738892288e-12,
scripts\PredicciónImágenes\Normal\Normal-2780.png,chest_xray,1.0,True,1.0,2.089317607811836e-11,
scripts\PredicciónImágenes\Normal\Normal-1748.png,chest_xray,1.0,True,1.0,1.616294988474043e-12,
scripts\PredicciónImágenes\Normal\Normal-2306.png,chest_xray,1.0,True,1.0,1.917365294312745e-10,
scripts\PredicciónImágenes\Normal\Normal-2314.png,chest_xray,1.0,True,1.0,1.0672157602087395e-09,
scripts\PredicciónImágenes\Normal\Normal-1019.png,chest_xray,1.0,True,1.0,3.9985549593613e-11,
scripts\PredicciónImágenes\Normal\Normal-355.png,chest_xray,1.0,True,1.0,8.847250189403244e-12,
scripts\PredicciónImágenes\Normal\Normal-252.png,chest_xray,1.0,True,1.0,8.93276563829204e-11,
scripts\PredicciónImágenes\Normal\Normal-812.png,chest_xray,1.0,True,1.0,1.3853961311482976e-09,
scripts\PredicciónImágenes\Normal\Normal-1470.png,chest_xray,1.0,True,1.0,2.6057782667732177e-11,
scripts\PredicciónImágenes\Normal\Normal-206.png,chest_xray,1.0,True,1.0,2.8859983292051083e-09,
scripts\PredicciónImágenes\Normal\Normal-1469.png,chest_xray,1.0,True,1.0,2.9343985574747933e-10,
scripts\PredicciónImágenes\Normal\Normal-37.png,chest_xray,1.0,True,1.0,3.335394627157484e-09,
scripts\PredicciónImágenes\Normal\Normal-1055.png,chest_xray,1.0,True,1.0,3.9161013841437775e-12,
scripts\PredicciónImágenes\Normal\Normal-1106.png,chest_xray,1.0,True,1.0,8.464984789513519e-12,
scripts\PredicciónImágenes\Normal\Normal-396.png,chest_xray,1.0,True,1.0,1.5532651553851196e-11,
scripts\PredicciónImágenes\Normal\Normal-1881.png,chest_xray,1.0,True,1.0,8.283673746944942e-11,
scripts\PredicciónImágenes\Normal\Normal-2975.png,chest_xray,1.0,True,1.0,2.4600459447299272e-09,
scripts\PredicciónImágenes\Normal\Normal-947.png,chest_xray,1.0,True,1.0,7.719962689944904e-12,
scripts\PredicciónImágenes\Normal\Normal-2904.png,chest_xray,1.0,True,1.0,1.4983503326959635e-09,
scripts\PredicciónImágenes\Normal\Normal-1229.png,chest_xray,1.0,True,1.0,6.840346344905157e-11,
scripts\PredicciónImágenes\Normal\Normal-2613.png,chest_xray,1.0,True,1.0,5.6778918372524245e-11,
scripts\PredicciónImágenes\Normal\Normal-2379.png,chest_xray,1.0,True,1.0,2.9398029149918514e-11,
scripts\PredicciónImágenes\Normal\Normal-1445.png,chest_xray,1.0,True,1.0,1.335687289938381e-11,
scripts\PredicciónImágenes\Normal\Normal-660.png,chest_xray,1.0,True,1.0,5.871514212330009e-12,
scripts\PredicciónImágenes\Normal\Normal-2648.png,chest_xray,1.0,True,1.0,4.3249967496272745e-10,
scripts\PredicciónImágenes\Normal\Normal-1916.png,chest_xray,1.0,True,1.0,9.044226413797152e-13,
scripts\PredicciónImágenes\Normal\Normal-1290.png,chest_xray,1.0,True,1.0,5.918000534066437e-10,
scripts\PredicciónImágenes\Normal\Normal-2636.png,chest_xray,1.0,True,1.0,6.967504264515645e-12,
scripts\PredicciónImágenes\Normal\Normal-1048.png,chest_xray,1.0,True,1.0,4.289651273081674e-11,
scripts\PredicciónImágenes\Normal\Normal-1893.png,chest_xray,1.0,True,1.0,4.695740324356379e-11,
scripts\PredicciónImágenes\Normal\Normal-136.png,chest_xray,1.0,True,1.0,1.3772240726322993e-12,
scripts\PredicciónImágenes\Normal\Normal-2732.png,chest_xray,1.0,True,1.0,1.2747939856505575e-11,
scripts\PredicciónImágenes\Normal\Normal-1228.png,chest_xray,1.0,True,1.0,2.8991899991837045e-09,
scripts\PredicciónImágenes\Normal\Normal-2154.png,chest_xray,1.0,True,1.0,1.5281875764827646e-10,
scripts\PredicciónImágenes\Normal\Normal-2580.png,chest_xray,1.0,True,1.0,2.767769347045146e-11,
scripts\PredicciónImágenes\Normal\Normal-1766.png,chest_xray,1.0,True,1.0,9.13529044077599e-11,
scripts\PredicciónImágenes\Normal\Normal-2378.png,chest_xray,1.0,True,1.0,7.598859042001749e-11,
scripts\PredicciónImágenes\Normal\Normal-2929.png,chest_xray,1.0,True,1.0,1.3386158848049945e-10,
scripts\PredicciónImágenes\Normal\Normal-2764.png,chest_xray,1.0,True,1.0,2.5987018092976655e-10,
scripts\PredicciónImágenes\Normal\Normal-664.png,chest_xray,1.0,True,1.0,4.881084078589559e-11,
scripts\PredicciónImágenes\Normal\Normal-797.png,chest_xray,1.0,True,1.0,1.2036350648808591e-12,
scripts\PredicciónImágenes\Normal\Normal-457.png,chest_xray,1.0,True,1.0,6.850216921483465e-11,
scripts\PredicciónImágenes\Normal\Normal-1337.png,chest_xray,1.0,True,1.0,1.443418214813752e-11,
scripts\PredicciónImágenes\Normal\Normal-2901.png,chest_xray,1.0,True,1.0,1.3808867938003289e-10,
scripts\PredicciónImágenes\Normal\Normal-756.png,chest_xray,1.0,True,1.0,1.1422565671104223e-10,
scripts\PredicciónImágenes\Normal\Normal-842.png,chest_xray,1.0,True,1.0,2.6527771299078573e-11,
scripts\PredicciónImágenes\Normal\Normal-1452.png,chest_xray,1.0,True,1.0,8.318951083552406e-11,
scripts\PredicciónImágenes\Normal\Normal-1743.png,chest_xray,1.0,True,1.0,2.766468152649859e-13,
scripts\PredicciónImágenes\Normal\Normal-2754.png,chest_xray,1.0,True,1.0,2.9475567819847726e-11,
scripts\PredicciónImágenes\Normal\Normal-124.png,chest_xray,1.0,True,1.0,4.525960051182665e-09,
scripts\PredicciónImágenes\Normal\Normal-2100.png,chest_xray,1.0,True,1.0,1.3099127685323175e-11,
scripts\PredicciónImágenes\Normal\Normal-1267.png,chest_xray,1.0,True,1.0,3.175760987517151e-09,
scripts\PredicciónImágenes\Normal\Normal-2421.png,chest_xray,1.0,True,1.0,6.653446240137417e-13,
scripts\PredicciónImágenes\Normal\Normal-1849.png,chest_xray,1.0,True,1.0,6.659960583021984e-09,
scripts\PredicciónImágenes\Normal\Normal-1311.png,chest_xray,1.0,True,1.0,6.449559636356739e-11,
scripts\PredicciónImágenes\Normal\Normal-1114.png,chest_xray,1.0,True,1.0,1.331039028995562e-10,
scripts\PredicciónImágenes\Normal\Normal-1740.png,chest_xray,1.0,True,1.0,3.548411781420513e-12,
scripts\PredicciónImágenes\Normal\Normal-153.png,chest_xray,1.0,True,1.0,1.03836696185855e-11,
scripts\PredicciónImágenes\Normal\Normal-2676.png,chest_xray,1.0,True,1.0,1.3599612547210427e-09,
scripts\PredicciónImágenes\Normal\Normal-2707.png,chest_xray,1.0,True,1.0,5.4341618010989023e-11,
scripts\PredicciónImágenes\Normal\Normal-629.png,chest_xray,1.0,True,1.0,5.963056003838174e-12,
scripts\PredicciónImágenes\Normal\Normal-279.png,chest_xray,1.0,True,1.0,6.989910039667535e-11,
scripts\PredicciónImágenes\Normal\Normal-2743.png,chest_xray,1.0,True,1.0,7.489240998193036e-12,
scripts\PredicciónImágenes\Normal\Normal-1185.png,chest_xray,1.0,True,1.0,1.8152176983754487e-10,
scripts\PredicciónImágenes\Normal\Normal-1399.png,chest_xray,1.0,True,1.0,1.5303934786103923e-09,
scripts\PredicciónImágenes\Normal\Normal-1826.png,chest_xray,1.0,True,1.0,9.190517097357187e-11,
scripts\PredicciónImágenes\Normal\Normal-835.png,chest_xray,1.0,True,1.0,9.260461841797962e-11,
scripts\PredicciónImágenes\Normal\Normal-1336.png,chest_xray,1.0,True,1.0,3.199090992112019e-11,
scripts\PredicciónImágenes\Normal\Normal-1948.png,chest_xray,1.0,True,1.0,1.2768137241936373e-11,
scripts\PredicciónImágenes\Normal\Normal-214.png,chest_xray,1.0,True,1.0,3.9307689048140304e-12,
scripts\PredicciónImágenes\Normal\Normal-2715.png,chest_xray,1.0,True,1.0,9.030105552199075e-10,
scripts\PredicciónImágenes\Normal\Normal-744.png,chest_xray,1.0,True,1.0,9.703474135314138e-11,
scripts\PredicciónImágenes\Normal\Normal-1989.png,chest_xray,1.0,True,1.0,3.7062391458793364e-13,
scripts\PredicciónImágenes\Normal\Normal-1130.png,chest_xray,1.0,True,1.0,5.038399558676687e-11,
scripts\PredicciónImágenes\Normal\Normal-2896.png,chest_xray,1.0,True,1.0,2.865012949104795e-10,
scripts\PredicciónImágenes\Normal\Normal-22.png,chest_xray,1.0,True,1.0,4.818166698949966e-11,
scripts\PredicciónImágenes\Normal\Normal-85.png,chest_xray,1.0,True,1.0,1.13765690201717e-08,
scripts\PredicciónImágenes\Normal\Normal-1405.png,chest_xray,1.0,True,1.0,7.104459243123529e-10,
scripts\PredicciónImágenes\Normal\Normal-229.png,chest_xray,1.0,True,1.0,1.278732978879371e-13,
scripts\PredicciónImágenes\Normal\Normal-1436.png,chest_xray,1.0,True,1.0,7.167007959330007e-11,
scripts\PredicciónImágenes\Normal\Normal-514.png,chest_xray,1.0,True,1.0,7.822574588089992e-09,
scripts\PredicciónImágenes\Normal\Normal-2073.png,chest_xray,1.0,True,1.0,1.3335503812328398e-09,
scripts\PredicciónImágenes\Normal\Normal-2795.png,chest_xray,1.0,True,1.0,1.5541245373951185e-11,
scripts\PredicciónImágenes\Normal\Normal-1508.png,chest_xray,1.0,True,1.0,2.6046142239527503e-12,
scripts\PredicciónImágenes\Normal\Normal-1924.png,chest_xray,1.0,True,1.0,8.42127145794791e-10,
scripts\PredicciónImágenes\Normal\Normal-102.png,chest_xray,1.0,True,1.0,1.107415603662787e-09,
scripts\PredicciónImágenes\Normal\Normal-1133.png,chest_xray,1.0,True,1.0,5.877924015573743e-12,
scripts\PredicciónImágenes\Normal\Normal-1522.png,chest_xray,1.0,True,1.0,1.7671010488218286e-10,
scripts\PredicciónImágenes\Normal\Normal-462.png,chest_xray,1.0,True,1.0,7.547555358478064e-10,
scripts\PredicciónImágenes\Normal\Normal-2565.png,chest_xray,1.0,True,1.0,2.2172815666854362e-11,
scripts\PredicciónImágenes\Normal\Normal-869.png,chest_xray,0.9999998807907104,True,0.9999998807907104,6.440963318254944e-08,
scripts\PredicciónImágenes\Normal\Normal-2041.png,chest_xray,1.0,True,1.0,2.059310721946872e-09,
scripts\PredicciónImágenes\Normal\Normal-495.png,chest_xray,1.0,True,1.0,2.5279877149952945e-11,
scripts\PredicciónImágenes\Normal\Normal-1097.png,chest_xray,1.0,True,1.0,3.5655354536923145e-12,
scripts\PredicciónImágenes\Normal\Normal-465.png,chest_xray,1.0,True,1.0,1.2673125569795385e-11,
scripts\PredicciónImágenes\Normal\Normal-2825.png,chest_xray,1.0,True,1.0,2.806438692548596e-10,
scripts\PredicciónImágenes\Normal\Normal-1463.png,chest_xray,1.0,True,1.0,1.3109756336060485e-10,
scripts\PredicciónImágenes\Normal\Normal-423.png,chest_xray,1.0,True,1.0,6.01764194030352e-10,
scripts\PredicciónImágenes\Normal\Normal-2207.png,chest_xray,1.0,True,1.0,2.1322119181377275e-08,
scripts\PredicciónImágenes\Normal\Normal-1342.png,chest_xray,1.0,True,1.0,5.370373035162856e-10,
scripts\PredicciónImágenes\Normal\Normal-2755.png,chest_xray,1.0,True,1.0,7.767652299150996e-09,
scripts\PredicciónImágenes\Normal\Normal-467.png,chest_xray,1.0,True,1.0,1.3576597623909947e-09,
scripts\PredicciónImágenes\Normal\Normal-2176.png,chest_xray,1.0,True,1.0,1.3009558708088065e-12,
scripts\PredicciónImágenes\Normal\Normal-412.png,chest_xray,1.0,True,1.0,1.500883861638158e-10,
scripts\PredicciónImágenes\Normal\Normal-2456.png,chest_xray,1.0,True,1.0,5.139846326329689e-09,
scripts\PredicciónImágenes\Normal\Normal-70.png,chest_xray,1.0,True,1.0,1.5514258322468777e-08,
scripts\PredicciónImágenes\Normal\Normal-1258.png,chest_xray,1.0,True,1.0,1.539126985583561e-11,
scripts\PredicciónImágenes\Normal\Normal-2302.png,chest_xray,1.0,True,1.0,1.4691712473327567e-12,
scripts\PredicciónImágenes\Normal\Normal-1576.png,chest_xray,1.0,True,1.0,7.625923503784549e-11,
scripts\PredicciónImágenes\Normal\Normal-1929.png,chest_xray,1.0,True,1.0,1.7535500829168882e-10,
scripts\PredicciónImágenes\Normal\Normal-988.png,chest_xray,1.0,True,1.0,9.33980601192097e-11,
scripts\PredicciónImágenes\Normal\Normal-2611.png,chest_xray,1.0,True,1.0,1.2149660444382704e-10,
scripts\PredicciónImágenes\Normal\Normal-2355.png,chest_xray,1.0,True,1.0,1.051365772219981e-09,
scripts\PredicciónImágenes\Normal\Normal-866.png,chest_xray,1.0,True,1.0,4.186466982542686e-13,
scripts\PredicciónImágenes\Normal\Normal-610.png,chest_xray,1.0,True,1.0,3.43428112553959e-13,
scripts\PredicciónImágenes\Normal\Normal-640.png,chest_xray,1.0,True,1.0,3.71096599630083e-12,
scripts\PredicciónImágenes\Normal\Normal-1092.png,chest_xray,1.0,True,1.0,6.144434405719323e-10,
scripts\PredicciónImágenes\Normal\Normal-1597.png,chest_xray,1.0,True,1.0,5.770705788221697e-11,
scripts\PredicciónImágenes\Normal\Normal-857.png,chest_xray,1.0,True,1.0,1.2514745906244684e-09,
scripts\PredicciónImágenes\Normal\Normal-204.png,chest_xray,1.0,True,1.0,4.63453797908131e-12,
scripts\PredicciónImágenes\Normal\Normal-105.png,chest_xray,1.0,True,1.0,6.003647357033515e-09,
scripts\PredicciónImágenes\Normal\Normal-2558.png,chest_xray,1.0,True,1.0,2.4052407288088773e-10,
scripts\PredicciónImágenes\Normal\Normal-1017.png,chest_xray,1.0,True,1.0,1.7385554329507613e-08,
scripts\PredicciónImágenes\Normal\Normal-1434.png,chest_xray,1.0,True,1.0,8.453271069241985e-12,
scripts\PredicciónImágenes\Normal\Normal-1303.png,chest_xray,1.0,True,1.0,8.27426627214578e-10,
scripts\PredicciónImágenes\Normal\Normal-285.png,chest_xray,1.0,True,1.0,3.5120652046305434e-12,
scripts\PredicciónImágenes\Normal\Normal-49.png,chest_xray,1.0,True,1.0,1.823330514350019e-10,
scripts\PredicciónImágenes\Normal\Normal-1200.png,chest_xray,1.0,True,1.0,4.500485817349187e-10,
scripts\PredicciónImágenes\Normal\Normal-927.png,chest_xray,1.0,True,1.0,6.518292416241023e-12,
scripts\PredicciónImágenes\Normal\Normal-1005.png,chest_xray,1.0,True,1.0,8.025745866502287e-12,
scripts\PredicciónImágenes\Normal\Normal-750.png,chest_xray,1.0,True,1.0,3.7743483005669987e-08,
scripts\PredicciónImágenes\Normal\Normal-956.png,chest_xray,1.0,True,1.0,8.004511116432855e-12,
scripts\PredicciónImágenes\Normal\Normal-2067.png,chest_xray,1.0,True,1.0,1.8559628278680407e-09,
scripts\PredicciónImágenes\Normal\Normal-2508.png,chest_xray,1.0,True,1.0,1.0442310349745298e-09,
scripts\PredicciónImágenes\Normal\Normal-2664.png,chest_xray,1.0,True,1.0,4.148768828482474e-11,
scripts\PredicciónImágenes\Normal\Normal-1088.png,chest_xray,1.0,True,1.0,4.1314773824296935e-10,
scripts\PredicciónImágenes\Normal\Normal-1300.png,chest_xray,1.0,True,1.0,5.1074935947248434e-11,
scripts\PredicciónImágenes\Normal\Normal-762.png,chest_xray,1.0,True,1.0,1.0284923607217777e-10,
scripts\PredicciónImágenes\Normal\Normal-1151.png,chest_xray,1.0,True,1.0,1.9036457132859397e-10,
scripts\PredicciónImágenes\Normal\Normal-1739.png,chest_xray,1.0,True,1.0,2.211350677225332e-12,
scripts\PredicciónImágenes\Normal\Normal-1028.png,chest_xray,1.0,True,1.0,2.6593578034139753e-11,
scripts\PredicciónImágenes\Normal\Normal-88.png,chest_xray,1.0,True,1.0,5.323569710058429e-11,
scripts\PredicciónImágenes\Normal\Normal-1165.png,chest_xray,1.0,True,1.0,1.2258440929002745e-09,
scripts\PredicciónImágenes\Normal\Normal-2049.png,chest_xray,1.0,True,1.0,5.6286260374793784e-11,
scripts\PredicciónImágenes\Normal\Normal-241.png,chest_xray,1.0,True,1.0,4.347959770001353e-09,
scripts\PredicciónImágenes\Normal\Normal-2832.png,chest_xray,1.0,True,1.0,7.2476425902467945e-12,
scripts\PredicciónImágenes\Normal\Normal-517.png,chest_xray,1.0,True,1.0,1.2823350714619153e-10,
scripts\PredicciónImágenes\Normal\Normal-2879.png,chest_xray,1.0,True,1.0,1.1276829296746893e-11,
scripts\PredicciónImágenes\Normal\Normal-1822.png,chest_xray,1.0,True,1.0,1.3367648321604975e-08,
scripts\PredicciónImágenes\Normal\Normal-1135.png,chest_xray,1.0,True,1.0,3.1872070087313187e-12,
scripts\PredicciónImágenes\Normal\Normal-2324.png,chest_xray,1.0,True,1.0,3.5584426030799143e-12,
scripts\PredicciónImágenes\Normal\Normal-2814.png,chest_xray,1.0,True,1.0,1.4039541230970176e-11,
scripts\PredicciónImágenes\Normal\Normal-275.png,chest_xray,1.0,True,1.0,1.1296596991172692e-10,
scripts\PredicciónImágenes\Normal\Normal-319.png,chest_xray,1.0,True,1.0,1.1276883871147447e-09,
scripts\PredicciónImágenes\Normal\Normal-2416.png,chest_xray,1.0,True,1.0,5.85621995341512e-10,
scripts\PredicciónImágenes\Normal\Normal-1332.png,chest_xray,1.0,True,1.0,1.0858714621919674e-10,
scripts\PredicciónImágenes\Normal\Normal-2157.png,chest_xray,1.0,True,1.0,6.506978983411571e-11,
scripts\PredicciónImágenes\Normal\Normal-2215.png,chest_xray,1.0,True,1.0,3.124997760561854e-10,
scripts\PredicciónImágenes\Normal\Normal-2282.png,chest_xray,1.0,True,1.0,2.449498286496987e-12,
scripts\PredicciónImágenes\Normal\Normal-1404.png,chest_xray,1.0,True,1.0,5.002385658481323e-11,
scripts\PredicciónImágenes\Normal\Normal-2351.png,chest_xray,1.0,True,1.0,7.373749180694666e-12,
scripts\PredicciónImágenes\Normal\Normal-1960.png,chest_xray,1.0,True,1.0,4.331747807673203e-11,
scripts\PredicciónImágenes\Normal\Normal-77.png,chest_xray,1.0,True,1.0,8.169309673178304e-10,
scripts\PredicciónImágenes\Normal\Normal-1677.png,chest_xray,1.0,True,1.0,4.070697945390833e-11,
scripts\PredicciónImágenes\Normal\Normal-814.png,chest_xray,1.0,True,1.0,9.946620416201313e-09,
scripts\PredicciónImágenes\Normal\Normal-1865.png,chest_xray,1.0,True,1.0,3.647405294460171e-11,
scripts\PredicciónImágenes\Normal\Normal-1974.png,chest_xray,1.0,True,1.0,2.271975576423335e-12,
scripts\PredicciónImágenes\Normal\Normal-1069.png,chest_xray,1.0,True,1.0,4.58728749430648e-11,
scripts\PredicciónImágenes\Normal\Normal-1324.png,chest_xray,0.9999996423721313,True,0.9999996423721313,3.004771258474648e-07,
scripts\PredicciónImágenes\Normal\Normal-2150.png,chest_xray,1.0,True,1.0,7.219114889212008e-11,
scripts\PredicciónImágenes\Normal\Normal-1160.png,chest_xray,1.0,True,1.0,5.792896717871088e-10,
scripts\PredicciónImágenes\Normal\Normal-274.png,chest_xray,1.0,True,1.0,1.2681158900740286e-10,
scripts\PredicciónImágenes\Normal\Normal-2993.png,chest_xray,1.0,True,1.0,6.7561642044799974e-12,
scripts\PredicciónImágenes\Normal\Normal-251.png,chest_xray,1.0,True,1.0,9.238867310079613e-11,
scripts\PredicciónImágenes\Normal\Normal-2933.png,chest_xray,1.0,True,1.0,1.0022983554236475e-09,
scripts\PredicciónImágenes\Normal\Normal-1511.png,chest_xray,1.0,True,1.0,2.5101587475262477e-10,
scripts\PredicciónImágenes\Normal\Normal-647.png,chest_xray,1.0,True,1.0,5.957966064951137e-11,
scripts\PredicciónImágenes\Normal\Normal-128.png,chest_xray,0.9999995231628418,True,0.9999995231628418,5.250228696240811e-07,
scripts\PredicciónImágenes\Normal\Normal-2799.png,chest_xray,1.0,True,1.0,8.7182762094698e-13,
scripts\PredicciónImágenes\Normal\Normal-2128.png,chest_xray,1.0,True,1.0,2.8365414184161608e-11,
scripts\PredicciónImágenes\Normal\Normal-432.png,chest_xray,0.9999998807907104,True,0.9999998807907104,1.6908840905216493e-07,
scripts\PredicciónImágenes\Normal\Normal-1616.png,chest_xray,1.0,True,1.0,1.616145550720205e-10,
scripts\PredicciónImágenes\Normal\Normal-2914.png,chest_xray,1.0,True,1.0,3.768427844080824e-12,
scripts\PredicciónImágenes\Normal\Normal-2062.png,chest_xray,1.0,True,1.0,3.421394945135603e-09,
scripts\PredicciónImágenes\Normal\Normal-796.png,chest_xray,1.0,True,1.0,2.163721632419957e-11,
scripts\PredicciónImágenes\Normal\Normal-402.png,chest_xray,1.0,True,1.0,1.3958172395689417e-09,
scripts\PredicciónImágenes\Normal\Normal-688.png,chest_xray,1.0,True,1.0,1.848576403062907e-08,
scripts\PredicciónImágenes\Normal\Normal-2913.png,chest_xray,1.0,True,1.0,2.2089501061639538e-10,
scripts\PredicciónImágenes\Normal\Normal-1723.png,chest_xray,1.0,True,1.0,2.8914266814172862e-12,
scripts\PredicciónImágenes\Normal\Normal-604.png,chest_xray,1.0,True,1.0,4.0622592095695964e-11,
scripts\PredicciónImágenes\Normal\Normal-1180.png,chest_xray,1.0,True,1.0,3.5641656292995094e-10,
scripts\PredicciónImágenes\Normal\Normal-1421.png,chest_xray,1.0,True,1.0,5.5875590612708415e-12,
scripts\PredicciónImágenes\Normal\Normal-1502.png,chest_xray,1.0,True,1.0,9.131057021605216e-11,
scripts\PredicciónImágenes\Normal\Normal-1317.png,chest_xray,1.0,True,1.0,3.947623478106621e-11,
scripts\PredicciónImágenes\Normal\Normal-409.png,chest_xray,1.0,True,1.0,4.007081125245726e-12,
scripts\PredicciónImágenes\Normal\Normal-2202.png,chest_xray,1.0,True,1.0,4.427605837520332e-09,
scripts\PredicciónImágenes\Normal\Normal-2793.png,chest_xray,1.0,True,1.0,7.056428358298561e-12,
scripts\PredicciónImágenes\Normal\Normal-2175.png,chest_xray,1.0,True,1.0,2.8268721998653268e-12,
scripts\PredicciónImágenes\Normal\Normal-2771.png,chest_xray,1.0,True,1.0,2.436155097096382e-11,
scripts\PredicciónImágenes\Normal\Normal-439.png,chest_xray,1.0,True,1.0,1.1598993293615578e-10,
scripts\PredicciónImágenes\Normal\Normal-1904.png,chest_xray,1.0,True,1.0,1.3342715821096363e-11,
scripts\PredicciónImágenes\Normal\Normal-1753.png,chest_xray,1.0,True,1.0,1.3013319588583983e-10,
scripts\PredicciónImágenes\Normal\Normal-935.png,chest_xray,1.0,True,1.0,3.62112007046278e-11,
scripts\PredicciónImágenes\Normal\Normal-2115.png,chest_xray,1.0,True,1.0,2.192045212012772e-09,
scripts\PredicciónImágenes\Normal\Normal-218.png,chest_xray,1.0,True,1.0,3.324414876715309e-08,
scripts\PredicciónImágenes\Normal\Normal-2824.png,chest_xray,1.0,True,1.0,1.8742987606401584e-08,
scripts\PredicciónImágenes\Normal\Normal-2637.png,chest_xray,1.0,True,1.0,2.9616187280367967e-10,
scripts\PredicciónImágenes\Normal\Normal-461.png,chest_xray,1.0,True,1.0,1.9142776253033844e-10,
scripts\PredicciónImágenes\Normal\Normal-507.png,chest_xray,1.0,True,1.0,1.997228160632858e-09,
scripts\PredicciónImágenes\Normal\Normal-2256.png,chest_xray,1.0,True,1.0,5.58048399157407e-13,
scripts\PredicciónImágenes\Normal\Normal-902.png,chest_xray,1.0,True,1.0,1.3416863648731125e-13,
scripts\PredicciónImágenes\Normal\Normal-2396.png,chest_xray,1.0,True,1.0,7.204864482801554e-11,
scripts\PredicciónImágenes\Normal\Normal-1850.png,chest_xray,1.0,True,1.0,2.8387266495788488e-12,
scripts\PredicciónImágenes\Normal\Normal-2973.png,chest_xray,1.0,True,1.0,3.6118803503626395e-09,
scripts\PredicciónImágenes\Normal\Normal-350.png,chest_xray,1.0,True,1.0,1.7810913334470602e-12,
scripts\PredicciónImágenes\Normal\Normal-305.png,chest_xray,1.0,True,1.0,2.7131399904511966e-10,
scripts\PredicciónImágenes\Normal\Normal-1883.png,chest_xray,1.0,True,1.0,4.328508038109469e-12,
scripts\PredicciónImágenes\Normal\Normal-2649.png,chest_xray,0.9999969005584717,True,0.9999969005584717,3.1040958674566355e-06,
scripts\PredicciónImágenes\Normal\Normal-2696.png,chest_xray,1.0,True,1.0,1.202966726232546e-09,
scripts\PredicciónImágenes\Normal\Normal-1400.png,chest_xray,1.0,True,1.0,2.7759641807456603e-11,
scripts\PredicciónImágenes\Normal\Normal-1222.png,chest_xray,1.0,True,1.0,4.1282949281296055e-10,
scripts\PredicciónImágenes\Normal\Normal-2600.png,chest_xray,1.0,True,1.0,1.5728309279983144e-11,
scripts\PredicciónImágenes\Normal\Normal-2405.png,chest_xray,1.0,True,1.0,3.283411389998214e-11,
scripts\PredicciónImágenes\Normal\Normal-133.png,chest_xray,1.0,True,1.0,4.004214293473751e-09,
scripts\PredicciónImágenes\Normal\Normal-2629.png,chest_xray,1.0,True,1.0,9.139154710791075e-12,
scripts\PredicciónImágenes\Normal\Normal-1932.png,chest_xray,1.0,True,1.0,1.6843746449696217e-12,
scripts\PredicciónImágenes\Normal\Normal-2525.png,chest_xray,1.0,True,1.0,9.919517984791071e-11,
scripts\PredicciónImágenes\Normal\Normal-808.png,chest_xray,1.0,True,1.0,3.234568446419672e-10,
scripts\PredicciónImágenes\Normal\Normal-2361.png,chest_xray,1.0,True,1.0,1.428012846860227e-10,
scripts\PredicciónImágenes\Normal\Normal-1425.png,chest_xray,1.0,True,1.0,4.06943451158881e-10,
scripts\PredicciónImágenes\Normal\Normal-2190.png,chest_xray,1.0,True,1.0,4.221916427571415e-10,
scripts\PredicciónImágenes\Normal\Normal-205.png,chest_xray,1.0,True,1.0,2.3862953280051613e-10,
scripts\PredicciónImágenes\Normal\Normal-2606.png,chest_xray,1.0,True,1.0,2.4088834225943767e-12,
scripts\PredicciónImágenes\Normal\Normal-1334.png,chest_xray,1.0,True,1.0,1.4419563633405463e-12,
scripts\PredicciónImágenes\Normal\Normal-1526.png,chest_xray,1.0,True,1.0,5.3257886989399594e-09,
scripts\PredicciónImágenes\Normal\Normal-1205.png,chest_xray,1.0,True,1.0,2.1146162598739693e-10,
scripts\PredicciónImágenes\Normal\Normal-501.png,chest_xray,1.0,True,1.0,2.038460927833441e-10,
scripts\PredicciónImágenes\Normal\Normal-2172.png,chest_xray,1.0,True,1.0,1.5804926811746611e-12,
scripts\PredicciónImágenes\Normal\Normal-1254.png,chest_xray,1.0,True,1.0,9.107319898227217e-10,
scripts\PredicciónImágenes\Normal\Normal-879.png,chest_xray,1.0,True,1.0,4.019742438216012e-12,
scripts\PredicciónImágenes\Normal\Normal-670.png,chest_xray,1.0,True,1.0,3.580593599394888e-10,
scripts\PredicciónImágenes\Normal\Normal-1341.png,chest_xray,1.0,True,1.0,6.086128779766997e-13,
scripts\PredicciónImágenes\Normal\Normal-2949.png,chest_xray,1.0,True,1.0,1.5687870447145258e-10,
scripts\PredicciónImágenes\Normal\Normal-2725.png,chest_xray,0.9999980926513672,True,0.9999980926513672,1.872155166893208e-06,
scripts\PredicciónImágenes\Normal\Normal-1619.png,chest_xray,1.0,True,1.0,2.2794001408588116e-10,
scripts\PredicciónImágenes\Normal\Normal-3.png,chest_xray,1.0,True,1.0,7.77422903830427e-10,
scripts\PredicciónImágenes\Normal\Normal-177.png,chest_xray,1.0,True,1.0,4.9066835039468515e-09,
scripts\PredicciónImágenes\Normal\Normal-1819.png,chest_xray,1.0,True,1.0,1.128300924913006e-10,
scripts\PredicciónImágenes\Normal\Normal-1889.png,chest_xray,1.0,True,1.0,2.9146615676545196e-11,
scripts\PredicciónImágenes\Normal\Normal-2642.png,chest_xray,1.0,True,1.0,7.597786289004205e-11,
scripts\PredicciónImágenes\Normal\Normal-1514.png,chest_xray,1.0,True,1.0,1.097183499609855e-08,
scripts\PredicciónImágenes\Normal\Normal-1227.png,chest_xray,1.0,True,1.0,3.3539601217852377e-12,
scripts\PredicciónImágenes\Normal\Normal-2006.png,chest_xray,1.0,True,1.0,3.5511912854779837e-10,
scripts\PredicciónImágenes\Normal\Normal-302.png,chest_xray,1.0,True,1.0,4.618744275930453e-11,
scripts\PredicciónImágenes\Normal\Normal-1306.png,chest_xray,1.0,True,1.0,1.101904266616327e-12,
scripts\PredicciónImágenes\Normal\Normal-1690.png,chest_xray,1.0,True,1.0,9.337770140449564e-12,
scripts\PredicciónImágenes\Normal\Normal-36.png,chest_xray,1.0,True,1.0,3.242515589363393e-08,
scripts\PredicciónImágenes\Normal\Normal-2091.png,chest_xray,1.0,True,1.0,5.058746130326419e-11,
scripts\PredicciónImágenes\Normal\Normal-1322.png,chest_xray,1.0,True,1.0,2.9566687986815055e-10,
scripts\PredicciónImágenes\Normal\Normal-146.png,chest_xray,1.0,True,1.0,9.156472247084935e-10,
scripts\PredicciónImágenes\Normal\Normal-2779.png,chest_xray,1.0,True,1.0,2.10748831580565e-11,
scripts\PredicciónImágenes\Normal\Normal-2184.png,chest_xray,1.0,True,1.0,3.8906022500895254e-12,
scripts\PredicciónImágenes\Normal\Normal-1085.png,chest_xray,1.0,True,1.0,9.947601631310476e-10,
scripts\PredicciónImágenes\Normal\Normal-532.png,chest_xray,1.0,True,1.0,1.0186411436574616e-10,
scripts\PredicciónImágenes\Normal\Normal-1465.png,chest_xray,1.0,True,1.0,3.6331229691377587e-11,
scripts\PredicciónImágenes\Normal\Normal-1718.png,chest_xray,1.0,True,1.0,4.284604671056513e-08,
scripts\PredicciónImágenes\Normal\Normal-2003.png,chest_xray,1.0,True,1.0,1.515618464065227e-10,
scripts\PredicciónImágenes\Normal\Normal-2065.png,chest_xray,1.0,True,1.0,1.5251541141125813e-09,
scripts\PredicciónImágenes\Normal\Normal-926.png,chest_xray,1.0,True,1.0,1.4773950118840418e-10,
scripts\PredicciónImágenes\Normal\Normal-1982.png,chest_xray,1.0,True,1.0,2.394865122185008e-12,
scripts\PredicciónImágenes\Normal\Normal-2682.png,chest_xray,1.0,True,1.0,1.6236279681836052e-11,
scripts\PredicciónImágenes\Normal\Normal-2543.png,chest_xray,1.0,True,1.0,6.505309528906378e-13,
scripts\PredicciónImágenes\Normal\Normal-291.png,chest_xray,1.0,True,1.0,6.667977281438198e-10,
scripts\PredicciónImágenes\Normal\Normal-1360.png,chest_xray,1.0,True,1.0,1.155748163839121e-09,
scripts\PredicciónImágenes\Normal\Normal-2123.png,chest_xray,1.0,True,1.0,1.4148475446784659e-10,
scripts\PredicciónImágenes\Normal\Normal-1971.png,chest_xray,1.0,True,1.0,4.80823603155045e-10,
scripts\PredicciónImágenes\Normal\Normal-2004.png,chest_xray,1.0,True,1.0,6.693191140216825e-11,
scripts\PredicciónImágenes\Normal\Normal-2774.png,chest_xray,1.0,True,1.0,1.0763648652933888e-11,
scripts\PredicciónImágenes\Normal\Normal-1706.png,chest_xray,1.0,True,1.0,4.146265553117701e-09,
scripts\PredicciónImágenes\Normal\Normal-2909.png,chest_xray,1.0,True,1.0,9.617229235203695e-10,
scripts\PredicciónImágenes\Normal\Normal-1911.png,chest_xray,1.0,True,1.0,1.8955434444301034e-11,
scripts\PredicciónImágenes\Normal\Normal-1083.png,chest_xray,1.0,True,1.0,2.6620501358820547e-09,
scripts\PredicciónImágenes\Normal\Normal-715.png,chest_xray,1.0,True,1.0,1.0259967320180863e-09,
scripts\PredicciónImágenes\Normal\Normal-2099.png,chest_xray,0.9999983310699463,True,0.9999983310699463,1.7158710079456796e-06,
scripts\PredicciónImágenes\Normal\Normal-21.png,chest_xray,1.0,True,1.0,7.586396788550331e-13,
scripts\PredicciónImágenes\Normal\Normal-2186.png,chest_xray,1.0,True,1.0,8.740600465628745e-10,
scripts\PredicciónImágenes\Normal\Normal-771.png,chest_xray,1.0,True,1.0,3.9303232890475215e-10,
scripts\PredicciónImágenes\Normal\Normal-2406.png,chest_xray,1.0,True,1.0,1.5814019538318291e-10,
scripts\PredicciónImágenes\Normal\Normal-2117.png,chest_xray,1.0,True,1.0,1.050599468532809e-10,
scripts\PredicciónImágenes\Normal\Normal-288.png,chest_xray,1.0,True,1.0,1.3467025238023123e-11,
scripts\PredicciónImágenes\Normal\Normal-2510.png,chest_xray,1.0,True,1.0,2.3638431490002887e-11,
scripts\PredicciónImágenes\Normal\Normal-681.png,chest_xray,1.0,True,1.0,2.099985879633337e-10,
scripts\PredicciónImágenes\Normal\Normal-1742.png,chest_xray,1.0,True,1.0,1.3794067450778602e-11,
scripts\PredicciónImágenes\Normal\Normal-358.png,chest_xray,0.9999997615814209,True,0.9999997615814209,2.762205326689582e-07,
scripts\PredicciónImágenes\Normal\Normal-1148.png,chest_xray,1.0,True,1.0,1.3143274663063309e-11,
scripts\PredicciónImágenes\Normal\Normal-1745.png,chest_xray,1.0,True,1.0,5.601725194814833e-10,
scripts\PredicciónImágenes\Normal\Normal-815.png,chest_xray,1.0,True,1.0,6.090461024399474e-09,
scripts\PredicciónImágenes\Normal\Normal-1802.png,chest_xray,1.0,True,1.0,6.458549250965007e-10,
scripts\PredicciónImágenes\Normal\Normal-2364.png,chest_xray,1.0,True,1.0,2.012676553198034e-10,
scripts\PredicciónImágenes\Normal\Normal-1039.png,chest_xray,1.0,True,1.0,4.664212766014586e-11,
scripts\PredicciónImágenes\Normal\Normal-1138.png,chest_xray,1.0,True,1.0,8.667780382332069e-11,
scripts\PredicciónImágenes\Normal\Normal-333.png,chest_xray,1.0,True,1.0,8.269091522628003e-10,
scripts\PredicciónImágenes\Normal\Normal-2805.png,chest_xray,1.0,True,1.0,1.034460885007693e-11,
scripts\PredicciónImágenes\Normal\Normal-2476.png,chest_xray,1.0,True,1.0,1.9062815562187474e-12,
scripts\PredicciónImágenes\Normal\Normal-1516.png,chest_xray,1.0,True,1.0,1.455036785502628e-10,
scripts\PredicciónImágenes\Normal\Normal-231.png,chest_xray,1.0,True,1.0,6.517412998174876e-11,
scripts\PredicciónImágenes\Normal\Normal-892.png,chest_xray,1.0,True,1.0,4.623605101214401e-13,
scripts\PredicciónImágenes\Normal\Normal-2820.png,chest_xray,1.0,True,1.0,9.125433741985489e-11,
scripts\PredicciónImágenes\Normal\Normal-2560.png,chest_xray,1.0,True,1.0,3.5259607733539866e-11,
scripts\PredicciónImágenes\Normal\Normal-282.png,chest_xray,1.0,True,1.0,5.299518809898096e-11,
scripts\PredicciónImágenes\Normal\Normal-2447.png,chest_xray,0.9999995231628418,True,0.9999995231628418,4.399491615458828e-07,
scripts\PredicciónImágenes\Normal\Normal-2638.png,chest_xray,1.0,True,1.0,1.5233878394860234e-11,
scripts\PredicciónImágenes\Normal\Normal-919.png,chest_xray,1.0,True,1.0,6.135770060436418e-13,
scripts\PredicciónImágenes\Normal\Normal-573.png,chest_xray,1.0,True,1.0,5.818676096502884e-10,
scripts\PredicciónImágenes\Normal\Normal-1953.png,chest_xray,1.0,True,1.0,2.3554809144843425e-11,
scripts\PredicciónImágenes\Normal\Normal-1711.png,chest_xray,1.0,True,1.0,8.96195229138641e-10,
scripts\PredicciónImágenes\Normal\Normal-603.png,chest_xray,1.0,True,1.0,6.826400555937084e-11,
scripts\PredicciónImágenes\Normal\Normal-1949.png,chest_xray,1.0,True,1.0,3.966728612248005e-10,
scripts\PredicciónImágenes\Normal\Normal-1992.png,chest_xray,1.0,True,1.0,1.1428951535163989e-10,
scripts\PredicciónImágenes\Normal\Normal-431.png,chest_xray,0.9999998807907104,True,0.9999998807907104,1.554148383320353e-07,
scripts\PredicciónImágenes\Normal\Normal-1335.png,chest_xray,1.0,True,1.0,2.0524805813271207e-12,
scripts\PredicciónImágenes\Normal\Normal-612.png,chest_xray,1.0,True,1.0,2.6476438819145187e-09,
scripts\PredicciónImágenes\Normal\Normal-895.png,chest_xray,1.0,True,1.0,2.217883376953722e-10,
scripts\PredicciónImágenes\Normal\Normal-50.png,chest_xray,1.0,True,1.0,1.7906365626374487e-11,
scripts\PredicciónImágenes\Normal\Normal-295.png,chest_xray,1.0,True,1.0,5.438931596768448e-11,
scripts\PredicciónImágenes\Normal\Normal-548.png,chest_xray,1.0,True,1.0,2.9773046250625157e-08,
scripts\PredicciónImágenes\Normal\Normal-1067.png,chest_xray,1.0,True,1.0,1.7379436778597324e-10,
scripts\PredicciónImágenes\Normal\Normal-2930.png,chest_xray,1.0,True,1.0,3.006426010920826e-11,
scripts\PredicciónImágenes\Normal\Normal-789.png,chest_xray,1.0,True,1.0,1.5610719383829519e-09,
scripts\PredicciónImágenes\Normal\Normal-521.png,chest_xray,1.0,True,1.0,1.7655345241340825e-10,
scripts\PredicciónImágenes\Normal\Normal-2729.png,chest_xray,1.0,True,1.0,5.61846014157652e-10,
scripts\PredicciónImágenes\Normal\Normal-1448.png,chest_xray,1.0,True,1.0,1.1181093377554685e-11,
scripts\PredicciónImágenes\Normal\Normal-2148.png,chest_xray,1.0,True,1.0,3.713373358804617e-12,
scripts\PredicciónImágenes\Normal\Normal-2720.png,chest_xray,1.0,True,1.0,7.142791132869197e-13,
scripts\PredicciónImágenes\Normal\Normal-1008.png,chest_xray,1.0,True,1.0,1.0949992648723317e-11,
scripts\PredicciónImágenes\Normal\Normal-1882.png,chest_xray,1.0,True,1.0,7.726359829707263e-11,
scripts\PredicciónImágenes\Normal\Normal-2830.png,chest_xray,1.0,True,1.0,1.7159637599739597e-10,
scripts\PredicciónImágenes\Normal\Normal-2866.png,chest_xray,1.0,True,1.0,6.958520426536552e-10,
scripts\PredicciónImágenes\Normal\Normal-722.png,chest_xray,1.0,True,1.0,5.450518508753888e-12,
scripts\PredicciónImágenes\Normal\Normal-994.png,chest_xray,1.0,True,1.0,1.9011328969420482e-12,
scripts\PredicciónImágenes\Normal\Normal-2532.png,chest_xray,1.0,True,1.0,1.5021217603106152e-09,
scripts\PredicciónImágenes\Normal\Normal-860.png,chest_xray,1.0,True,1.0,4.642221884676445e-10,
scripts\PredicciónImágenes\Normal\Normal-1648.png,chest_xray,1.0,True,1.0,4.9801468504639956e-11,
scripts\PredicciónImágenes\Normal\Normal-2482.png,chest_xray,1.0,True,1.0,3.9645691243817005e-12,
scripts\PredicciónImágenes\Normal\Normal-2112.png,chest_xray,1.0,True,1.0,6.412100017616496e-11,
scripts\PredicciónImágenes\Normal\Normal-2442.png,chest_xray,1.0,True,1.0,7.45650692883168e-14,
scripts\PredicciónImágenes\Normal\Normal-2043.png,chest_xray,1.0,True,1.0,2.7377606848233427e-09,
scripts\PredicciónImágenes\Normal\Normal-513.png,chest_xray,1.0,True,1.0,6.761224913276465e-10,
scripts\PredicciónImágenes\Normal\Normal-759.png,chest_xray,1.0,True,1.0,2.9138476076440156e-09,
scripts\PredicciónImágenes\Normal\Normal-344.png,chest_xray,1.0,True,1.0,1.4311423573998283e-11,
scripts\PredicciónImágenes\Normal\Normal-972.png,chest_xray,1.0,True,1.0,1.2228193457808345e-10,
scripts\PredicciónImágenes\Normal\Normal-976.png,chest_xray,1.0,True,1.0,1.2931333521343236e-12,
scripts\PredicciónImágenes\Normal\Normal-831.png,chest_xray,1.0,True,1.0,9.015929336442241e-09,
scripts\PredicciónImágenes\Normal\Normal-1570.png,chest_xray,1.0,True,1.0,6.512309025374918e-10,
scripts\PredicciónImágenes\Normal\Normal-1307.png,chest_xray,1.0,True,1.0,4.0199128747975266e-11,
scripts\PredicciónImágenes\Normal\Normal-2674.png,chest_xray,1.0,True,1.0,2.4704363554839404e-10,
scripts\PredicciónImágenes\Normal\Normal-621.png,chest_xray,1.0,True,1.0,9.651292959267366e-11,
scripts\PredicciónImágenes\Normal\Normal-942.png,chest_xray,1.0,True,1.0,1.2547729522083273e-09,
scripts\PredicciónImágenes\Normal\Normal-1744.png,chest_xray,1.0,True,1.0,7.51752771144254e-10,
scripts\PredicciónImágenes\Normal\Normal-2400.png,chest_xray,1.0,True,1.0,2.0411609902293293e-10,
scripts\PredicciónImágenes\Normal\Normal-667.png,chest_xray,1.0,True,1.0,4.2259667987210037e-11,
scripts\PredicciónImágenes\Normal\Normal-2345.png,chest_xray,1.0,True,1.0,1.9075274693136635e-10,
scripts\PredicciónImágenes\Normal\Normal-1089.png,chest_xray,1.0,True,1.0,4.130527517243188e-12,
scripts\PredicciónImágenes\Normal\Normal-2369.png,chest_xray,1.0,True,1.0,1.7756024428550177e-09,
scripts\PredicciónImágenes\Normal\Normal-1011.png,chest_xray,0.9999986886978149,True,0.9999986886978149,1.2650269809455494e-06,
scripts\PredicciónImágenes\Normal\Normal-2738.png,chest_xray,1.0,True,1.0,2.2068560520671632e-11,
scripts\PredicciónImágenes\Normal\Normal-1234.png,chest_xray,1.0,True,1.0,6.808351799003631e-11,
scripts\PredicciónImágenes\Normal\Normal-1906.png,chest_xray,1.0,True,1.0,2.5566662675835516e-10,
scripts\PredicciónImágenes\Normal\Normal-1781.png,chest_xray,1.0,True,1.0,1.495120832695207e-10,
scripts\PredicciónImágenes\Normal\Normal-1272.png,chest_xray,1.0,True,1.0,1.2830634124605389e-11,
scripts\PredicciónImágenes\Normal\Normal-1786.png,chest_xray,1.0,True,1.0,3.933566580099912e-12,
scripts\PredicciónImágenes\Normal\Normal-2946.png,chest_xray,1.0,True,1.0,4.2873614380933844e-11,
scripts\PredicciónImágenes\Normal\Normal-1910.png,chest_xray,1.0,True,1.0,4.693465754934678e-11,
scripts\PredicciónImágenes\Normal\Normal-475.png,chest_xray,1.0,True,1.0,9.990597758802178e-13,
scripts\PredicciónImágenes\Normal\Normal-1890.png,chest_xray,1.0,True,1.0,8.002729035005984e-11,
scripts\PredicciónImágenes\Normal\Normal-2823.png,chest_xray,1.0,True,1.0,1.484632861092905e-09,
scripts\PredicciónImágenes\Normal\Normal-692.png,chest_xray,1.0,True,1.0,5.924479656860271e-11,
scripts\PredicciónImágenes\Normal\Normal-2153.png,chest_xray,1.0,True,1.0,4.176794327070965e-12,
scripts\PredicciónImágenes\Normal\Normal-1639.png,chest_xray,1.0,True,1.0,1.0158239527324753e-10,
scripts\PredicciónImágenes\Normal\Normal-659.png,chest_xray,1.0,True,1.0,2.9197124318952605e-12,
scripts\PredicciónImágenes\Normal\Normal-761.png,chest_xray,1.0,True,1.0,3.326369735212609e-11,
scripts\PredicciónImágenes\Normal\Normal-595.png,chest_xray,1.0,True,1.0,2.246548433393336e-11,
scripts\PredicciónImágenes\Normal\Normal-2994.png,chest_xray,1.0,True,1.0,5.584456452822906e-09,
scripts\PredicciónImágenes\Normal\Normal-888.png,chest_xray,1.0,True,1.0,1.7565412235853728e-08,
scripts\PredicciónImágenes\Normal\Normal-2468.png,chest_xray,1.0,True,1.0,2.407319621422488e-10,
scripts\PredicciónImágenes\Normal\Normal-1986.png,chest_xray,1.0,True,1.0,1.896540433379834e-12,
scripts\PredicciónImágenes\Normal\Normal-1013.png,chest_xray,1.0,True,1.0,4.3373780261868333e-11,
scripts\PredicciónImágenes\Normal\Normal-311.png,chest_xray,1.0,True,1.0,7.132420955929808e-12,
scripts\PredicciónImágenes\Normal\Normal-707.png,chest_xray,1.0,True,1.0,9.457663985301679e-09,
scripts\PredicciónImágenes\Normal\Normal-668.png,chest_xray,1.0,True,1.0,4.326409897004169e-09,
scripts\PredicciónImágenes\Normal\Normal-296.png,chest_xray,1.0,True,1.0,4.709750991982453e-11,
scripts\PredicciónImágenes\Normal\Normal-2070.png,chest_xray,1.0,True,1.0,5.2139154105290686e-11,
scripts\PredicciónImágenes\Normal\Normal-2226.png,chest_xray,1.0,True,1.0,9.543442702764082e-10,
scripts\PredicciónImágenes\Normal\Normal-2506.png,chest_xray,1.0,True,1.0,1.7084500480990528e-09,
scripts\PredicciónImágenes\Normal\Normal-1686.png,chest_xray,1.0,True,1.0,3.556327454745656e-11,
scripts\PredicciónImágenes\Normal\Normal-1800.png,chest_xray,0.9999998807907104,True,0.9999998807907104,1.5117923624075047e-07,
scripts\PredicciónImágenes\Normal\Normal-2952.png,chest_xray,1.0,True,1.0,6.390026008329386e-11,
scripts\PredicciónImágenes\Normal\Normal-1116.png,chest_xray,1.0,True,1.0,1.9672447698626527e-11,
scripts\PredicciónImágenes\Normal\Normal-219.png,chest_xray,1.0,True,1.0,4.7833348393311326e-11,
scripts\PredicciónImágenes\Normal\Normal-1994.png,chest_xray,1.0,True,1.0,1.244080061191255e-09,
scripts\PredicciónImágenes\Normal\Normal-1061.png,chest_xray,1.0,True,1.0,1.0408367501213434e-09,
scripts\PredicciónImágenes\Normal\Normal-2418.png,chest_xray,1.0,True,1.0,6.684439113335827e-11,
scripts\PredicciónImágenes\Normal\Normal-1668.png,chest_xray,1.0,True,1.0,5.87617498062909e-12,
scripts\PredicciónImágenes\Normal\Normal-2037.png,chest_xray,1.0,True,1.0,3.2411007905297495e-11,
scripts\PredicciónImágenes\Normal\Normal-1249.png,chest_xray,1.0,True,1.0,1.1209926042976548e-10,
scripts\PredicciónImágenes\Normal\Normal-2711.png,chest_xray,1.0,True,1.0,3.441351370536694e-12,
scripts\PredicciónImágenes\Normal\Normal-73.png,chest_xray,0.9999997615814209,True,0.9999997615814209,2.653227113569301e-07,
scripts\PredicciónImágenes\Normal\Normal-1925.png,chest_xray,1.0,True,1.0,7.857052786164331e-10,
scripts\PredicciónImágenes\Normal\Normal-868.png,chest_xray,1.0,True,1.0,3.53965953769908e-11,
scripts\PredicciónImágenes\Normal\Normal-1599.png,chest_xray,1.0,True,1.0,5.254545062949312e-12,
scripts\PredicciónImágenes\Normal\Normal-424.png,chest_xray,1.0,True,1.0,2.997286446815295e-12,
scripts\PredicciónImágenes\Normal\Normal-734.png,chest_xray,1.0,True,1.0,3.953244676058176e-11,
scripts\PredicciónImágenes\Normal\Normal-1423.png,chest_xray,1.0,True,1.0,7.165463361546998e-11,
scripts\PredicciónImágenes\Normal\Normal-2056.png,chest_xray,1.0,True,1.0,1.348612367613189e-11,
scripts\PredicciónImágenes\Normal\Normal-2501.png,chest_xray,1.0,True,1.0,5.6093026057357775e-11,
scripts\PredicciónImágenes\Normal\Normal-1471.png,chest_xray,1.0,True,1.0,4.3115244707792044e-09,
scripts\PredicciónImágenes\Normal\Normal-1515.png,chest_xray,1.0,True,1.0,2.1086946425108444e-11,
scripts\PredicciónImágenes\Normal\Normal-2377.png,chest_xray,1.0,True,1.0,1.8860297004708038e-11,
scripts\PredicciónImágenes\Normal\Normal-1120.png,chest_xray,1.0,True,1.0,2.260327036651688e-08,
scripts\PredicciónImágenes\Normal\Normal-2519.png,chest_xray,1.0,True,1.0,3.5062373143768255e-11,
scripts\PredicciónImágenes\Normal\Normal-774.png,chest_xray,1.0,True,1.0,4.875396527465048e-12,
scripts\PredicciónImágenes\Normal\Normal-2751.png,chest_xray,1.0,True,1.0,9.57655135747082e-11,
scripts\PredicciónImágenes\Normal\Normal-228.png,chest_xray,1.0,True,1.0,4.3217950052021337e-11,
scripts\PredicciónImágenes\Normal\Normal-1720.png,chest_xray,1.0,True,1.0,1.24757482122817e-10,
scripts\PredicciónImágenes\Normal\Normal-191.png,chest_xray,1.0,True,1.0,1.6439187788819254e-09,
scripts\PredicciónImágenes\Normal\Normal-1987.png,chest_xray,1.0,True,1.0,2.1197205102296834e-10,
scripts\PredicciónImágenes\Normal\Normal-99.png,chest_xray,1.0,True,1.0,3.361586564665231e-09,
scripts\PredicciónImágenes\Normal\Normal-1211.png,chest_xray,1.0,True,1.0,3.4087335818583364e-12,
scripts\PredicciónImágenes\Normal\Normal-2071.png,chest_xray,1.0,True,1.0,2.6145266507349163e-10,
scripts\PredicciónImágenes\Normal\Normal-1275.png,chest_xray,1.0,True,1.0,2.038586410790799e-09,
scripts\PredicciónImágenes\Normal\Normal-1680.png,chest_xray,1.0,True,1.0,2.735723592106609e-10,
scripts\PredicciónImágenes\Normal\Normal-2505.png,chest_xray,1.0,True,1.0,1.965110030255346e-08,
scripts\PredicciónImágenes\Normal\Normal-1813.png,chest_xray,1.0,True,1.0,1.3411217025804945e-08,
scripts\PredicciónImágenes\Normal\Normal-2125.png,chest_xray,1.0,True,1.0,2.428192535930407e-09,
scripts\PredicciónImágenes\Normal\Normal-2897.png,chest_xray,1.0,True,1.0,2.925490405480957e-10,
scripts\PredicciónImágenes\Normal\Normal-137.png,chest_xray,1.0,True,1.0,1.5964549127112093e-10,
scripts\PredicciónImágenes\Normal\Normal-2981.png,chest_xray,1.0,True,1.0,1.5520339180508103e-10,
scripts\PredicciónImágenes\Normal\Normal-2484.png,chest_xray,1.0,True,1.0,9.403732237345253e-10,
scripts\PredicciónImágenes\Normal\Normal-1792.png,chest_xray,1.0,True,1.0,4.166756939483207e-10,
scripts\PredicciónImágenes\Normal\Normal-2268.png,chest_xray,1.0,True,1.0,3.5016507922425166e-12,
scripts\PredicciónImágenes\Normal\Normal-1497.png,chest_xray,1.0,True,1.0,1.202221698928807e-12,
scripts\PredicciónImágenes\Normal\Normal-2255.png,chest_xray,1.0,True,1.0,3.4735425646914564e-10,
scripts\PredicciónImágenes\Normal\Normal-889.png,chest_xray,1.0,True,1.0,1.049889862547726e-11,
scripts\PredicciónImágenes\Normal\Normal-891.png,chest_xray,1.0,True,1.0,4.8184425199826464e-11,
scripts\PredicciónImágenes\Normal\Normal-2624.png,chest_xray,1.0,True,1.0,2.388011732801232e-10,
scripts\PredicciónImágenes\Normal\Normal-2995.png,chest_xray,1.0,True,1.0,1.577890942905391e-11,
scripts\PredicciónImágenes\Normal\Normal-1548.png,chest_xray,1.0,True,1.0,8.304741443143637e-12,
scripts\PredicciónImágenes\Normal\Normal-425.png,chest_xray,1.0,True,1.0,1.470215615917425e-10,
scripts\PredicciónImágenes\Normal\Normal-1171.png,chest_xray,1.0,True,1.0,8.558007601189299e-12,
scripts\PredicciónImágenes\Normal\Normal-1149.png,chest_xray,1.0,True,1.0,4.968597581977985e-12,
scripts\PredicciónImágenes\Normal\Normal-243.png,chest_xray,1.0,True,1.0,3.723665287225231e-08,
scripts\PredicciónImágenes\Normal\Normal-2687.png,chest_xray,1.0,True,1.0,4.05835987038472e-09,
scripts\PredicciónImágenes\Normal\Normal-220.png,chest_xray,1.0,True,1.0,1.2223722034576667e-09,
scripts\PredicciónImágenes\Normal\Normal-867.png,chest_xray,1.0,True,1.0,2.0388819521599544e-09,
scripts\PredicciónImágenes\Normal\Normal-1314.png,chest_xray,1.0,True,1.0,1.968191581935841e-10,
scripts\PredicciónImágenes\Normal\Normal-2474.png,chest_xray,1.0,True,1.0,2.0578871939846977e-11,
scripts\PredicciónImágenes\Normal\Normal-885.png,chest_xray,0.9999991655349731,True,0.9999991655349731,7.766890917082492e-07,
scripts\PredicciónImágenes\Normal\Normal-2836.png,chest_xray,1.0,True,1.0,1.1392099069640338e-11,
scripts\PredicciónImágenes\Normal\Normal-1082.png,chest_xray,1.0,True,1.0,1.0941146599829921e-10,
scripts\PredicciónImágenes\Normal\Normal-1586.png,chest_xray,1.0,True,1.0,1.0567324792987165e-11,
scripts\PredicciónImágenes\Normal\Normal-1364.png,chest_xray,1.0,True,1.0,1.6110629275090105e-08,
scripts\PredicciónImágenes\Normal\Normal-2559.png,chest_xray,1.0,True,1.0,1.2497217887277867e-12,
scripts\PredicciónImágenes\Normal\Normal-304.png,chest_xray,1.0,True,1.0,6.937740382184643e-10,
scripts\PredicciónImágenes\Normal\Normal-1318.png,chest_xray,1.0,True,1.0,8.370464321671989e-09,
scripts\PredicciónImágenes\Normal\Normal-1000.png,chest_xray,1.0,True,1.0,8.368859077956259e-11,
scripts\PredicciónImágenes\Normal\Normal-2258.png,chest_xray,1.0,True,1.0,1.19900844808285e-09,
scripts\PredicciónImágenes\Normal\Normal-1801.png,chest_xray,1.0,True,1.0,7.561412607159923e-11,
scripts\PredicciónImágenes\Normal\Normal-2650.png,chest_xray,1.0,True,1.0,1.2632660195688317e-10,
scripts\PredicciónImágenes\Normal\Normal-839.png,chest_xray,1.0,True,1.0,1.401639249110076e-08,
scripts\PredicciónImágenes\Normal\Normal-556.png,chest_xray,1.0,True,1.0,2.0059505445590986e-10,
scripts\PredicciónImágenes\Normal\Normal-2728.png,chest_xray,1.0,True,1.0,2.3628954695653626e-12,
scripts\PredicciónImágenes\Normal\Normal-2807.png,chest_xray,1.0,True,1.0,2.9914265509134452e-12,
scripts\PredicciónImágenes\Normal\Normal-1583.png,chest_xray,1.0,True,1.0,2.7850634125303753e-12,
scripts\PredicciónImágenes\Normal\Normal-329.png,chest_xray,1.0,True,1.0,6.986311529288969e-11,
scripts\PredicciónImágenes\Normal\Normal-853.png,chest_xray,1.0,True,1.0,4.018843924313842e-09,
scripts\PredicciónImágenes\Normal\Normal-546.png,chest_xray,1.0,True,1.0,2.529941187101592e-11,
scripts\PredicciónImágenes\Normal\Normal-2020.png,chest_xray,1.0,True,1.0,3.830782913105679e-11,
scripts\PredicciónImágenes\Normal\Normal-2546.png,chest_xray,1.0,True,1.0,1.5982494494526378e-10,
scripts\PredicciónImágenes\Normal\Normal-1327.png,chest_xray,1.0,True,1.0,1.1072023298197564e-09,
scripts\PredicciónImágenes\Normal\Normal-658.png,chest_xray,1.0,True,1.0,2.176701527356606e-12,
scripts\PredicciónImágenes\Normal\Normal-1793.png,chest_xray,1.0,True,1.0,2.088069805949999e-08,
scripts\PredicciónImágenes\Normal\Normal-1006.png,chest_xray,1.0,True,1.0,4.96503283365507e-13,
scripts\PredicciónImágenes\Normal\Normal-1857.png,chest_xray,1.0,True,1.0,8.698847198118642e-12,
scripts\PredicciónImágenes\Normal\Normal-1970.png,chest_xray,1.0,True,1.0,1.3914916441315484e-10,
scripts\PredicciónImágenes\Normal\Normal-2594.png,chest_xray,1.0,True,1.0,2.002791682498284e-11,
scripts\PredicciónImágenes\Normal\Normal-1466.png,chest_xray,1.0,True,1.0,3.8530761914401523e-10,
scripts\PredicciónImágenes\Normal\Normal-1705.png,chest_xray,1.0,True,1.0,2.8873169480303496e-11,
scripts\PredicciónImágenes\Normal\Normal-693.png,chest_xray,1.0,True,1.0,4.1987864574100087e-11,
scripts\PredicciónImágenes\Normal\Normal-2989.png,chest_xray,1.0,True,1.0,3.4970919389476496e-12,
scripts\PredicciónImágenes\Normal\Normal-570.png,chest_xray,1.0,True,1.0,1.414641667696337e-11,
scripts\PredicciónImágenes\Normal\Normal-2882.png,chest_xray,1.0,True,1.0,8.648784813325427e-12,
scripts\PredicciónImágenes\Normal\Normal-176.png,chest_xray,1.0,True,1.0,4.574240292098963e-12,
scripts\PredicciónImágenes\Normal\Normal-638.png,chest_xray,1.0,True,1.0,5.4233929847047335e-11,
scripts\PredicciónImágenes\Normal\Normal-2069.png,chest_xray,0.9999998807907104,True,0.9999998807907104,1.553751189931063e-07,
scripts\PredicciónImágenes\Normal\Normal-2328.png,chest_xray,1.0,True,1.0,1.0737960520756928e-10,
scripts\PredicciónImágenes\Normal\Normal-882.png,chest_xray,1.0,True,1.0,1.633400636968929e-10,
scripts\PredicciónImágenes\Normal\Normal-2290.png,chest_xray,1.0,True,1.0,1.4175405294025722e-10,
scripts\PredicciónImágenes\Normal\Normal-777.png,chest_xray,1.0,True,1.0,1.0033153474697798e-10,
scripts\PredicciónImágenes\Normal\Normal-874.png,chest_xray,1.0,True,1.0,1.1379303721525957e-08,
scripts\PredicciónImágenes\Normal\Normal-2051.png,chest_xray,1.0,True,1.0,2.611932536922268e-08,
scripts\PredicciónImágenes\Normal\Normal-2572.png,chest_xray,1.0,True,1.0,9.648679077933764e-11,
scripts\PredicciónImágenes\Normal\Normal-2.png,chest_xray,1.0,True,1.0,5.3222194013047286e-11,
scripts\PredicciónImágenes\Normal\Normal-2423.png,chest_xray,0.9999998807907104,True,0.9999998807907104,7.940796109551229e-08,
scripts\PredicciónImágenes\Normal\Normal-2680.png,chest_xray,1.0,True,1.0,7.480389571656865e-12,
scripts\PredicciónImágenes\Normal\Normal-2398.png,chest_xray,1.0,True,1.0,1.7413803038435205e-11,
scripts\PredicciónImágenes\Normal\Normal-2597.png,chest_xray,1.0,True,1.0,1.2704878815661402e-11,
scripts\PredicciónImágenes\Normal\Normal-872.png,chest_xray,1.0,True,1.0,9.305754083976936e-11,
scripts\PredicciónImágenes\Normal\Normal-1139.png,chest_xray,1.0,True,1.0,1.8503445303741373e-11,
scripts\PredicciónImágenes\Normal\Normal-284.png,chest_xray,1.0,True,1.0,1.195570292072956e-11,
scripts\PredicciónImágenes\Normal\Normal-1963.png,chest_xray,1.0,True,1.0,6.572878352706368e-11,
scripts\PredicciónImágenes\Normal\Normal-2363.png,chest_xray,1.0,True,1.0,1.1310837249450811e-12,
scripts\PredicciónImágenes\Normal\Normal-2387.png,chest_xray,1.0,True,1.0,7.447532174298388e-12,
scripts\PredicciónImágenes\Normal\Normal-1054.png,chest_xray,1.0,True,1.0,2.7353256812356896e-11,
scripts\PredicciónImágenes\Normal\Normal-1297.png,chest_xray,1.0,True,1.0,1.4885912502649035e-09,
scripts\PredicciónImágenes\Normal\Normal-1546.png,chest_xray,1.0,True,1.0,3.9658415440513295e-11,
scripts\PredicciónImágenes\Normal\Normal-2167.png,chest_xray,1.0,True,1.0,7.669914182939497e-12,
scripts\PredicciónImágenes\Normal\Normal-1725.png,chest_xray,1.0,True,1.0,2.991496633741875e-11,
scripts\PredicciónImágenes\Normal\Normal-1499.png,chest_xray,1.0,True,1.0,3.533718317960677e-10,
scripts\PredicciónImágenes\Normal\Normal-1763.png,chest_xray,1.0,True,1.0,1.4009535198589163e-10,
scripts\PredicciónImágenes\Normal\Normal-1855.png,chest_xray,1.0,True,1.0,1.516585079741617e-09,
scripts\PredicciónImágenes\Normal\Normal-1876.png,chest_xray,0.9999997615814209,True,0.9999997615814209,2.6831665422832884e-07,
scripts\PredicciónImágenes\Normal\Normal-897.png,chest_xray,1.0,True,1.0,7.000400259471462e-10,
scripts\PredicciónImágenes\Normal\Normal-41.png,chest_xray,1.0,True,1.0,7.036698480844539e-12,
scripts\PredicciónImágenes\Normal\Normal-840.png,chest_xray,1.0,True,1.0,3.5043687951485936e-09,
scripts\PredicciónImágenes\Normal\Normal-98.png,chest_xray,1.0,True,1.0,1.2211518019000778e-08,
scripts\PredicciónImágenes\Normal\Normal-1638.png,chest_xray,1.0,True,1.0,4.163899003373217e-09,
scripts\PredicciónImágenes\Normal\Normal-2362.png,chest_xray,1.0,True,1.0,1.1231659048996367e-12,
scripts\PredicciónImágenes\Normal\Normal-1072.png,chest_xray,1.0,True,1.0,4.00348341145218e-08,
scripts\PredicciónImágenes\Normal\Normal-519.png,chest_xray,0.9999998807907104,True,0.9999998807907104,9.16331188705044e-08,
scripts\PredicciónImágenes\Normal\Normal-901.png,chest_xray,1.0,True,1.0,2.845342850221755e-10,
scripts\PredicciónImágenes\Normal\Normal-1746.png,chest_xray,1.0,True,1.0,1.3851880531490224e-08,
scripts\PredicciónImágenes\Normal\Normal-2357.png,chest_xray,1.0,True,1.0,5.240675601814182e-11,
scripts\PredicciónImágenes\Normal\Normal-1081.png,chest_xray,1.0,True,1.0,4.5313454377637896e-11,
scripts\PredicciónImágenes\Normal\Normal-2742.png,chest_xray,1.0,True,1.0,3.985555375313199e-12,
scripts\PredicciónImágenes\Normal\Normal-1304.png,chest_xray,1.0,True,1.0,2.0747901174900107e-08,
scripts\PredicciónImágenes\Normal\Normal-1104.png,chest_xray,1.0,True,1.0,1.6959689208562168e-10,
scripts\PredicciónImágenes\Normal\Normal-1867.png,chest_xray,1.0,True,1.0,1.950858962221358e-12,
scripts\PredicciónImágenes\Normal\Normal-2922.png,chest_xray,1.0,True,1.0,1.990932418927116e-10,
scripts\PredicciónImágenes\Normal\Normal-2384.png,chest_xray,1.0,True,1.0,2.0098771535970172e-09,
scripts\PredicciónImágenes\Normal\Normal-2916.png,chest_xray,1.0,True,1.0,1.0213686840732095e-10,
scripts\PredicciónImágenes\Normal\Normal-310.png,chest_xray,1.0,True,1.0,1.1308010734387142e-12,
scripts\PredicciónImágenes\Normal\Normal-2410.png,chest_xray,1.0,True,1.0,5.870599145696431e-11,
scripts\PredicciónImágenes\Normal\Normal-646.png,chest_xray,1.0,True,1.0,2.0275471839664716e-12,
scripts\PredicciónImágenes\Normal\Normal-47.png,chest_xray,1.0,True,1.0,2.3310548158406164e-08,
scripts\PredicciónImágenes\Normal\Normal-2220.png,chest_xray,1.0,True,1.0,2.9629178613637536e-14,
scripts\PredicciónImágenes\Normal\Normal-1571.png,chest_xray,1.0,True,1.0,7.77652386929617e-11,
scripts\PredicciónImágenes\Normal\Normal-1565.png,chest_xray,1.0,True,1.0,6.429854912393118e-12,
scripts\PredicciónImágenes\Normal\Normal-115.png,chest_xray,1.0,True,1.0,2.660055509196013e-09,
scripts\PredicciónImágenes\Normal\Normal-2965.png,chest_xray,1.0,True,1.0,1.0038207071128014e-10,
scripts\PredicciónImágenes\Normal\Normal-2219.png,chest_xray,1.0,True,1.0,2.8958654918476157e-11,
scripts\PredicciónImágenes\Normal\Normal-466.png,chest_xray,0.9999998807907104,True,0.9999998807907104,1.7396409646153188e-07,
scripts\PredicciónImágenes\Normal\Normal-1457.png,chest_xray,1.0,True,1.0,9.717308901979749e-11,
scripts\PredicciónImágenes\Normal\Normal-952.png,chest_xray,1.0,True,1.0,5.5991452793668905e-12,
scripts\PredicciónImágenes\Normal\Normal-254.png,chest_xray,1.0,True,1.0,5.936518499005672e-10,
scripts\PredicciónImágenes\Normal\Normal-2772.png,chest_xray,1.0,True,1.0,1.970631123560107e-12,
scripts\PredicciónImágenes\Normal\Normal-1869.png,chest_xray,1.0,True,1.0,5.097187602554065e-11,
scripts\PredicciónImágenes\Normal\Normal-1851.png,chest_xray,1.0,True,1.0,1.9107537774232242e-10,
scripts\PredicciónImágenes\Normal\Normal-2671.png,chest_xray,1.0,True,1.0,2.0264105064088378e-12,
scripts\PredicciónImágenes\Normal\Normal-1401.png,chest_xray,1.0,True,1.0,1.5343919468335798e-09,
scripts\PredicciónImágenes\Normal\Normal-577.png,chest_xray,1.0,True,1.0,6.292067561419756e-13,
scripts\PredicciónImágenes\Normal\Normal-2146.png,chest_xray,1.0,True,1.0,5.7314526458185355e-09,
scripts\PredicciónImágenes\Normal\Normal-1894.png,chest_xray,1.0,True,1.0,6.967524335266262e-10,
scripts\PredicciónImágenes\Normal\Normal-2542.png,chest_xray,1.0,True,1.0,1.6549754622285917e-11,
scripts\PredicciónImágenes\Normal\Normal-2248.png,chest_xray,1.0,True,1.0,3.0378493774338433e-13,
scripts\PredicciónImágenes\Normal\Normal-1622.png,chest_xray,1.0,True,1.0,1.8098996260040856e-11,
scripts\PredicciónImágenes\Normal\Normal-1071.png,chest_xray,1.0,True,1.0,4.764154565642387e-13,
scripts\PredicciónImágenes\Normal\Normal-1346.png,chest_xray,1.0,True,1.0,4.741209091996268e-10,
scripts\PredicciónImágenes\Normal\Normal-488.png,chest_xray,1.0,True,1.0,2.7911378069900294e-11,
scripts\PredicciónImágenes\Normal\Normal-1715.png,chest_xray,1.0,True,1.0,1.5649332957973217e-12,
scripts\PredicciónImágenes\Normal\Normal-2495.png,chest_xray,1.0,True,1.0,9.114704704969029e-14,
scripts\PredicciónImágenes\Normal\Normal-1246.png,chest_xray,1.0,True,1.0,7.763375012292961e-12,
scripts\PredicciónImágenes\Normal\Normal-1363.png,chest_xray,1.0,True,1.0,1.0761590729657655e-08,
scripts\PredicciónImágenes\Normal\Normal-2271.png,chest_xray,1.0,True,1.0,3.578784213420505e-10,
scripts\PredicciónImágenes\Normal\Normal-741.png,chest_xray,1.0,True,1.0,1.8295558124048483e-10,
scripts\PredicciónImágenes\Normal\Normal-2628.png,chest_xray,1.0,True,1.0,1.277263184107369e-09,
scripts\PredicciónImágenes\Normal\Normal-1237.png,chest_xray,1.0,True,1.0,3.3608760306030883e-12,
scripts\PredicciónImágenes\Normal\Normal-169.png,chest_xray,1.0,True,1.0,5.357793635835106e-12,
scripts\PredicciónImágenes\Normal\Normal-503.png,chest_xray,1.0,True,1.0,1.3385808017574163e-09,
scripts\PredicciónImágenes\Normal\Normal-1872.png,chest_xray,1.0,True,1.0,4.492895500085581e-10,
scripts\PredicciónImágenes\Normal\Normal-509.png,chest_xray,1.0,True,1.0,1.0989815307782536e-10,
scripts\PredicciónImágenes\Normal\Normal-154.png,chest_xray,1.0,True,1.0,1.563285834116357e-09,
scripts\PredicciónImágenes\Normal\Normal-1315.png,chest_xray,1.0,True,1.0,4.085915217277858e-10,
scripts\PredicciónImágenes\Normal\Normal-2093.png,chest_xray,1.0,True,1.0,1.8128943679585063e-08,
scripts\PredicciónImágenes\Normal\Normal-2338.png,chest_xray,1.0,True,1.0,1.2918015452906967e-13,
scripts\PredicciónImágenes\Normal\Normal-2201.png,chest_xray,1.0,True,1.0,2.4658592875925756e-11,
scripts\PredicciónImágenes\Normal\Normal-1785.png,chest_xray,0.999998927116394,True,0.999998927116394,1.0356774282627157e-06,
scripts\PredicciónImágenes\Normal\Normal-90.png,chest_xray,1.0,True,1.0,5.820479515028509e-12,
scripts\PredicciónImágenes\Normal\Normal-2183.png,chest_xray,1.0,True,1.0,1.41926808083781e-08,
scripts\PredicciónImágenes\Normal\Normal-2857.png,chest_xray,1.0,True,1.0,3.3915914781496026e-13,
scripts\PredicciónImágenes\Normal\Normal-2029.png,chest_xray,1.0,True,1.0,6.5842054031151065e-12,
scripts\PredicciónImágenes\Normal\Normal-2039.png,chest_xray,1.0,True,1.0,7.601099305531989e-09,
scripts\PredicciónImágenes\Normal\Normal-2432.png,chest_xray,0.9999994039535522,True,0.9999994039535522,6.452017373703711e-07,
scripts\PredicciónImágenes\Normal\Normal-2985.png,chest_xray,1.0,True,1.0,7.127358599146039e-13,
scripts\PredicciónImágenes\Normal\Normal-1354.png,chest_xray,1.0,True,1.0,3.700374560803091e-14,
scripts\PredicciónImágenes\Normal\Normal-1961.png,chest_xray,1.0,True,1.0,2.475089289077914e-08,
scripts\PredicciónImágenes\Normal\Normal-334.png,chest_xray,1.0,True,1.0,4.8282289624723695e-12,
scripts\PredicciónImágenes\Normal\Normal-957.png,chest_xray,1.0,True,1.0,3.4520969416362846e-10,
scripts\PredicciónImágenes\Normal\Normal-303.png,chest_xray,1.0,True,1.0,1.448857527008851e-11,
scripts\PredicciónImágenes\Normal\Normal-1256.png,chest_xray,1.0,True,1.0,4.3572723207319086e-10,
scripts\PredicciónImágenes\Normal\Normal-2583.png,chest_xray,1.0,True,1.0,1.4452949947951765e-10,
scripts\PredicciónImágenes\Normal\Normal-618.png,chest_xray,1.0,True,1.0,5.90721638271674e-11,
scripts\PredicciónImágenes\Normal\Normal-160.png,chest_xray,1.0,True,1.0,3.957682515043359e-10,
scripts\PredicciónImágenes\Normal\Normal-1509.png,chest_xray,1.0,True,1.0,1.5812570697271155e-10,
scripts\PredicciónImágenes\Normal\Normal-2341.png,chest_xray,1.0,True,1.0,1.3718927382999624e-10,
scripts\PredicciónImágenes\Normal\Normal-1730.png,chest_xray,1.0,True,1.0,2.1295425492451336e-11,
scripts\PredicciónImágenes\Normal\Normal-390.png,chest_xray,1.0,True,1.0,5.35607225238266e-10,
scripts\PredicciónImágenes\Normal\Normal-522.png,chest_xray,1.0,True,1.0,2.898127016148777e-10,
scripts\PredicciónImágenes\Normal\Normal-829.png,chest_xray,1.0,True,1.0,9.477228724019682e-11,
scripts\PredicciónImágenes\Normal\Normal-1424.png,chest_xray,1.0,True,1.0,9.082548046990269e-10,
scripts\PredicciónImágenes\Normal\Normal-2055.png,chest_xray,1.0,True,1.0,3.608700893664718e-08,
scripts\PredicciónImágenes\Normal\Normal-1029.png,chest_xray,1.0,True,1.0,3.7475947345377847e-10,
scripts\PredicciónImágenes\Normal\Normal-2903.png,chest_xray,1.0,True,1.0,5.196303110022171e-11,
scripts\PredicciónImágenes\Normal\Normal-1047.png,chest_xray,1.0,True,1.0,2.1015413259432847e-13,
scripts\PredicciónImágenes\Normal\Normal-2077.png,chest_xray,1.0,True,1.0,7.537110935373903e-10,
scripts\PredicciónImágenes\Normal\Normal-230.png,chest_xray,1.0,True,1.0,1.1786769477106773e-11,
scripts\PredicciónImágenes\Normal\Normal-236.png,chest_xray,1.0,True,1.0,5.616167531030669e-10,
scripts\PredicciónImágenes\Normal\Normal-404.png,chest_xray,1.0,True,1.0,5.424184656988018e-09,
scripts\PredicciónImágenes\Normal\Normal-830.png,chest_xray,1.0,True,1.0,2.3167785398459095e-11,
scripts\PredicciónImágenes\Normal\Normal-1382.png,chest_xray,1.0,True,1.0,6.171277464744884e-12,
scripts\PredicciónImágenes\Normal\Normal-2480.png,chest_xray,1.0,True,1.0,1.8167832516180482e-10,
scripts\PredicciónImágenes\Normal\Normal-162.png,chest_xray,1.0,True,1.0,1.6518777448334965e-12,
scripts\PredicciónImágenes\Normal\Normal-2716.png,chest_xray,0.9999990463256836,True,0.9999990463256836,9.155534712590452e-07,
scripts\PredicciónImágenes\Normal\Normal-1575.png,chest_xray,1.0,True,1.0,3.8603367724654447e-10,
scripts\PredicciónImágenes\Normal\Normal-2690.png,chest_xray,1.0,True,1.0,3.49419027045883e-09,
scripts\PredicciónImágenes\Normal\Normal-1128.png,chest_xray,1.0,True,1.0,2.370517671046457e-10,
scripts\PredicciónImágenes\Normal\Normal-1225.png,chest_xray,1.0,True,1.0,4.90141442515378e-14,
scripts\PredicciónImágenes\Normal\Normal-2928.png,chest_xray,1.0,True,1.0,7.470768448314402e-11,
scripts\PredicciónImágenes\Normal\Normal-1396.png,chest_xray,1.0,True,1.0,2.235241103321073e-09,
scripts\PredicciónImágenes\Normal\Normal-1487.png,chest_xray,1.0,True,1.0,9.734798037119852e-12,
scripts\PredicciónImágenes\Normal\Normal-654.png,chest_xray,1.0,True,1.0,2.3746490884768434e-10,
scripts\PredicciónImágenes\Normal\Normal-2817.png,chest_xray,1.0,True,1.0,3.917527191532599e-09,
scripts\PredicciónImágenes\Normal\Normal-915.png,chest_xray,1.0,True,1.0,3.196156228568725e-08,
scripts\PredicciónImágenes\Normal\Normal-899.png,chest_xray,1.0,True,1.0,1.5628460331429395e-11,
scripts\PredicciónImágenes\Normal\Normal-443.png,chest_xray,0.9996328353881836,True,0.9996328353881836,0.0003671946469694376,
scripts\PredicciónImágenes\Normal\Normal-2694.png,chest_xray,1.0,True,1.0,6.636891036748693e-10,
scripts\PredicciónImágenes\Normal\Normal-1108.png,chest_xray,1.0,True,1.0,7.646730360022502e-09,
scripts\PredicciónImágenes\Normal\Normal-2778.png,chest_xray,1.0,True,1.0,2.8891722791968277e-08,
scripts\PredicciónImágenes\Normal\Normal-1908.png,chest_xray,1.0,True,1.0,3.7804398500540515e-10,
scripts\PredicciónImágenes\Normal\Normal-580.png,chest_xray,1.0,True,1.0,4.635970426991598e-12,
scripts\PredicciónImágenes\Normal\Normal-1050.png,chest_xray,1.0,True,1.0,3.1349691731463736e-09,
scripts\PredicciónImágenes\Normal\Normal-31.png,chest_xray,0.9999997615814209,True,0.9999997615814209,1.7883529324080882e-07,
scripts\PredicciónImágenes\Normal\Normal-1631.png,chest_xray,1.0,True,1.0,1.8034643778364057e-09,
scripts\PredicciónImágenes\Normal\Normal-772.png,chest_xray,1.0,True,1.0,2.6212039205830706e-09,
scripts\PredicciónImágenes\Normal\Normal-951.png,chest_xray,1.0,True,1.0,2.755307267066076e-11,
scripts\PredicciónImágenes\Normal\Normal-1768.png,chest_xray,1.0,True,1.0,2.9008784707684754e-08,
scripts\PredicciónImágenes\Normal\Normal-364.png,chest_xray,1.0,True,1.0,4.566205746847629e-11,
scripts\PredicciónImágenes\Normal\Normal-689.png,chest_xray,1.0,True,1.0,1.4687953076020221e-09,
scripts\PredicciónImágenes\Normal\Normal-873.png,chest_xray,1.0,True,1.0,1.6305937711180718e-09,
scripts\PredicciónImágenes\Normal\Normal-651.png,chest_xray,1.0,True,1.0,2.3655649921544564e-12,
scripts\PredicciónImágenes\Normal\Normal-732.png,chest_xray,1.0,True,1.0,1.4168256790014766e-08,
scripts\PredicciónImágenes\Normal\Normal-905.png,chest_xray,1.0,True,1.0,9.988021520968005e-10,
scripts\PredicciónImágenes\Normal\Normal-2576.png,chest_xray,1.0,True,1.0,3.9209355762181985e-09,
scripts\PredicciónImágenes\Normal\Normal-552.png,chest_xray,1.0,True,1.0,1.8822150504860247e-09,
scripts\PredicciónImágenes\Normal\Normal-12.png,chest_xray,1.0,True,1.0,4.274492912403893e-11,
scripts\PredicciónImágenes\Normal\Normal-42.png,chest_xray,1.0,True,1.0,5.0425210881832605e-12,
scripts\PredicciónImágenes\Normal\Normal-1433.png,chest_xray,1.0,True,1.0,1.2943018878885937e-10,
scripts\PredicciónImágenes\Normal\Normal-558.png,chest_xray,1.0,True,1.0,1.4309375732934893e-11,
scripts\PredicciónImágenes\Normal\Normal-1075.png,chest_xray,1.0,True,1.0,4.95551776696912e-12,
scripts\PredicciónImágenes\Normal\Normal-1473.png,chest_xray,1.0,True,1.0,1.4377407684534882e-12,
scripts\PredicciónImágenes\Normal\Normal-1118.png,chest_xray,1.0,True,1.0,3.24813259622303e-10,
scripts\PredicciónImágenes\Normal\Normal-2843.png,chest_xray,1.0,True,1.0,1.5004582021305168e-09,
scripts\PredicciónImágenes\Normal\Normal-605.png,chest_xray,1.0,True,1.0,6.495744220291755e-11,
scripts\PredicciónImágenes\Normal\Normal-1510.png,chest_xray,1.0,True,1.0,7.802874790741043e-09,
scripts\PredicciónImágenes\Normal\Normal-1701.png,chest_xray,1.0,True,1.0,2.849786650150482e-13,
scripts\PredicciónImágenes\Normal\Normal-2122.png,chest_xray,1.0,True,1.0,1.6007847825072474e-10,
scripts\PredicciónImágenes\Normal\Normal-2782.png,chest_xray,1.0,True,1.0,9.510080500874096e-10,
scripts\PredicciónImágenes\Normal\Normal-180.png,chest_xray,1.0,True,1.0,1.2372625146639393e-09,
scripts\PredicciónImágenes\Normal\Normal-1188.png,chest_xray,1.0,True,1.0,4.54829750251573e-12,
scripts\PredicciónImágenes\Normal\Normal-170.png,chest_xray,1.0,True,1.0,2.372767997707581e-12,
scripts\PredicciónImágenes\Normal\Normal-504.png,chest_xray,1.0,True,1.0,1.456693793366881e-11,
scripts\PredicciónImágenes\Normal\Normal-2787.png,chest_xray,1.0,True,1.0,4.39630554183168e-11,
scripts\PredicciónImágenes\Normal\Normal-308.png,chest_xray,1.0,True,1.0,5.270826310133092e-12,
scripts\PredicciónImágenes\Normal\Normal-1226.png,chest_xray,1.0,True,1.0,4.7819938980842025e-11,
scripts\PredicciónImágenes\Normal\Normal-2660.png,chest_xray,1.0,True,1.0,3.037230023039683e-09,
scripts\PredicciónImágenes\Normal\Normal-24.png,chest_xray,1.0,True,1.0,1.0666448627127956e-11,
scripts\PredicciónImágenes\Normal\Normal-2427.png,chest_xray,1.0,True,1.0,9.685140059736974e-13,
scripts\PredicciónImágenes\Normal\Normal-87.png,chest_xray,1.0,True,1.0,4.980217627181815e-13,
scripts\PredicciónImágenes\Normal\Normal-2895.png,chest_xray,1.0,True,1.0,7.503632160066331e-10,
scripts\PredicciónImágenes\Normal\Normal-2640.png,chest_xray,1.0,True,1.0,5.28323218507154e-10,
scripts\PredicciónImágenes\Normal\Normal-1734.png,chest_xray,1.0,True,1.0,6.8592215241025656e-12,
scripts\PredicciónImágenes\Normal\Normal-2103.png,chest_xray,1.0,True,1.0,4.24611734661795e-11,
scripts\PredicciónImágenes\Normal\Normal-711.png,chest_xray,1.0,True,1.0,2.8057227652311667e-09,
scripts\PredicciónImágenes\Normal\Normal-2139.png,chest_xray,1.0,True,1.0,6.322163903504929e-10,
scripts\PredicciónImágenes\Normal\Normal-2267.png,chest_xray,1.0,True,1.0,4.3740761013211227e-10,
scripts\PredicciónImágenes\Normal\Normal-1096.png,chest_xray,1.0,True,1.0,4.868534464463892e-10,
scripts\PredicciónImágenes\Normal\Normal-2312.png,chest_xray,1.0,True,1.0,5.1225766684037666e-11,
scripts\PredicciónImágenes\Normal\Normal-2631.png,chest_xray,1.0,True,1.0,1.410471739404784e-10,
scripts\PredicciónImágenes\Normal\Normal-14.png,chest_xray,1.0,True,1.0,5.840060435247096e-09,
scripts\PredicciónImágenes\Normal\Normal-1269.png,chest_xray,1.0,True,1.0,1.909326696747371e-09,
scripts\PredicciónImágenes\Normal\Normal-1914.png,chest_xray,1.0,True,1.0,1.4598995345949106e-09,
scripts\PredicciónImágenes\Normal\Normal-1030.png,chest_xray,1.0,True,1.0,7.271466206937305e-10,
scripts\PredicciónImágenes\Normal\Normal-324.png,chest_xray,1.0,True,1.0,5.1362934738730104e-11,
scripts\PredicciónImágenes\Normal\Normal-1626.png,chest_xray,1.0,True,1.0,2.7804987045437768e-12,
scripts\PredicciónImágenes\Normal\Normal-1747.png,chest_xray,1.0,True,1.0,8.447929022992184e-10,
scripts\PredicciónImágenes\Normal\Normal-933.png,chest_xray,1.0,True,1.0,1.3855619429570254e-10,
scripts\PredicciónImágenes\Normal\Normal-1550.png,chest_xray,1.0,True,1.0,7.757069292457786e-12,
scripts\PredicciónImágenes\Normal\Normal-2634.png,chest_xray,1.0,True,1.0,9.984464810486315e-09,
scripts\PredicciónImágenes\Normal\Normal-374.png,chest_xray,1.0,True,1.0,3.1419037510582726e-11,
scripts\PredicciónImágenes\Normal\Normal-1995.png,chest_xray,1.0,True,1.0,7.505124521856033e-09,
scripts\PredicciónImágenes\Normal\Normal-197.png,chest_xray,1.0,True,1.0,1.645185238041691e-10,
scripts\PredicciónImágenes\Normal\Normal-1891.png,chest_xray,1.0,True,1.0,7.262536405594489e-11,
scripts\PredicciónImágenes\Normal\Normal-75.png,chest_xray,1.0,True,1.0,1.177340724911602e-10,
scripts\PredicciónImágenes\Normal\Normal-1584.png,chest_xray,1.0,True,1.0,2.3158274343321184e-12,
scripts\PredicciónImágenes\Normal\Normal-1682.png,chest_xray,1.0,True,1.0,7.706435489751584e-10,
scripts\PredicciónImágenes\Normal\Normal-2218.png,chest_xray,1.0,True,1.0,1.4167033102197024e-09,
scripts\PredicciónImágenes\Normal\Normal-2464.png,chest_xray,1.0,True,1.0,2.3836296825230363e-10,
scripts\PredicciónImágenes\Normal\Normal-1012.png,chest_xray,1.0,True,1.0,3.74568653871421e-10,
scripts\PredicciónImágenes\Normal\Normal-993.png,chest_xray,1.0,True,1.0,2.112182651003991e-09,
scripts\PredicciónImágenes\Normal\Normal-2954.png,chest_xray,1.0,True,1.0,4.0422873381906754e-11,
scripts\PredicciónImágenes\Normal\Normal-2595.png,chest_xray,1.0,True,1.0,1.9623120402906258e-12,
scripts\PredicciónImágenes\Normal\Normal-2385.png,chest_xray,1.0,True,1.0,4.569135347853859e-10,
scripts\PredicciónImágenes\Normal\Normal-58.png,chest_xray,1.0,True,1.0,2.64241475922411e-11,
scripts\PredicciónImágenes\Normal\Normal-858.png,chest_xray,1.0,True,1.0,2.9397724254920377e-09,
scripts\PredicciónImágenes\Normal\Normal-2346.png,chest_xray,1.0,True,1.0,5.105146513861847e-11,
scripts\PredicciónImágenes\Normal\Normal-597.png,chest_xray,1.0,True,1.0,1.521869713583257e-10,
scripts\PredicciónImágenes\Normal\Normal-23.png,chest_xray,1.0,True,1.0,1.3275604227036553e-10,
scripts\PredicciónImágenes\Normal\Normal-1920.png,chest_xray,1.0,True,1.0,2.74191919169553e-10,
scripts\PredicciónImágenes\Normal\Normal-2718.png,chest_xray,1.0,True,1.0,5.337562614116109e-10,
scripts\PredicciónImágenes\Normal\Normal-978.png,chest_xray,1.0,True,1.0,1.035859245601678e-10,
scripts\PredicciónImágenes\Normal\Normal-598.png,chest_xray,1.0,True,1.0,3.970416660378784e-13,
scripts\PredicciónImágenes\Normal\Normal-2875.png,chest_xray,1.0,True,1.0,4.923936258727224e-12,
scripts\PredicciónImágenes\Normal\Normal-2891.png,chest_xray,1.0,True,1.0,1.631055533690695e-11,
scripts\PredicciónImágenes\Normal\Normal-1378.png,chest_xray,1.0,True,1.0,2.211388938633263e-08,
scripts\PredicciónImágenes\Normal\Normal-1779.png,chest_xray,1.0,True,1.0,9.318195087065773e-13,
scripts\PredicciónImágenes\Normal\Normal-255.png,chest_xray,1.0,True,1.0,1.0355826612906682e-10,
scripts\PredicciónImágenes\Normal\Normal-1926.png,chest_xray,1.0,True,1.0,1.4007023318995948e-10,
scripts\PredicciónImágenes\Normal\Normal-1896.png,chest_xray,1.0,True,1.0,2.1075204081899557e-11,
scripts\PredicciónImágenes\Normal\Normal-1233.png,chest_xray,1.0,True,1.0,1.7121451478807614e-10,
scripts\PredicciónImágenes\Normal\Normal-276.png,chest_xray,1.0,True,1.0,1.4568743780807303e-11,
scripts\PredicciónImágenes\Normal\Normal-1761.png,chest_xray,1.0,True,1.0,8.03838151597347e-09,
scripts\PredicciónImágenes\Normal\Normal-713.png,chest_xray,1.0,True,1.0,4.580232026984987e-11,
scripts\PredicciónImágenes\Normal\Normal-706.png,chest_xray,1.0,True,1.0,5.2272384337692657e-11,
scripts\PredicciónImágenes\Normal\Normal-1422.png,chest_xray,1.0,True,1.0,1.3063511383748505e-09,
scripts\PredicciónImágenes\Normal\Normal-2182.png,chest_xray,1.0,True,1.0,6.381454809023523e-10,
scripts\PredicciónImágenes\Normal\Normal-239.png,chest_xray,1.0,True,1.0,7.558269288221453e-11,
scripts\PredicciónImágenes\Normal\Normal-258.png,chest_xray,1.0,True,1.0,7.290345410693178e-12,
scripts\PredicciónImágenes\Normal\Normal-2759.png,chest_xray,1.0,True,1.0,5.5220539946221336e-11,
scripts\PredicciónImágenes\Normal\Normal-450.png,chest_xray,1.0,True,1.0,2.9256244649111807e-10,
scripts\PredicciónImágenes\Normal\Normal-306.png,chest_xray,1.0,True,1.0,3.974927158256758e-12,
scripts\PredicciónImágenes\Normal\Normal-1301.png,chest_xray,1.0,True,1.0,8.780264015850747e-11,
scripts\PredicciónImágenes\Normal\Normal-2549.png,chest_xray,1.0,True,1.0,1.0256904700578495e-11,
scripts\PredicciónImágenes\Normal\Normal-1945.png,chest_xray,1.0,True,1.0,9.362671749002516e-11,
scripts\PredicciónImágenes\Normal\Normal-2459.png,chest_xray,1.0,True,1.0,2.547224653426383e-09,
scripts\PredicciónImágenes\Normal\Normal-1136.png,chest_xray,1.0,True,1.0,3.6171871053980453e-10,
scripts\PredicciónImágenes\Normal\Normal-1713.png,chest_xray,1.0,True,1.0,1.0178287900008964e-11,
scripts\PredicciónImágenes\Normal\Normal-2052.png,chest_xray,1.0,True,1.0,1.3197422044086693e-09,
scripts\PredicciónImágenes\Normal\Normal-1407.png,chest_xray,1.0,True,1.0,1.9330005651685411e-10,
scripts\PredicciónImágenes\Normal\Normal-414.png,chest_xray,1.0,True,1.0,2.0548496237893232e-09,
scripts\PredicciónImágenes\Normal\Normal-2811.png,chest_xray,1.0,True,1.0,1.917485094315996e-11,
scripts\PredicciónImágenes\Normal\Normal-1930.png,chest_xray,1.0,True,1.0,1.815750882983025e-10,
scripts\PredicciónImágenes\Normal\Normal-1524.png,chest_xray,1.0,True,1.0,7.317779715521056e-11,
scripts\PredicciónImágenes\Normal\Normal-2068.png,chest_xray,1.0,True,1.0,1.935550830722832e-09,
scripts\PredicciónImágenes\Normal\Normal-2477.png,chest_xray,1.0,True,1.0,4.842531264870331e-09,
scripts\PredicciónImágenes\Normal\Normal-199.png,chest_xray,1.0,True,1.0,2.3099305454521435e-11,
scripts\PredicciónImágenes\Normal\Normal-1416.png,chest_xray,1.0,True,1.0,2.2862697846015578e-11,
scripts\PredicciónImágenes\Normal\Normal-1475.png,chest_xray,1.0,True,1.0,7.869636053925433e-10,
scripts\PredicciónImágenes\Normal\Normal-2440.png,chest_xray,1.0,True,1.0,7.126526591072491e-10,
scripts\PredicciónImágenes\Normal\Normal-1842.png,chest_xray,1.0,True,1.0,2.3607082955123815e-10,
scripts\PredicciónImágenes\Normal\Normal-1782.png,chest_xray,1.0,True,1.0,3.627295946245779e-13,
scripts\PredicciónImágenes\Normal\Normal-2766.png,chest_xray,1.0,True,1.0,4.901160033377039e-11,
scripts\PredicciónImágenes\Normal\Normal-559.png,chest_xray,1.0,True,1.0,5.678076064885573e-11,
scripts\PredicciónImágenes\Normal\Normal-728.png,chest_xray,1.0,True,1.0,1.0918298209983135e-10,
scripts\PredicciónImágenes\Normal\Normal-2401.png,chest_xray,1.0,True,1.0,2.956099254269873e-10,
scripts\PredicciónImágenes\Normal\Normal-2444.png,chest_xray,1.0,True,1.0,1.3824356590030895e-11,
scripts\PredicciónImágenes\Normal\Normal-48.png,chest_xray,1.0,True,1.0,2.088895376117783e-11,
scripts\PredicciónImágenes\Normal\Normal-2846.png,chest_xray,1.0,True,1.0,1.02202402096907e-09,
scripts\PredicciónImágenes\Normal\Normal-1161.png,chest_xray,1.0,True,1.0,1.4417837583546866e-11,
scripts\PredicciónImágenes\Normal\Normal-704.png,chest_xray,1.0,True,1.0,9.580393145469657e-10,
scripts\PredicciónImágenes\Normal\Normal-5.png,chest_xray,1.0,True,1.0,1.2796913528845266e-10,
scripts\PredicciónImágenes\Normal\Normal-335.png,chest_xray,1.0,True,1.0,3.0357600114272465e-12,
scripts\PredicciónImágenes\Normal\Normal-1042.png,chest_xray,1.0,True,1.0,2.6735422903323425e-11,
scripts\PredicciónImágenes\Normal\Normal-1201.png,chest_xray,1.0,True,1.0,1.1577730441025835e-10,
scripts\PredicciónImágenes\Normal\Normal-2932.png,chest_xray,1.0,True,1.0,1.2798231918687009e-10,
scripts\PredicciónImágenes\Normal\Normal-1754.png,chest_xray,1.0,True,1.0,1.184352060867866e-10,
scripts\PredicciónImágenes\Normal\Normal-2739.png,chest_xray,1.0,True,1.0,8.963686563834283e-12,
scripts\PredicciónImágenes\Normal\Normal-103.png,chest_xray,1.0,True,1.0,8.793714201260627e-09,
scripts\PredicciónImágenes\Normal\Normal-1214.png,chest_xray,1.0,True,1.0,1.5124923882781083e-12,
scripts\PredicciónImágenes\Normal\Normal-2870.png,chest_xray,1.0,True,1.0,4.935776787284851e-11,
scripts\PredicciónImágenes\Normal\Normal-2528.png,chest_xray,1.0,True,1.0,2.9054701353170564e-11,
scripts\PredicciónImágenes\Normal\Normal-389.png,chest_xray,1.0,True,1.0,7.825077252832102e-10,
scripts\PredicciónImágenes\Normal\Normal-35.png,chest_xray,1.0,True,1.0,8.712675025890348e-09,
scripts\PredicciónImágenes\Normal\Normal-1147.png,chest_xray,1.0,True,1.0,9.261473254973396e-10,
scripts\PredicciónImágenes\Normal\Normal-1146.png,chest_xray,1.0,True,1.0,2.748842931055151e-09,
scripts\PredicciónImágenes\Normal\Normal-802.png,chest_xray,1.0,True,1.0,6.251968720505374e-09,
scripts\PredicciónImágenes\Normal\Normal-1020.png,chest_xray,1.0,True,1.0,1.1259420479303728e-11,
scripts\PredicciónImágenes\Normal\Normal-657.png,chest_xray,1.0,True,1.0,1.5885095972986707e-13,
scripts\PredicciónImágenes\Normal\Normal-317.png,chest_xray,1.0,True,1.0,8.269729519227997e-12,
scripts\PredicciónImágenes\Normal\Normal-2853.png,chest_xray,1.0,True,1.0,2.9314223271015294e-10,
scripts\PredicciónImágenes\Normal\Normal-2957.png,chest_xray,1.0,True,1.0,2.5049393115317287e-11,
scripts\PredicciónImágenes\Normal\Normal-156.png,chest_xray,1.0,True,1.0,8.190168543364962e-10,
scripts\PredicciónImágenes\Normal\Normal-167.png,chest_xray,1.0,True,1.0,1.7438317456708319e-09,
scripts\PredicciónImágenes\Normal\Normal-2481.png,chest_xray,1.0,True,1.0,7.546662739166266e-10,
scripts\PredicciónImágenes\Normal\Normal-2991.png,chest_xray,1.0,True,1.0,4.903834283087605e-11,
scripts\PredicciónImágenes\Normal\Normal-1823.png,chest_xray,1.0,True,1.0,6.883964065451664e-09,
scripts\PredicciónImágenes\Normal\Normal-2434.png,chest_xray,1.0,True,1.0,7.160449316812034e-11,
scripts\PredicciónImágenes\Normal\Normal-2083.png,chest_xray,1.0,True,1.0,1.5645370415873217e-11,
scripts\PredicciónImágenes\Normal\Normal-709.png,chest_xray,1.0,True,1.0,3.9324152267816714e-10,
scripts\PredicciónImágenes\Normal\Normal-1603.png,chest_xray,1.0,True,1.0,2.540623267321962e-11,
scripts\PredicciónImágenes\Normal\Normal-2057.png,chest_xray,1.0,True,1.0,4.297476596804017e-09,
scripts\PredicciónImágenes\Normal\Normal-2274.png,chest_xray,1.0,True,1.0,1.5539475262116298e-10,
scripts\PredicciónImágenes\Normal\Normal-209.png,chest_xray,1.0,True,1.0,8.091879388771872e-10,
scripts\PredicciónImágenes\Normal\Normal-2945.png,chest_xray,1.0,True,1.0,1.4157139349713077e-10,
scripts\PredicciónImágenes\Normal\Normal-653.png,chest_xray,1.0,True,1.0,4.754974747278595e-10,
scripts\PredicciónImágenes\Normal\Normal-278.png,chest_xray,1.0,True,1.0,1.2697804613326369e-11,
scripts\PredicciónImágenes\Normal\Normal-1581.png,chest_xray,1.0,True,1.0,1.168558999564695e-11,
scripts\PredicciónImágenes\Normal\Normal-2114.png,chest_xray,1.0,True,1.0,2.621512451561614e-10,
scripts\PredicciónImágenes\Normal\Normal-2983.png,chest_xray,1.0,True,1.0,1.4178994783842214e-11,
scripts\PredicciónImágenes\Normal\Normal-2305.png,chest_xray,1.0,True,1.0,4.754226526348937e-12,
scripts\PredicciónImágenes\Normal\Normal-731.png,chest_xray,1.0,True,1.0,6.344971215099804e-10,
scripts\PredicciónImágenes\Normal\Normal-2388.png,chest_xray,1.0,True,1.0,8.199887296944652e-11,
scripts\PredicciónImágenes\Normal\Normal-527.png,chest_xray,1.0,True,1.0,1.535208456670753e-13,
scripts\PredicciónImágenes\Normal\Normal-1278.png,chest_xray,1.0,True,1.0,3.2248246295552008e-09,
scripts\PredicciónImágenes\Normal\Normal-2588.png,chest_xray,1.0,True,1.0,1.4827741898898461e-12,
scripts\PredicciónImágenes\Normal\Normal-1624.png,chest_xray,1.0,True,1.0,4.122863161981627e-11,
scripts\PredicciónImágenes\Normal\Normal-407.png,chest_xray,1.0,True,1.0,1.7082038908378117e-11,
scripts\PredicciónImágenes\Normal\Normal-2786.png,chest_xray,1.0,True,1.0,9.391176204742724e-12,
scripts\PredicciónImágenes\Normal\Normal-499.png,chest_xray,1.0,True,1.0,3.9364375647998884e-10,
scripts\PredicciónImágenes\Normal\Normal-211.png,chest_xray,1.0,True,1.0,3.2029634500219117e-10,
scripts\PredicciónImágenes\Normal\Normal-2124.png,chest_xray,1.0,True,1.0,1.5924314644699678e-10,
scripts\PredicciónImágenes\Normal\Normal-847.png,chest_xray,1.0,True,1.0,8.630073877746725e-10,
scripts\PredicciónImágenes\Normal\Normal-1288.png,chest_xray,1.0,True,1.0,9.286551388987263e-11,
scripts\PredicciónImágenes\Normal\Normal-778.png,chest_xray,1.0,True,1.0,4.120526853057527e-08,
scripts\PredicciónImágenes\Normal\Normal-1462.png,chest_xray,1.0,True,1.0,9.13585740391909e-09,
scripts\PredicciónImágenes\Normal\Normal-1839.png,chest_xray,1.0,True,1.0,6.928370637621084e-12,
scripts\PredicciónImágenes\Normal\Normal-2858.png,chest_xray,1.0,True,1.0,8.48642545125955e-11,
scripts\PredicciónImágenes\Normal\Normal-676.png,chest_xray,1.0,True,1.0,6.454574288244919e-13,
scripts\PredicciónImágenes\Normal\Normal-1640.png,chest_xray,1.0,True,1.0,1.155425234655727e-11,
scripts\PredicciónImágenes\Normal\Normal-1841.png,chest_xray,1.0,True,1.0,3.1503709363445154e-11,
scripts\PredicciónImágenes\Normal\Normal-1134.png,chest_xray,1.0,True,1.0,4.309680390335302e-10,
scripts\PredicciónImágenes\Normal\Normal-213.png,chest_xray,1.0,True,1.0,5.909022160466293e-10,
scripts\PredicciónImágenes\Normal\Normal-480.png,chest_xray,1.0,True,1.0,1.1359428675472572e-10,
scripts\PredicciónImágenes\Normal\Normal-516.png,chest_xray,1.0,True,1.0,8.757738978459884e-10,
scripts\PredicciónImágenes\Normal\Normal-84.png,chest_xray,1.0,True,1.0,1.107226550028928e-11,
scripts\PredicciónImágenes\Normal\Normal-2189.png,chest_xray,1.0,True,1.0,1.1137592931254048e-10,
scripts\PredicciónImágenes\Normal\Normal-2657.png,chest_xray,0.9999997615814209,True,0.9999997615814209,2.4197845505113946e-07,
scripts\PredicciónImágenes\Normal\Normal-1043.png,chest_xray,1.0,True,1.0,3.000847348388902e-10,
scripts\PredicciónImágenes\Normal\Normal-801.png,chest_xray,1.0,True,1.0,1.9711510201858573e-11,
scripts\PredicciónImágenes\Normal\Normal-1665.png,chest_xray,1.0,True,1.0,1.8300129467352377e-10,
scripts\PredicciónImágenes\Normal\Normal-2214.png,chest_xray,1.0,True,1.0,5.464234750438002e-13,
scripts\PredicciónImágenes\Normal\Normal-1530.png,chest_xray,1.0,True,1.0,3.8174498284693215e-11,
scripts\PredicciónImágenes\Normal\Normal-1959.png,chest_xray,1.0,True,1.0,2.4857574765918544e-12,
scripts\PredicciónImágenes\Normal\Normal-855.png,chest_xray,1.0,True,1.0,3.3907796709309324e-11,
scripts\PredicciónImágenes\Normal\Normal-827.png,chest_xray,1.0,True,1.0,1.2847495289847188e-09,
scripts\PredicciónImágenes\Normal\Normal-995.png,chest_xray,1.0,True,1.0,8.207585999731037e-11,
scripts\PredicciónImágenes\Normal\Normal-2034.png,chest_xray,1.0,True,1.0,3.129592140993509e-09,
scripts\PredicciónImágenes\Normal\Normal-1442.png,chest_xray,1.0,True,1.0,6.175337574632067e-09,
scripts\PredicciónImágenes\Normal\Normal-1722.png,chest_xray,1.0,True,1.0,1.52478030202019e-11,
scripts\PredicciónImágenes\Normal\Normal-56.png,chest_xray,1.0,True,1.0,2.44340658817066e-10,
scripts\PredicciónImágenes\Normal\Normal-330.png,chest_xray,1.0,True,1.0,8.203113743832091e-10,
scripts\PredicciónImágenes\Normal\Normal-1087.png,chest_xray,1.0,True,1.0,1.9634184555972212e-10,
scripts\PredicciónImágenes\Normal\Normal-1242.png,chest_xray,1.0,True,1.0,1.9360890668451702e-10,
scripts\PredicciónImágenes\Normal\Normal-2404.png,chest_xray,1.0,True,1.0,4.362159938819943e-11,
scripts\PredicciónImágenes\Normal\Normal-2998.png,chest_xray,1.0,True,1.0,6.758288151331726e-09,
scripts\PredicciónImágenes\Normal\Normal-663.png,chest_xray,1.0,True,1.0,4.7065917650876074e-14,
scripts\PredicciónImágenes\Normal\Normal-748.png,chest_xray,1.0,True,1.0,1.3071516525436921e-12,
scripts\PredicciónImágenes\Normal\Normal-1481.png,chest_xray,1.0,True,1.0,3.923636526792507e-09,
scripts\PredicciónImágenes\Normal\Normal-1076.png,chest_xray,1.0,True,1.0,1.0458410526492656e-10,
scripts\PredicciónImágenes\Normal\Normal-491.png,chest_xray,1.0,True,1.0,5.609209208223831e-10,
scripts\PredicciónImágenes\Normal\Normal-955.png,chest_xray,1.0,True,1.0,1.9894558223043646e-10,
scripts\PredicciónImágenes\Normal\Normal-1362.png,chest_xray,1.0,True,1.0,5.4541714894495996e-11,
scripts\PredicciónImágenes\Normal\Normal-2110.png,chest_xray,1.0,True,1.0,1.5497783178303193e-12,
scripts\PredicciónImágenes\Normal\Normal-675.png,chest_xray,1.0,True,1.0,2.124246556434173e-09,
scripts\PredicciónImágenes\Normal\Normal-939.png,chest_xray,1.0,True,1.0,1.878538880006886e-09,
scripts\PredicciónImágenes\Normal\Normal-2330.png,chest_xray,1.0,True,1.0,4.59984272893621e-11,
scripts\PredicciónImágenes\Normal\Normal-45.png,chest_xray,0.9999997615814209,True,0.9999997615814209,1.8131784429442632e-07,
scripts\PredicciónImágenes\Normal\Normal-2339.png,chest_xray,1.0,True,1.0,2.369695994985932e-09,
scripts\PredicciónImágenes\Normal\Normal-463.png,chest_xray,1.0,True,1.0,4.4990504377562246e-11,
scripts\PredicciónImágenes\Normal\Normal-245.png,chest_xray,1.0,True,1.0,1.3754291108836192e-11,
scripts\PredicciónImágenes\Normal\Normal-2850.png,chest_xray,1.0,True,1.0,9.265249678591658e-11,
scripts\PredicciónImágenes\Normal\Normal-630.png,chest_xray,1.0,True,1.0,2.1278907591038357e-14,
scripts\PredicciónImágenes\Normal\Normal-820.png,chest_xray,1.0,True,1.0,1.4685172522455048e-10,
scripts\PredicciónImágenes\Normal\Normal-1534.png,chest_xray,1.0,True,1.0,2.5657037605597566e-10,
scripts\PredicciónImágenes\Normal\Normal-1458.png,chest_xray,1.0,True,1.0,6.492842721805836e-12,
scripts\PredicciónImágenes\Normal\Normal-655.png,chest_xray,1.0,True,1.0,3.996913477272157e-12,
scripts\PredicciónImágenes\Normal\Normal-2249.png,chest_xray,1.0,True,1.0,2.3625225040180275e-11,
scripts\PredicciónImágenes\Normal\Normal-1831.png,chest_xray,1.0,True,1.0,4.2456982374261543e-10,
scripts\PredicciónImágenes\Normal\Normal-757.png,chest_xray,1.0,True,1.0,4.254043298179688e-12,
scripts\PredicciónImágenes\Normal\Normal-2425.png,chest_xray,1.0,True,1.0,4.04784650243073e-09,
scripts\PredicciónImágenes\Normal\Normal-1796.png,chest_xray,1.0,True,1.0,1.8323391415275836e-10,
scripts\PredicciónImágenes\Normal\Normal-1144.png,chest_xray,1.0,True,1.0,2.5778847945190364e-09,
scripts\PredicciónImágenes\Normal\Normal-2333.png,chest_xray,1.0,True,1.0,7.451660399837579e-10,
scripts\PredicciónImágenes\Normal\Normal-2665.png,chest_xray,1.0,True,1.0,2.475502303145305e-10,
scripts\PredicciónImágenes\Normal\Normal-2702.png,chest_xray,1.0,True,1.0,1.1027259105844678e-09,
scripts\PredicciónImágenes\Normal\Normal-2399.png,chest_xray,1.0,True,1.0,1.3714159148581206e-11,
scripts\PredicciónImágenes\Normal\Normal-990.png,chest_xray,1.0,True,1.0,1.0057338295510476e-09,
scripts\PredicciónImágenes\Normal\Normal-1778.png,chest_xray,1.0,True,1.0,2.7499023058652483e-09,
scripts\PredicciónImágenes\Normal\Normal-1419.png,chest_xray,1.0,True,1.0,3.779172974560652e-09,
scripts\PredicciónImágenes\Normal\Normal-781.png,chest_xray,1.0,True,1.0,6.090315751716702e-11,
scripts\PredicciónImágenes\Normal\Normal-2030.png,chest_xray,1.0,True,1.0,6.550210027156389e-12,
scripts\PredicciónImágenes\Normal\Normal-2265.png,chest_xray,1.0,True,1.0,1.171496510909975e-10,
scripts\PredicciónImágenes\Normal\Normal-1554.png,chest_xray,1.0,True,1.0,9.107210818815048e-11,
scripts\PredicciónImágenes\Normal\Normal-2688.png,chest_xray,1.0,True,1.0,2.621102501709771e-10,
scripts\PredicciónImágenes\Normal\Normal-2907.png,chest_xray,1.0,True,1.0,6.403349378514278e-11,
scripts\PredicciónImágenes\Normal\Normal-1156.png,chest_xray,1.0,True,1.0,2.510269991873315e-09,
scripts\PredicciónImágenes\Normal\Normal-726.png,chest_xray,1.0,True,1.0,4.318610358211572e-09,
scripts\PredicciónImágenes\Normal\Normal-876.png,chest_xray,1.0,True,1.0,1.748190064931876e-10,
scripts\PredicciónImágenes\Normal\Normal-32.png,chest_xray,1.0,True,1.0,6.775063288166905e-10,
scripts\PredicciónImágenes\Normal\Normal-2585.png,chest_xray,1.0,True,1.0,4.22047327641728e-11,
scripts\PredicciónImágenes\Normal\Normal-2776.png,chest_xray,0.9999998807907104,True,0.9999998807907104,1.6195578211863904e-07,
scripts\PredicciónImágenes\Normal\Normal-380.png,chest_xray,1.0,True,1.0,3.131762557617712e-11,
scripts\PredicciónImágenes\Normal\Normal-1687.png,chest_xray,1.0,True,1.0,1.8718745997681197e-10,
scripts\PredicciónImágenes\Normal\Normal-1864.png,chest_xray,1.0,True,1.0,2.4188042679895716e-09,
scripts\PredicciónImágenes\Normal\Normal-1219.png,chest_xray,1.0,True,1.0,1.624450463033611e-09,
scripts\PredicciónImágenes\Normal\Normal-1973.png,chest_xray,1.0,True,1.0,4.3141051841999456e-10,
scripts\PredicciónImágenes\Normal\Normal-2874.png,chest_xray,1.0,True,1.0,2.406590926540275e-09,
scripts\PredicciónImágenes\Normal\Normal-493.png,chest_xray,1.0,True,1.0,6.49042264377897e-10,
scripts\PredicciónImágenes\Normal\Normal-2845.png,chest_xray,1.0,True,1.0,8.605310908293973e-12,
scripts\PredicciónImágenes\Normal\Normal-925.png,chest_xray,1.0,True,1.0,5.032850247665976e-10,
scripts\PredicciónImágenes\Normal\Normal-1282.png,chest_xray,1.0,True,1.0,1.012450019655109e-11,
scripts\PredicciónImágenes\Normal\Normal-1500.png,chest_xray,1.0,True,1.0,3.9296860210313866e-10,
scripts\PredicciónImágenes\Normal\Normal-343.png,chest_xray,1.0,True,1.0,1.1270383931671901e-10,
scripts\PredicciónImágenes\Normal\Normal-2500.png,chest_xray,1.0,True,1.0,6.962167647950324e-11,
scripts\PredicciónImágenes\Normal\Normal-1176.png,chest_xray,1.0,True,1.0,3.224004586519988e-14,
scripts\PredicciónImágenes\Normal\Normal-2757.png,chest_xray,1.0,True,1.0,3.334596140880386e-11,
scripts\PredicciónImágenes\Normal\Normal-1820.png,chest_xray,1.0,True,1.0,3.354243272024604e-11,
scripts\PredicciónImágenes\Normal\Normal-1426.png,chest_xray,1.0,True,1.0,9.173354437175263e-11,
scripts\PredicciónImágenes\Normal\Normal-1189.png,chest_xray,1.0,True,1.0,6.788658524214952e-10,
scripts\PredicciónImágenes\Normal\Normal-1738.png,chest_xray,1.0,True,1.0,2.060803749870388e-09,
scripts\PredicciónImágenes\Normal\Normal-1464.png,chest_xray,1.0,True,1.0,3.508703961055404e-12,
scripts\PredicciónImágenes\Normal\Normal-1937.png,chest_xray,1.0,True,1.0,1.5465250607915593e-11,
scripts\PredicciónImágenes\Normal\Normal-2105.png,chest_xray,1.0,True,1.0,9.409868440002356e-10,
scripts\PredicciónImágenes\Normal\Normal-575.png,chest_xray,1.0,True,1.0,7.390593692591096e-11,
scripts\PredicciónImágenes\Normal\Normal-2243.png,chest_xray,1.0,True,1.0,1.702046489859832e-12,
scripts\PredicciónImágenes\Normal\Normal-437.png,chest_xray,1.0,True,1.0,4.226353989000842e-11,
scripts\PredicciónImágenes\Normal\Normal-1691.png,chest_xray,1.0,True,1.0,5.236963206839418e-13,
scripts\PredicciónImágenes\Normal\Normal-1235.png,chest_xray,1.0,True,1.0,4.128936342134848e-12,
scripts\PredicciónImágenes\Normal\Normal-2552.png,chest_xray,1.0,True,1.0,5.448751692893605e-12,
scripts\PredicciónImágenes\Normal\Normal-1830.png,chest_xray,1.0,True,1.0,1.610016842068518e-10,
scripts\PredicciónImágenes\Normal\Normal-59.png,chest_xray,1.0,True,1.0,2.3044265107241557e-10,
scripts\PredicciónImágenes\Normal\Normal-2683.png,chest_xray,1.0,True,1.0,1.569155775368175e-13,
scripts\PredicciónImágenes\Normal\Normal-237.png,chest_xray,1.0,True,1.0,4.552932249962671e-12,
scripts\PredicciónImágenes\Normal\Normal-602.png,chest_xray,1.0,True,1.0,8.179260824192625e-09,
scripts\PredicciónImágenes\Normal\Normal-1809.png,chest_xray,1.0,True,1.0,4.863726643655752e-10,
scripts\PredicciónImágenes\Normal\Normal-97.png,chest_xray,1.0,True,1.0,7.119033661184826e-12,
scripts\PredicciónImágenes\Normal\Normal-2590.png,chest_xray,1.0,True,1.0,2.292952633320411e-10,
scripts\PredicciónImágenes\Normal\Normal-1595.png,chest_xray,1.0,True,1.0,1.571131696964656e-10,
scripts\PredicciónImágenes\Normal\Normal-2242.png,chest_xray,1.0,True,1.0,3.5909963891356256e-10,
scripts\PredicciónImágenes\Normal\Normal-101.png,chest_xray,1.0,True,1.0,4.212862697583475e-12,
scripts\PredicciónImágenes\Normal\Normal-1915.png,chest_xray,1.0,True,1.0,1.3350499091652201e-12,
scripts\PredicciónImágenes\Normal\Normal-2940.png,chest_xray,1.0,True,1.0,3.352752797614045e-11,
scripts\PredicciónImágenes\Normal\Normal-1109.png,chest_xray,1.0,True,1.0,2.887869110512753e-10,
scripts\PredicciónImágenes\Normal\Normal-1238.png,chest_xray,1.0,True,1.0,2.9628771658352093e-11,
scripts\PredicciónImágenes\Normal\Normal-1216.png,chest_xray,1.0,True,1.0,1.855652133689323e-12,
scripts\PredicciónImágenes\Normal\Normal-1716.png,chest_xray,1.0,True,1.0,5.2609236411704785e-12,
scripts\PredicciónImágenes\Normal\Normal-2695.png,chest_xray,1.0,True,1.0,5.686676173358163e-13,
scripts\PredicciónImágenes\Normal\Normal-2724.png,chest_xray,1.0,True,1.0,5.934183006095495e-11,
scripts\PredicciónImágenes\Normal\Normal-2924.png,chest_xray,1.0,True,1.0,2.510251772072647e-12,
scripts\PredicciónImágenes\Normal\Normal-1588.png,chest_xray,1.0,True,1.0,6.526335583068033e-10,
scripts\PredicciónImágenes\Normal\Normal-1965.png,chest_xray,1.0,True,1.0,6.83504771878396e-12,
scripts\PredicciónImágenes\Normal\Normal-1928.png,chest_xray,1.0,True,1.0,7.841250218576512e-12,
scripts\PredicciónImágenes\Normal\Normal-633.png,chest_xray,1.0,True,1.0,1.4614748647390208e-11,
scripts\PredicciónImágenes\Normal\Normal-544.png,chest_xray,1.0,True,1.0,1.1019137685641667e-10,
scripts\PredicciónImágenes\Normal\Normal-2643.png,chest_xray,1.0,True,1.0,1.4933674089001592e-11,
scripts\PredicciónImágenes\Normal\Normal-203.png,chest_xray,0.9999998807907104,True,0.9999998807907104,8.830627962197468e-08,
scripts\PredicciónImágenes\Normal\Normal-913.png,chest_xray,1.0,True,1.0,3.136081394572443e-09,
scripts\PredicciónImágenes\Normal\Normal-1933.png,chest_xray,1.0,True,1.0,2.283097495781039e-11,
scripts\PredicciónImágenes\Normal\Normal-2575.png,chest_xray,1.0,True,1.0,2.5487592592021713e-10,
scripts\PredicciónImágenes\Normal\Normal-1555.png,chest_xray,1.0,True,1.0,6.935835239474386e-10,
scripts\PredicciónImágenes\Normal\Normal-1539.png,chest_xray,1.0,True,1.0,5.324100604831017e-10,
scripts\PredicciónImágenes\Normal\Normal-1203.png,chest_xray,1.0,True,1.0,2.2804773694429237e-11,
scripts\PredicciónImágenes\Normal\Normal-887.png,chest_xray,1.0,True,1.0,3.013060721063221e-12,
scripts\PredicciónImágenes\Normal\Normal-2635.png,chest_xray,1.0,True,1.0,6.446344347210697e-09,
scripts\PredicciónImágenes\Normal\Normal-104.png,chest_xray,1.0,True,1.0,3.8877706609596885e-11,
scripts\PredicciónImágenes\Normal\Normal-1627.png,chest_xray,1.0,True,1.0,5.324351376456704e-11,
scripts\PredicciónImágenes\Normal\Normal-471.png,chest_xray,1.0,True,1.0,2.101614882121794e-08,
scripts\PredicciónImágenes\Normal\Normal-117.png,chest_xray,1.0,True,1.0,4.9625642137285375e-12,
scripts\PredicciónImágenes\Normal\Normal-283.png,chest_xray,1.0,True,1.0,1.1740990124575745e-12,
scripts\PredicciónImágenes\Normal\Normal-2366.png,chest_xray,1.0,True,1.0,4.707241263446349e-09,
scripts\PredicciónImágenes\Normal\Normal-543.png,chest_xray,1.0,True,1.0,1.227538470177647e-12,
scripts\PredicciónImágenes\Normal\Normal-1818.png,chest_xray,0.9999998807907104,True,0.9999998807907104,1.2893252687717904e-07,
scripts\PredicciónImágenes\Normal\Normal-1897.png,chest_xray,1.0,True,1.0,2.101415222388603e-11,
scripts\PredicciónImágenes\Normal\Normal-2911.png,chest_xray,1.0,True,1.0,2.778475019504789e-11,
scripts\PredicciónImágenes\Normal\Normal-624.png,chest_xray,1.0,True,1.0,2.4449928748282446e-09,
scripts\PredicciónImágenes\Normal\Normal-2094.png,chest_xray,1.0,True,1.0,2.6873603786725653e-08,
scripts\PredicciónImágenes\Normal\Normal-945.png,chest_xray,1.0,True,1.0,2.4185618785477203e-11,
scripts\PredicciónImágenes\Normal\Normal-2327.png,chest_xray,1.0,True,1.0,1.7928774784237156e-12,
scripts\PredicciónImágenes\Normal\Normal-2553.png,chest_xray,1.0,True,1.0,6.040359185055522e-12,
scripts\PredicciónImágenes\Normal\Normal-379.png,chest_xray,1.0,True,1.0,1.4729431216387034e-11,
scripts\PredicciónImágenes\Normal\Normal-2977.png,chest_xray,1.0,True,1.0,2.432350321157628e-09,
scripts\PredicciónImágenes\Normal\Normal-2469.png,chest_xray,1.0,True,1.0,3.0437916076486715e-11,
scripts\PredicciónImágenes\Normal\Normal-1446.png,chest_xray,1.0,True,1.0,5.8435700722725414e-09,
scripts\PredicciónImágenes\Normal\Normal-1646.png,chest_xray,1.0,True,1.0,8.177895860494999e-11,
scripts\PredicciónImágenes\Normal\Normal-1934.png,chest_xray,1.0,True,1.0,1.1085885542883034e-09,
scripts\PredicciónImágenes\Normal\Normal-807.png,chest_xray,1.0,True,1.0,3.320974745202321e-11,
scripts\PredicciónImágenes\Normal\Normal-2733.png,chest_xray,1.0,True,1.0,9.869016714958434e-11,
scripts\PredicciónImágenes\Normal\Normal-110.png,chest_xray,1.0,True,1.0,6.176567590721049e-11,
scripts\PredicciónImágenes\Normal\Normal-2872.png,chest_xray,1.0,True,1.0,6.912214724208443e-12,
scripts\PredicciónImágenes\Normal\Normal-2859.png,chest_xray,1.0,True,1.0,4.07364940391286e-11,
scripts\PredicciónImágenes\Normal\Normal-391.png,chest_xray,1.0,True,1.0,1.8622230493758885e-11,
scripts\PredicciónImágenes\Normal\Normal-2212.png,chest_xray,1.0,True,1.0,1.777205049791064e-09,
scripts\PredicciónImágenes\Normal\Normal-360.png,chest_xray,1.0,True,1.0,2.2303978108872968e-10,
scripts\PredicciónImágenes\Normal\Normal-1119.png,chest_xray,1.0,True,1.0,5.747284159002275e-12,
scripts\PredicciónImágenes\Normal\Normal-613.png,chest_xray,1.0,True,1.0,3.0674052707568844e-12,
scripts\PredicciónImágenes\Normal\Normal-2591.png,chest_xray,1.0,True,1.0,3.809301398621789e-12,
scripts\PredicciónImágenes\Normal\Normal-2031.png,chest_xray,1.0,True,1.0,4.773355322118533e-11,
scripts\PredicciónImágenes\Normal\Normal-2121.png,chest_xray,1.0,True,1.0,1.0645788695029523e-09,
scripts\PredicciónImágenes\Normal\Normal-2504.png,chest_xray,1.0,True,1.0,8.460571132573591e-10,
scripts\PredicciónImágenes\Normal\Normal-1062.png,chest_xray,1.0,True,1.0,2.840402912873685e-10,
scripts\PredicciónImágenes\Normal\Normal-2352.png,chest_xray,1.0,True,1.0,3.6683234228007677e-10,
scripts\PredicciónImágenes\Normal\Normal-2767.png,chest_xray,1.0,True,1.0,3.223171729516139e-12,
scripts\PredicciónImágenes\Normal\Normal-1731.png,chest_xray,1.0,True,1.0,8.610701041078528e-11,
scripts\PredicciónImágenes\Normal\Normal-531.png,chest_xray,1.0,True,1.0,5.1454909777426394e-11,
scripts\PredicciónImágenes\Normal\Normal-2316.png,chest_xray,1.0,True,1.0,5.5400729143118e-11,
scripts\PredicciónImágenes\Normal\Normal-2684.png,chest_xray,1.0,True,1.0,6.98609442864595e-12,
scripts\PredicciónImágenes\Normal\Normal-749.png,chest_xray,1.0,True,1.0,3.733648501480502e-09,
scripts\PredicciónImágenes\Normal\Normal-1634.png,chest_xray,1.0,True,1.0,3.6976005590716454e-11,
scripts\PredicciónImágenes\Normal\Normal-589.png,chest_xray,1.0,True,1.0,7.977631413542269e-14,
scripts\PredicciónImágenes\Normal\Normal-1339.png,chest_xray,1.0,True,1.0,8.073498813931934e-11,
scripts\PredicciónImágenes\Normal\Normal-1394.png,chest_xray,1.0,True,1.0,4.158816901966844e-10,
scripts\PredicciónImágenes\Normal\Normal-2800.png,chest_xray,1.0,True,1.0,2.405409205152864e-11,
scripts\PredicciónImágenes\Normal\Normal-980.png,chest_xray,1.0,True,1.0,8.322577293995437e-09,
scripts\PredicciónImágenes\Normal\Normal-2840.png,chest_xray,1.0,True,1.0,5.740097633322172e-12,
scripts\PredicciónImágenes\Normal\Normal-2888.png,chest_xray,1.0,True,1.0,2.623794959077941e-09,
scripts\PredicciónImágenes\Normal\Normal-1610.png,chest_xray,1.0,True,1.0,2.0614571247939972e-12,
scripts\PredicciónImágenes\Normal\Normal-740.png,chest_xray,1.0,True,1.0,2.29124635930944e-11,
scripts\PredicciónImágenes\Normal\Normal-1026.png,chest_xray,1.0,True,1.0,2.2679859379426404e-10,
scripts\PredicciónImágenes\Normal\Normal-2747.png,chest_xray,1.0,True,1.0,6.16540672682131e-12,
scripts\PredicciónImágenes\Normal\Normal-1935.png,chest_xray,1.0,True,1.0,5.466453401048454e-10,
scripts\PredicciónImágenes\Normal\Normal-1621.png,chest_xray,1.0,True,1.0,1.2844604269091064e-09,
scripts\PredicciónImágenes\Normal\Normal-2277.png,chest_xray,1.0,True,1.0,7.49821645745774e-12,
scripts\PredicciónImágenes\Normal\Normal-954.png,chest_xray,1.0,True,1.0,5.760064092363848e-10,
scripts\PredicciónImágenes\Normal\Normal-2603.png,chest_xray,1.0,True,1.0,2.7455981932433815e-10,
scripts\PredicciónImágenes\Normal\Normal-354.png,chest_xray,1.0,True,1.0,9.757840091495495e-10,
scripts\PredicciónImágenes\Normal\Normal-1856.png,chest_xray,1.0,True,1.0,3.787368196839225e-10,
scripts\PredicciónImágenes\Normal\Normal-2486.png,chest_xray,1.0,True,1.0,1.5599579961111942e-10,
scripts\PredicciónImágenes\Normal\Normal-1398.png,chest_xray,1.0,True,1.0,2.106386245981362e-12,
scripts\PredicciónImágenes\Normal\Normal-950.png,chest_xray,1.0,True,1.0,6.520577263899319e-13,
scripts\PredicciónImágenes\Normal\Normal-1531.png,chest_xray,1.0,True,1.0,8.015407781947204e-11,
scripts\PredicciónImágenes\Normal\Normal-247.png,chest_xray,1.0,True,1.0,3.689400174256008e-11,
scripts\PredicciónImágenes\Normal\Normal-2162.png,chest_xray,1.0,True,1.0,9.026480084217692e-12,
scripts\PredicciónImágenes\Normal\Normal-411.png,chest_xray,1.0,True,1.0,9.552662660894384e-09,
scripts\PredicciónImágenes\Normal\Normal-1613.png,chest_xray,1.0,True,1.0,1.4597985320552453e-10,
scripts\PredicciónImágenes\Normal\Normal-1313.png,chest_xray,1.0,True,1.0,4.262245938135845e-12,
scripts\PredicciónImágenes\Normal\Normal-2976.png,chest_xray,1.0,True,1.0,2.0072153574662854e-12,
scripts\PredicciónImágenes\Normal\Normal-2646.png,chest_xray,1.0,True,1.0,1.1752736804593322e-11,
scripts\PredicciónImágenes\Normal\Normal-2531.png,chest_xray,1.0,True,1.0,9.579675247506358e-11,
scripts\PredicciónImágenes\Normal\Normal-2430.png,chest_xray,1.0,True,1.0,1.7057872041953415e-12,
scripts\PredicciónImágenes\Normal\Normal-114.png,chest_xray,1.0,True,1.0,8.719772950568916e-13,
scripts\PredicciónImágenes\Normal\Normal-2301.png,chest_xray,1.0,True,1.0,1.3613152272107243e-10,
scripts\PredicciónImágenes\Normal\Normal-702.png,chest_xray,1.0,True,1.0,5.321584950479519e-09,
scripts\PredicciónImágenes\Normal\Normal-566.png,chest_xray,1.0,True,1.0,3.5229338977288416e-12,
scripts\PredicciónImágenes\Normal\Normal-336.png,chest_xray,1.0,True,1.0,9.633641662176728e-10,
scripts\PredicciónImágenes\Normal\Normal-1560.png,chest_xray,1.0,True,1.0,1.35374933485366e-10,
scripts\PredicciónImágenes\Normal\Normal-2614.png,chest_xray,1.0,True,1.0,2.355627026773277e-09,
scripts\PredicciónImágenes\Normal\Normal-1517.png,chest_xray,1.0,True,1.0,6.518196399296627e-11,
scripts\PredicciónImágenes\Normal\Normal-2455.png,chest_xray,1.0,True,1.0,5.1186603566844013e-11,
scripts\PredicciónImágenes\Normal\Normal-195.png,chest_xray,1.0,True,1.0,2.3919264138805296e-11,
scripts\PredicciónImágenes\Normal\Normal-2753.png,chest_xray,1.0,True,1.0,2.0749017087817734e-11,
scripts\PredicciónImágenes\Normal\Normal-1170.png,chest_xray,1.0,True,1.0,9.075473011987967e-12,
scripts\PredicciónImágenes\Normal\Normal-1868.png,chest_xray,1.0,True,1.0,3.6186169078550323e-13,
scripts\PredicciónImágenes\Normal\Normal-2678.png,chest_xray,1.0,True,1.0,4.294291051226695e-12,
scripts\PredicciónImágenes\Normal\Normal-2187.png,chest_xray,1.0,True,1.0,1.7210681768631275e-09,
scripts\PredicciónImágenes\Normal\Normal-581.png,chest_xray,1.0,True,1.0,2.909282515416167e-13,
scripts\PredicciónImágenes\Normal\Normal-1065.png,chest_xray,1.0,True,1.0,7.993667533456872e-11,
scripts\PredicciónImágenes\Normal\Normal-907.png,chest_xray,1.0,True,1.0,1.3386197927900412e-08,
scripts\PredicciónImágenes\Normal\Normal-272.png,chest_xray,1.0,True,1.0,1.4712247045634008e-11,
scripts\PredicciónImágenes\Normal\Normal-312.png,chest_xray,1.0,True,1.0,2.1711805964219622e-10,
scripts\PredicciónImágenes\Normal\Normal-399.png,chest_xray,1.0,True,1.0,3.895852884738815e-08,
scripts\PredicciónImágenes\Normal\Normal-2060.png,chest_xray,1.0,True,1.0,9.91587145726669e-10,
scripts\PredicciónImágenes\Normal\Normal-2726.png,chest_xray,1.0,True,1.0,3.3916480735030063e-10,
scripts\PredicciónImágenes\Normal\Normal-2777.png,chest_xray,1.0,True,1.0,6.223337123412165e-11,
scripts\PredicciónImágenes\Normal\Normal-2699.png,chest_xray,1.0,True,1.0,7.10299180584073e-11,
scripts\PredicciónImágenes\Normal\Normal-2159.png,chest_xray,1.0,True,1.0,3.125717393248628e-11,
scripts\PredicciónImágenes\Normal\Normal-293.png,chest_xray,1.0,True,1.0,2.3155306561051248e-09,
scripts\PredicciónImágenes\Normal\Normal-2540.png,chest_xray,1.0,True,1.0,1.0877402090159194e-08,
scripts\PredicciónImágenes\Normal\Normal-2673.png,chest_xray,1.0,True,1.0,5.49291667706342e-10,
scripts\PredicciónImágenes\Normal\Normal-2900.png,chest_xray,1.0,True,1.0,5.2302455699759776e-09,
scripts\PredicciónImágenes\Normal\Normal-1129.png,chest_xray,1.0,True,1.0,9.463975159107463e-10,
scripts\PredicciónImágenes\Normal\Normal-1155.png,chest_xray,1.0,True,1.0,9.476347484493886e-10,
scripts\PredicciónImágenes\Normal\Normal-263.png,chest_xray,1.0,True,1.0,1.8502651633056644e-09,
scripts\PredicciónImágenes\Normal\Normal-2812.png,chest_xray,1.0,True,1.0,3.8452040163061696e-11,
scripts\PredicciónImágenes\Normal\Normal-1131.png,chest_xray,1.0,True,1.0,3.461939762638977e-11,
scripts\PredicciónImágenes\Normal\Normal-1777.png,chest_xray,1.0,True,1.0,2.070585647384604e-10,
scripts\PredicciónImágenes\Normal\Normal-844.png,chest_xray,1.0,True,1.0,3.534309997443863e-11,
scripts\PredicciónImágenes\Normal\Normal-813.png,chest_xray,1.0,True,1.0,2.066435217384921e-10,
scripts\PredicciónImágenes\Normal\Normal-1056.png,chest_xray,1.0,True,1.0,1.555716622192449e-08,
scripts\PredicciónImágenes\Normal\Normal-2334.png,chest_xray,1.0,True,1.0,4.310623386016843e-11,
scripts\PredicciónImágenes\Normal\Normal-1527.png,chest_xray,1.0,True,1.0,3.979822374433617e-11,
scripts\PredicciónImágenes\Normal\Normal-413.png,chest_xray,0.9999997615814209,True,0.9999997615814209,1.940505711672813e-07,
scripts\PredicciónImágenes\Normal\Normal-2063.png,chest_xray,1.0,True,1.0,1.8506198309897748e-11,
scripts\PredicciónImágenes\Normal\Normal-2571.png,chest_xray,1.0,True,1.0,1.2937194371342997e-10,
scripts\PredicciónImágenes\Normal\Normal-1907.png,chest_xray,1.0,True,1.0,1.7040923117050966e-09,
scripts\PredicciónImágenes\Normal\Normal-2986.png,chest_xray,1.0,True,1.0,6.44519437820179e-11,
scripts\PredicciónImágenes\Normal\Normal-617.png,chest_xray,1.0,True,1.0,3.940599235807696e-10,
scripts\PredicciónImágenes\Normal\Normal-1439.png,chest_xray,1.0,True,1.0,3.109575930082542e-09,
scripts\PredicciónImágenes\Normal\Normal-2141.png,chest_xray,1.0,True,1.0,4.667514291734065e-11,
scripts\PredicciónImágenes\Normal\Normal-373.png,chest_xray,1.0,True,1.0,4.64588220325246e-13,
scripts\PredicciónImágenes\Normal\Normal-1697.png,chest_xray,1.0,True,1.0,1.6646996003899517e-09,
scripts\PredicciónImágenes\Normal\Normal-2827.png,chest_xray,1.0,True,1.0,2.618646810503833e-08,
scripts\PredicciónImágenes\Normal\Normal-1845.png,chest_xray,1.0,True,1.0,1.1982762004869585e-10,
scripts\PredicciónImágenes\Normal\Normal-1368.png,chest_xray,1.0,True,1.0,3.863452613384055e-10,
scripts\PredicciónImágenes\Normal\Normal-1078.png,chest_xray,0.9999997615814209,True,0.9999997615814209,2.8914499239363067e-07,
scripts\PredicciónImágenes\Normal\Normal-592.png,chest_xray,1.0,True,1.0,1.5612386938812506e-09,
scripts\PredicciónImágenes\Normal\Normal-1122.png,chest_xray,1.0,True,1.0,4.805666281582077e-11,
scripts\PredicciónImágenes\Normal\Normal-118.png,chest_xray,1.0,True,1.0,2.5255020297265673e-10,
scripts\PredicciónImágenes\Normal\Normal-1113.png,chest_xray,1.0,True,1.0,1.1937685562291023e-10,
scripts\PredicciónImágenes\Normal\Normal-1395.png,chest_xray,1.0,True,1.0,8.423720922190459e-12,
scripts\PredicciónImágenes\Normal\Normal-17.png,chest_xray,1.0,True,1.0,3.860947950240501e-10,
scripts\PredicciónImágenes\Normal\Normal-1774.png,chest_xray,1.0,True,1.0,1.7703682487005268e-12,
scripts\PredicciónImágenes\Normal\Normal-2116.png,chest_xray,1.0,True,1.0,1.1632979995956916e-10,
scripts\PredicciónImágenes\Normal\Normal-289.png,chest_xray,1.0,True,1.0,3.466717191091817e-11,
scripts\PredicciónImágenes\Normal\Normal-2164.png,chest_xray,1.0,True,1.0,6.136724461924814e-11,
scripts\PredicciónImágenes\Normal\Normal-554.png,chest_xray,1.0,True,1.0,1.5090713123555588e-09,
scripts\PredicciónImágenes\Normal\Normal-1102.png,chest_xray,1.0,True,1.0,1.547102506868625e-12,
scripts\PredicciónImágenes\Normal\Normal-2656.png,chest_xray,1.0,True,1.0,1.0456056853680451e-10,
scripts\PredicciónImágenes\Normal\Normal-2436.png,chest_xray,1.0,True,1.0,5.093035368441967e-12,
scripts\PredicciónImágenes\Normal\Normal-799.png,chest_xray,1.0,True,1.0,6.329931023785207e-11,
scripts\PredicciónImágenes\Normal\Normal-159.png,chest_xray,1.0,True,1.0,1.333541249465503e-15,
scripts\PredicciónImágenes\Normal\Normal-331.png,chest_xray,1.0,True,1.0,4.611302006907181e-09,
scripts\PredicciónImágenes\Normal\Normal-1323.png,chest_xray,1.0,True,1.0,1.4549340898728502e-10,
scripts\PredicciónImágenes\Normal\Normal-979.png,chest_xray,1.0,True,1.0,3.833553266496814e-11,
scripts\PredicciónImágenes\Normal\Normal-1383.png,chest_xray,1.0,True,1.0,1.2001059868094188e-10,
scripts\PredicciónImágenes\Normal\Normal-1544.png,chest_xray,1.0,True,1.0,3.2959890372552536e-09,
scripts\PredicciónImágenes\Normal\Normal-315.png,chest_xray,1.0,True,1.0,1.161480578382168e-09,
scripts\PredicciónImágenes\Normal\Normal-1230.png,chest_xray,1.0,True,1.0,2.7893815729429505e-11,
scripts\PredicciónImágenes\Normal\Normal-2412.png,chest_xray,1.0,True,1.0,1.4541745585461285e-09,
scripts\PredicciónImágenes\Normal\Normal-1719.png,chest_xray,1.0,True,1.0,7.926866385510323e-10,
scripts\PredicciónImágenes\Normal\Normal-2958.png,chest_xray,1.0,True,1.0,1.0888226431582382e-10,
scripts\PredicciónImágenes\Normal\Normal-1837.png,chest_xray,1.0,True,1.0,2.2731394544450723e-10,
scripts\PredicciónImágenes\Normal\Normal-716.png,chest_xray,1.0,True,1.0,6.447072042892188e-12,
scripts\PredicciónImágenes\Normal\Normal-856.png,chest_xray,1.0,True,1.0,1.5121600638323685e-09,
scripts\PredicciónImágenes\Normal\Normal-484.png,chest_xray,1.0,True,1.0,3.13985215605328e-09,
scripts\PredicciónImágenes\Normal\Normal-2816.png,chest_xray,1.0,True,1.0,5.707109437813607e-11,
scripts\PredicciónImágenes\Normal\Normal-1174.png,chest_xray,1.0,True,1.0,1.2243451044668952e-11,
scripts\PredicciónImágenes\Normal\Normal-1252.png,chest_xray,0.9999998807907104,True,0.9999998807907104,1.2662759729664685e-07,
scripts\PredicciónImágenes\Normal\Normal-2275.png,chest_xray,1.0,True,1.0,3.4208191834750323e-10,
scripts\PredicciónImágenes\Normal\Normal-201.png,chest_xray,0.9999997615814209,True,0.9999997615814209,1.8149223990349128e-07,
scripts\PredicciónImágenes\Normal\Normal-961.png,chest_xray,1.0,True,1.0,8.763888503793282e-10,
scripts\PredicciónImágenes\Normal\Normal-1461.png,chest_xray,1.0,True,1.0,1.1340156244599164e-11,
scripts\PredicciónImágenes\Normal\Normal-2445.png,chest_xray,1.0,True,1.0,4.111525842009911e-10,
scripts\PredicciónImágenes\Normal\Normal-351.png,chest_xray,1.0,True,1.0,1.8716667105067586e-11,
scripts\PredicciónImágenes\Normal\Normal-2441.png,chest_xray,1.0,True,1.0,1.026896276346001e-11,
scripts\PredicciónImágenes\Normal\Normal-1669.png,chest_xray,1.0,True,1.0,2.1805088984416798e-11,
scripts\PredicciónImágenes\Normal\Normal-838.png,chest_xray,1.0,True,1.0,1.2824866169047766e-10,
scripts\PredicciónImágenes\Normal\Normal-1804.png,chest_xray,1.0,True,1.0,2.3774339701770897e-12,
scripts\PredicciónImágenes\Normal\Normal-574.png,chest_xray,1.0,True,1.0,1.0668154359905202e-08,
scripts\PredicciónImágenes\Normal\Normal-1440.png,chest_xray,1.0,True,1.0,6.560103155139885e-11,
scripts\PredicciónImágenes\Normal\Normal-2079.png,chest_xray,1.0,True,1.0,2.058007844002452e-12,
scripts\PredicciónImágenes\Normal\Normal-2806.png,chest_xray,1.0,True,1.0,1.1473649721288615e-12,
scripts\PredicciónImágenes\Normal\Normal-1721.png,chest_xray,1.0,True,1.0,1.3444549640251324e-10,
scripts\PredicciónImágenes\Normal\Normal-2788.png,chest_xray,1.0,True,1.0,7.645701433078855e-11,
scripts\PredicciónImágenes\Normal\Normal-332.png,chest_xray,1.0,True,1.0,1.5185816493179516e-10,
scripts\PredicciónImágenes\Normal\Normal-1798.png,chest_xray,1.0,True,1.0,5.508528633235699e-10,
scripts\PredicciónImágenes\Normal\Normal-1988.png,chest_xray,1.0,True,1.0,1.6847899811378575e-11,
scripts\PredicciónImágenes\Normal\Normal-1633.png,chest_xray,1.0,True,1.0,3.503185741493553e-09,
scripts\PredicciónImágenes\Normal\Normal-1248.png,chest_xray,1.0,True,1.0,1.160952861622988e-10,
scripts\PredicciónImágenes\Normal\Normal-2381.png,chest_xray,1.0,True,1.0,4.567318311748947e-12,
scripts\PredicciónImágenes\Normal\Normal-2393.png,chest_xray,1.0,True,1.0,6.803535512744929e-11,
scripts\PredicciónImágenes\Normal\Normal-1186.png,chest_xray,1.0,True,1.0,2.760578050875484e-11,
scripts\PredicciónImágenes\Normal\Normal-438.png,chest_xray,1.0,True,1.0,7.846988059334592e-10,
scripts\PredicciónImágenes\Normal\Normal-281.png,chest_xray,1.0,True,1.0,1.4158017206528095e-12,
scripts\PredicciónImágenes\Normal\Normal-1058.png,chest_xray,1.0,True,1.0,1.6543144631953055e-09,
scripts\PredicciónImágenes\Normal\Normal-338.png,chest_xray,1.0,True,1.0,8.165617626509913e-10,
scripts\PredicciónImágenes\Normal\Normal-2593.png,chest_xray,1.0,True,1.0,1.116657522004516e-08,
scripts\PredicciónImágenes\Normal\Normal-1277.png,chest_xray,1.0,True,1.0,8.13632355933791e-11,
scripts\PredicciónImágenes\Normal\Normal-712.png,chest_xray,1.0,True,1.0,7.96895349708393e-09,
scripts\PredicciónImágenes\Normal\Normal-2763.png,chest_xray,1.0,True,1.0,5.854972506824652e-09,
scripts\PredicciónImágenes\Normal\Normal-1656.png,chest_xray,1.0,True,1.0,5.791795043563752e-09,
scripts\PredicciónImágenes\Normal\Normal-1732.png,chest_xray,1.0,True,1.0,3.2089712831417927e-12,
scripts\PredicciónImágenes\Normal\Normal-836.png,chest_xray,1.0,True,1.0,2.92229085374629e-09,
scripts\PredicciónImágenes\Normal\Normal-1767.png,chest_xray,1.0,True,1.0,1.0976858533240375e-08,
scripts\PredicciónImágenes\Normal\Normal-2422.png,chest_xray,1.0,True,1.0,3.619021055056848e-11,
scripts\PredicciónImágenes\Normal\Normal-2864.png,chest_xray,1.0,True,1.0,8.654564565002687e-11,
scripts\PredicciónImágenes\Normal\Normal-783.png,chest_xray,1.0,True,1.0,4.2728401372649216e-10,
scripts\PredicciónImágenes\Normal\Normal-1178.png,chest_xray,1.0,True,1.0,3.5114794405544103e-10,
scripts\PredicciónImágenes\Normal\Normal-641.png,chest_xray,1.0,True,1.0,4.0664450973171284e-11,
scripts\PredicciónImágenes\Normal\Normal-784.png,chest_xray,1.0,True,1.0,4.312342150036841e-11,
scripts\PredicciónImágenes\Normal\Normal-2374.png,chest_xray,1.0,True,1.0,6.054353546280922e-11,
scripts\PredicciónImágenes\Normal\Normal-1843.png,chest_xray,1.0,True,1.0,5.332477570618721e-09,
scripts\PredicciónImágenes\Normal\Normal-1899.png,chest_xray,1.0,True,1.0,9.907642761763924e-11,
scripts\PredicciónImágenes\Normal\Normal-210.png,chest_xray,1.0,True,1.0,1.2026128703990224e-10,
scripts\PredicciónImágenes\Normal\Normal-2180.png,chest_xray,1.0,True,1.0,3.304037341574258e-14,
scripts\PredicciónImágenes\Normal\Normal-1609.png,chest_xray,1.0,True,1.0,1.8249284305937863e-09,
scripts\PredicciónImágenes\Normal\Normal-2722.png,chest_xray,1.0,True,1.0,1.683974765187557e-10,
scripts\PredicciónImágenes\Normal\Normal-476.png,chest_xray,1.0,True,1.0,1.85474640090888e-08,
scripts\PredicciónImágenes\Normal\Normal-767.png,chest_xray,1.0,True,1.0,1.9284037908184892e-11,
scripts\PredicciónImágenes\Normal\Normal-2044.png,chest_xray,1.0,True,1.0,2.4442234902721793e-09,
scripts\PredicciónImágenes\Normal\Normal-81.png,chest_xray,1.0,True,1.0,5.2520201729300275e-12,
scripts\PredicciónImágenes\Normal\Normal-2723.png,chest_xray,1.0,True,1.0,2.6847510217579973e-13,
scripts\PredicciónImágenes\Normal\Normal-512.png,chest_xray,1.0,True,1.0,1.8788200162322966e-11,
scripts\PredicciónImágenes\Normal\Normal-2570.png,chest_xray,1.0,True,1.0,5.681789240485902e-12,
scripts\PredicciónImágenes\Normal\Normal-686.png,chest_xray,1.0,True,1.0,1.4546676363469402e-10,
scripts\PredicciónImágenes\Normal\Normal-758.png,chest_xray,1.0,True,1.0,2.7381041878271617e-10,
scripts\PredicciónImágenes\Normal\Normal-930.png,chest_xray,1.0,True,1.0,2.367850360229795e-11,
scripts\PredicciónImágenes\Normal\Normal-2813.png,chest_xray,1.0,True,1.0,3.779201344228378e-13,
scripts\PredicciónImágenes\Normal\Normal-1551.png,chest_xray,1.0,True,1.0,9.315321083946948e-12,
scripts\PredicciónImágenes\Normal\Normal-2618.png,chest_xray,1.0,True,1.0,4.185746749207908e-10,
scripts\PredicciónImágenes\Normal\Normal-593.png,chest_xray,1.0,True,1.0,3.0038508572888256e-12,
scripts\PredicciónImágenes\Normal\Normal-2326.png,chest_xray,0.9999985694885254,True,0.9999985694885254,1.3956282600702252e-06,
scripts\PredicciónImágenes\Normal\Normal-1101.png,chest_xray,1.0,True,1.0,7.116634365145202e-11,
scripts\PredicciónImágenes\Normal\Normal-2111.png,chest_xray,1.0,True,1.0,5.7108991147192256e-11,
scripts\PredicciónImágenes\Normal\Normal-1816.png,chest_xray,1.0,True,1.0,7.157449077865863e-10,
scripts\PredicciónImágenes\Normal\Normal-2272.png,chest_xray,0.9999998807907104,True,0.9999998807907104,1.4514991164560342e-07,
scripts\PredicciónImágenes\Normal\Normal-1859.png,chest_xray,1.0,True,1.0,2.624763427439003e-11,
scripts\PredicciónImágenes\Normal\Normal-754.png,chest_xray,1.0,True,1.0,3.674736209768881e-11,
scripts\PredicciónImágenes\Normal\Normal-841.png,chest_xray,0.9999998807907104,True,0.9999998807907104,8.512733273846607e-08,
scripts\PredicciónImágenes\Normal\Normal-768.png,chest_xray,1.0,True,1.0,8.513066362958455e-10,
scripts\PredicciónImágenes\Normal\Normal-1084.png,chest_xray,1.0,True,1.0,1.7025432712952648e-12,
scripts\PredicciónImágenes\Normal\Normal-187.png,chest_xray,1.0,True,1.0,2.831364587230212e-10,
scripts\PredicciónImágenes\Normal\Normal-1990.png,chest_xray,1.0,True,1.0,8.675753171427658e-11,
scripts\PredicciónImágenes\Normal\Normal-392.png,chest_xray,1.0,True,1.0,9.000186151908451e-10,
scripts\PredicciónImágenes\Normal\Normal-753.png,chest_xray,1.0,True,1.0,1.429250606754806e-09,
scripts\PredicciónImágenes\Normal\Normal-2969.png,chest_xray,1.0,True,1.0,2.1729611165977047e-11,
scripts\PredicciónImágenes\Normal\Normal-2106.png,chest_xray,1.0,True,1.0,2.0810660139591874e-10,
scripts\PredicciónImágenes\Normal\Normal-1674.png,chest_xray,1.0,True,1.0,1.5694357272111326e-11,
scripts\PredicciónImágenes\Normal\Normal-2511.png,chest_xray,1.0,True,1.0,4.39464541146517e-11,
scripts\PredicciónImágenes\Normal\Normal-1660.png,chest_xray,1.0,True,1.0,7.709048677195796e-11,
scripts\PredicciónImágenes\Normal\Normal-1886.png,chest_xray,1.0,True,1.0,1.4028045391967225e-09,
scripts\PredicciónImágenes\Normal\Normal-828.png,chest_xray,1.0,True,1.0,1.200205516568853e-12,
scripts\PredicciónImágenes\Normal\Normal-1833.png,chest_xray,1.0,True,1.0,5.302893540948261e-12,
scripts\PredicciónImágenes\Normal\Normal-2721.png,chest_xray,1.0,True,1.0,2.4032754952774127e-12,
scripts\PredicciónImágenes\Normal\Normal-2296.png,chest_xray,0.9999918937683105,True,0.9999918937683105,8.13832684798399e-06,
scripts\PredicciónImágenes\Normal\Normal-108.png,chest_xray,1.0,True,1.0,3.5706940876290005e-12,
scripts\PredicciónImágenes\Normal\Normal-212.png,chest_xray,1.0,True,1.0,1.9482384455704604e-11,
scripts\PredicciónImágenes\Normal\Normal-2407.png,chest_xray,1.0,True,1.0,6.928031065500662e-11,
scripts\PredicciónImágenes\Normal\Normal-126.png,chest_xray,1.0,True,1.0,8.903639110713346e-12,
scripts\PredicciónImágenes\Normal\Normal-1374.png,chest_xray,1.0,True,1.0,6.644470997713148e-12,
scripts\PredicciónImágenes\Normal\Normal-198.png,chest_xray,1.0,True,1.0,4.0387904132188623e-10,
scripts\PredicciónImágenes\Normal\Normal-68.png,chest_xray,1.0,True,1.0,7.471979979190024e-11,
scripts\PredicciónImágenes\Normal\Normal-1253.png,chest_xray,1.0,True,1.0,8.380967447818577e-11,
scripts\PredicciónImágenes\Normal\Normal-1657.png,chest_xray,1.0,True,1.0,3.819854987874294e-10,
scripts\PredicciónImágenes\Normal\Normal-1832.png,chest_xray,1.0,True,1.0,1.864799981099452e-11,
scripts\PredicciónImágenes\Normal\Normal-2927.png,chest_xray,1.0,True,1.0,3.7206834946346135e-08,
scripts\PredicciónImágenes\Normal\Normal-2109.png,chest_xray,0.9999978542327881,True,0.9999978542327881,2.1269574972393457e-06,
scripts\PredicciónImágenes\Normal\Normal-1860.png,chest_xray,1.0,True,1.0,9.926198751841753e-11,
scripts\PredicciónImágenes\Normal\Normal-89.png,chest_xray,1.0,True,1.0,4.077471867092175e-12,
scripts\PredicciónImágenes\Normal\Normal-1157.png,chest_xray,1.0,True,1.0,9.760874331021796e-10,
scripts\PredicciónImágenes\Normal\Normal-1602.png,chest_xray,1.0,True,1.0,6.8517422638358916e-12,
scripts\PredicciónImágenes\Normal\Normal-2783.png,chest_xray,1.0,True,1.0,5.527178159603352e-10,
scripts\PredicciónImágenes\Normal\Normal-870.png,chest_xray,1.0,True,1.0,8.668503415076856e-12,
scripts\PredicciónImágenes\Normal\Normal-1191.png,chest_xray,1.0,True,1.0,4.5535794579443234e-10,
scripts\PredicciónImágenes\Normal\Normal-986.png,chest_xray,1.0,True,1.0,2.4000096132681392e-08,
scripts\PredicciónImágenes\Normal\Normal-1010.png,chest_xray,0.9999997615814209,True,0.9999997615814209,2.1354888701807795e-07,
scripts\PredicciónImágenes\Normal\Normal-52.png,chest_xray,1.0,True,1.0,1.9459404920763035e-10,
scripts\PredicciónImágenes\Normal\Normal-262.png,chest_xray,1.0,True,1.0,3.4782149382905914e-11,
scripts\PredicciónImágenes\Normal\Normal-482.png,chest_xray,1.0,True,1.0,2.5581235046923112e-11,
scripts\PredicciónImágenes\Normal\Normal-2831.png,chest_xray,1.0,True,1.0,6.7579790652416705e-09,
scripts\PredicciónImágenes\Normal\Normal-2828.png,chest_xray,1.0,True,1.0,5.4014247935496584e-11,
scripts\PredicciónImágenes\Normal\Normal-39.png,chest_xray,1.0,True,1.0,1.6881691600190152e-09,
scripts\PredicciónImágenes\Normal\Normal-4.png,chest_xray,1.0,True,1.0,2.4067275949946065e-10,
scripts\PredicciónImágenes\Normal\Normal-2025.png,chest_xray,1.0,True,1.0,1.3191803205359065e-10,
scripts\PredicciónImágenes\Normal\Normal-921.png,chest_xray,1.0,True,1.0,3.195552329693374e-12,
scripts\PredicciónImágenes\Normal\Normal-1349.png,chest_xray,1.0,True,1.0,7.779921151751523e-11,
scripts\PredicciónImágenes\Normal\Normal-1991.png,chest_xray,1.0,True,1.0,1.6457595009011783e-10,
scripts\PredicciónImágenes\Normal\Normal-1772.png,chest_xray,0.9999998807907104,True,0.9999998807907104,6.608664904206307e-08,
scripts\PredicciónImágenes\Normal\Normal-1173.png,chest_xray,1.0,True,1.0,6.954031794847992e-11,
scripts\PredicciónImágenes\Normal\Normal-2273.png,chest_xray,1.0,True,1.0,4.560465782788015e-09,
scripts\PredicciónImágenes\Normal\Normal-1284.png,chest_xray,1.0,True,1.0,2.5034587250449825e-11,
scripts\PredicciónImágenes\Normal\Normal-1181.png,chest_xray,1.0,True,1.0,1.2704151966524968e-11,
scripts\PredicciónImágenes\Normal\Normal-1413.png,chest_xray,1.0,True,1.0,2.5765597988502975e-11,
scripts\PredicciónImágenes\Normal\Normal-112.png,chest_xray,1.0,True,1.0,2.985832137092359e-10,
scripts\PredicciónImágenes\Normal\Normal-1699.png,chest_xray,1.0,True,1.0,1.1164806058838739e-12,
scripts\PredicciónImágenes\Normal\Normal-2842.png,chest_xray,1.0,True,1.0,4.8498520754947094e-09,
scripts\PredicciónImágenes\Normal\Normal-1615.png,chest_xray,1.0,True,1.0,8.775048287827658e-13,
scripts\PredicciónImágenes\Normal\Normal-1392.png,chest_xray,1.0,True,1.0,3.409029725176538e-10,
scripts\PredicciónImágenes\Normal\Normal-634.png,chest_xray,1.0,True,1.0,2.760651776623213e-11,
scripts\PredicciónImágenes\Normal\Normal-738.png,chest_xray,1.0,True,1.0,1.6785170475763778e-10,
scripts\PredicciónImágenes\Normal\Normal-898.png,chest_xray,1.0,True,1.0,9.784593274497766e-12,
scripts\PredicciónImágenes\Normal\Normal-843.png,chest_xray,1.0,True,1.0,2.8154916620337644e-08,
scripts\PredicciónImágenes\Normal\Normal-1453.png,chest_xray,1.0,True,1.0,2.5307800299856353e-08,
scripts\PredicciónImágenes\Normal\Normal-2350.png,chest_xray,1.0,True,1.0,5.592065981281646e-13,
scripts\PredicciónImágenes\Normal\Normal-1455.png,chest_xray,1.0,True,1.0,9.470398076860675e-11,
scripts\PredicciónImágenes\Normal\Normal-529.png,chest_xray,1.0,True,1.0,2.2038988689576655e-11,
scripts\PredicciónImágenes\Normal\Normal-2026.png,chest_xray,1.0,True,1.0,3.598099040935665e-10,
scripts\PredicciónImágenes\Normal\Normal-2539.png,chest_xray,1.0,True,1.0,8.956586583508397e-10,
scripts\PredicciónImágenes\Normal\Normal-2877.png,chest_xray,1.0,True,1.0,6.492242299316331e-10,
scripts\PredicciónImágenes\Normal\Normal-673.png,chest_xray,0.9999953508377075,True,0.9999953508377075,4.700614226749167e-06,
scripts\PredicciónImágenes\Normal\Normal-645.png,chest_xray,1.0,True,1.0,3.145570692808519e-09,
scripts\PredicciónImágenes\Normal\Normal-936.png,chest_xray,1.0,True,1.0,1.5937411113053912e-10,
scripts\PredicciónImágenes\Normal\Normal-2513.png,chest_xray,1.0,True,1.0,3.671541543015522e-11,
scripts\PredicciónImágenes\Normal\Normal-1758.png,chest_xray,1.0,True,1.0,1.3822037264743514e-11,
scripts\PredicciónImágenes\Normal\Normal-1954.png,chest_xray,1.0,True,1.0,8.360243747285168e-11,
scripts\PredicciónImágenes\Normal\Normal-811.png,chest_xray,1.0,True,1.0,4.5468273590643093e-10,
scripts\PredicciónImágenes\Normal\Normal-999.png,chest_xray,1.0,True,1.0,1.4845358276005527e-10,
scripts\PredicciónImágenes\Normal\Normal-2596.png,chest_xray,1.0,True,1.0,7.152662462317494e-09,
scripts\PredicciónImágenes\Normal\Normal-696.png,chest_xray,1.0,True,1.0,1.7450443867694787e-11,
scripts\PredicciónImágenes\Normal\Normal-1391.png,chest_xray,1.0,True,1.0,5.088687804466474e-11,
scripts\PredicciónImágenes\Normal\Normal-1286.png,chest_xray,1.0,True,1.0,4.9506360816353734e-11,
scripts\PredicciónImágenes\Normal\Normal-1137.png,chest_xray,1.0,True,1.0,2.8790105854881176e-09,
scripts\PredicciónImágenes\Normal\Normal-2353.png,chest_xray,1.0,True,1.0,3.9450491484682715e-11,
scripts\PredicciónImágenes\Normal\Normal-792.png,chest_xray,1.0,True,1.0,2.7253060919107952e-11,
scripts\PredicciónImágenes\Normal\Normal-953.png,chest_xray,1.0,True,1.0,8.226706815772644e-11,
scripts\PredicciónImágenes\Normal\Normal-2717.png,chest_xray,1.0,True,1.0,2.436350426959777e-11,
scripts\PredicciónImágenes\Normal\Normal-1221.png,chest_xray,1.0,True,1.0,1.50453098330533e-12,
scripts\PredicciónImágenes\Normal\Normal-1750.png,chest_xray,1.0,True,1.0,4.6113765583832844e-11,
scripts\PredicciónImágenes\Normal\Normal-1577.png,chest_xray,1.0,True,1.0,1.6861828600056583e-10,
scripts\PredicciónImágenes\Normal\Normal-1098.png,chest_xray,1.0,True,1.0,2.1297456853641705e-11,
scripts\PredicciónImágenes\Normal\Normal-91.png,chest_xray,1.0,True,1.0,1.7922689157442995e-12,
scripts\PredicciónImágenes\Normal\Normal-1215.png,chest_xray,1.0,True,1.0,2.359736017698566e-10,
scripts\PredicciónImágenes\Normal\Normal-725.png,chest_xray,1.0,True,1.0,8.144661334252845e-11,
scripts\PredicciónImágenes\Normal\Normal-1489.png,chest_xray,1.0,True,1.0,1.3879708146702363e-11,
scripts\PredicciónImágenes\Normal\Normal-625.png,chest_xray,1.0,True,1.0,4.115823654116113e-11,
scripts\PredicciónImágenes\Normal\Normal-166.png,chest_xray,1.0,True,1.0,4.2326182558838354e-09,
scripts\PredicciónImágenes\Normal\Normal-2322.png,chest_xray,1.0,True,1.0,2.7657970358418993e-10,
scripts\PredicciónImágenes\Normal\Normal-1279.png,chest_xray,1.0,True,1.0,9.805031786491725e-12,
scripts\PredicciónImágenes\Normal\Normal-974.png,chest_xray,1.0,True,1.0,2.8664260298683075e-08,
scripts\PredicciónImágenes\Normal\Normal-2389.png,chest_xray,1.0,True,1.0,4.2740012917708015e-12,
scripts\PredicciónImágenes\Normal\Normal-623.png,chest_xray,1.0,True,1.0,2.4277824542395798e-11,
scripts\PredicciónImágenes\Normal\Normal-19.png,chest_xray,1.0,True,1.0,2.569736524266064e-12,
scripts\PredicciónImágenes\Normal\Normal-523.png,chest_xray,1.0,True,1.0,1.4167918227503407e-10,
scripts\PredicciónImágenes\Normal\Normal-1241.png,chest_xray,1.0,True,1.0,3.236617363011618e-10,
scripts\PredicciónImágenes\Normal\Normal-2740.png,chest_xray,1.0,True,1.0,1.512884151289029e-09,
scripts\PredicciónImágenes\Normal\Normal-1361.png,chest_xray,1.0,True,1.0,4.5066832210505225e-12,
scripts\PredicciónImágenes\Normal\Normal-2491.png,chest_xray,1.0,True,1.0,1.0581882592397562e-12,
scripts\PredicciónImágenes\Normal\Normal-2796.png,chest_xray,1.0,True,1.0,2.2423669865379026e-10,
scripts\PredicciónImágenes\Normal\Normal-435.png,chest_xray,1.0,True,1.0,5.394318238621798e-12,
scripts\PredicciónImágenes\Normal\Normal-1794.png,chest_xray,0.9999597072601318,True,0.9999597072601318,4.034137964481488e-05,
scripts\PredicciónImágenes\Normal\Normal-1806.png,chest_xray,1.0,True,1.0,1.7345515648803378e-11,
scripts\PredicciónImágenes\Normal\Normal-1962.png,chest_xray,1.0,True,1.0,2.6328688118582022e-09,
scripts\PredicciónImágenes\Normal\Normal-1086.png,chest_xray,1.0,True,1.0,5.6459210640014135e-09,
scripts\PredicciónImágenes\Normal\Normal-2253.png,chest_xray,1.0,True,1.0,1.7303087782027937e-11,
scripts\PredicciónImágenes\Normal\Normal-1710.png,chest_xray,1.0,True,1.0,5.377004397288943e-10,
scripts\PredicciónImágenes\Normal\Normal-2884.png,chest_xray,1.0,True,1.0,6.370582394943369e-10,
scripts\PredicciónImágenes\Normal\Normal-1343.png,chest_xray,1.0,True,1.0,8.589672029213347e-11,
scripts\PredicciónImágenes\Normal\Normal-1169.png,chest_xray,1.0,True,1.0,3.3501877487462917e-12,
scripts\PredicciónImágenes\Normal\Normal-631.png,chest_xray,1.0,True,1.0,3.303521067810067e-10,
scripts\PredicciónImágenes\Normal\Normal-66.png,chest_xray,1.0,True,1.0,1.3202533510892067e-09,
scripts\PredicciónImágenes\Normal\Normal-992.png,chest_xray,1.0,True,1.0,1.4614839893845044e-10,
scripts\PredicciónImágenes\Normal\Normal-1459.png,chest_xray,1.0,True,1.0,6.250674977614779e-11,
scripts\PredicciónImágenes\Normal\Normal-2714.png,chest_xray,1.0,True,1.0,2.571231005887853e-09,
scripts\PredicciónImágenes\Normal\Normal-2024.png,chest_xray,1.0,True,1.0,7.592447720874973e-13,
scripts\PredicciónImágenes\Normal\Normal-328.png,chest_xray,1.0,True,1.0,9.080875808253897e-12,
scripts\PredicciónImágenes\Normal\Normal-1037.png,chest_xray,1.0,True,1.0,4.4500240623489284e-13,
scripts\PredicciónImágenes\Normal\Normal-1418.png,chest_xray,1.0,True,1.0,7.871410229350062e-13,
scripts\PredicciónImágenes\Normal\Normal-626.png,chest_xray,1.0,True,1.0,1.250538561592407e-10,
scripts\PredicciónImágenes\Normal\Normal-83.png,chest_xray,1.0,True,1.0,4.322980341753269e-12,
scripts\PredicciónImágenes\Normal\Normal-1496.png,chest_xray,1.0,True,1.0,2.741427640451377e-10,
scripts\PredicciónImágenes\Normal\Normal-2005.png,chest_xray,1.0,True,1.0,1.668164738288791e-12,
scripts\PredicciónImágenes\Normal\Normal-135.png,chest_xray,1.0,True,1.0,3.384680036244703e-11,
scripts\PredicciónImágenes\Normal\Normal-1755.png,chest_xray,1.0,True,1.0,7.482570119066168e-09,
scripts\PredicciónImágenes\Normal\Normal-1887.png,chest_xray,1.0,True,1.0,1.7850663169838299e-09,
scripts\PredicciónImágenes\Normal\Normal-769.png,chest_xray,1.0,True,1.0,4.190911795376451e-08,
scripts\PredicciónImágenes\Normal\Normal-406.png,chest_xray,1.0,True,1.0,1.2267674376342796e-10,
scripts\PredicciónImágenes\Normal\Normal-2108.png,chest_xray,1.0,True,1.0,4.0603959539260714e-13,
scripts\PredicciónImágenes\Normal\Normal-194.png,chest_xray,1.0,True,1.0,6.780333933198435e-11,
scripts\PredicciónImágenes\Normal\Normal-2509.png,chest_xray,1.0,True,1.0,1.5252814289379302e-10,
scripts\PredicciónImágenes\Normal\Normal-2544.png,chest_xray,1.0,True,1.0,9.8413048543744e-12,
scripts\PredicciónImágenes\Normal\Normal-639.png,chest_xray,1.0,True,1.0,3.2600477872790634e-11,
scripts\PredicciónImágenes\Normal\Normal-1190.png,chest_xray,0.9999988079071045,True,0.9999988079071045,1.1630561402853345e-06,
scripts\PredicciónImágenes\Normal\Normal-1968.png,chest_xray,1.0,True,1.0,3.074443200024035e-10,
scripts\PredicciónImágenes\Normal\Normal-2458.png,chest_xray,1.0,True,1.0,1.2165137603867282e-12,
scripts\PredicciónImágenes\Normal\Normal-403.png,chest_xray,1.0,True,1.0,1.1971294788803988e-10,
scripts\PredicciónImágenes\Normal\Normal-565.png,chest_xray,1.0,True,1.0,2.949063909740701e-11,
scripts\PredicciónImágenes\Normal\Normal-1268.png,chest_xray,1.0,True,1.0,5.514757053792785e-12,
scripts\PredicciónImágenes\Normal\Normal-773.png,chest_xray,1.0,True,1.0,2.765458174958102e-11,
scripts\PredicciónImágenes\Normal\Normal-672.png,chest_xray,0.9999997615814209,True,0.9999997615814209,2.176727207370277e-07,
scripts\PredicciónImágenes\Normal\Normal-1679.png,chest_xray,1.0,True,1.0,3.5988834135025627e-09,
scripts\PredicciónImágenes\Normal\Normal-579.png,chest_xray,1.0,True,1.0,3.347530586061964e-12,
scripts\PredicciónImágenes\Normal\Normal-1444.png,chest_xray,1.0,True,1.0,4.354360188391082e-12,
scripts\PredicciónImágenes\Normal\Normal-428.png,chest_xray,1.0,True,1.0,1.6002207336995866e-09,
scripts\PredicciónImágenes\Normal\Normal-1112.png,chest_xray,1.0,True,1.0,8.533073553307347e-11,
scripts\PredicciónImágenes\Normal\Normal-1681.png,chest_xray,1.0,True,1.0,5.915725808519623e-12,
scripts\PredicciónImágenes\Normal\Normal-2382.png,chest_xray,1.0,True,1.0,2.4220589978085627e-09,
scripts\PredicciónImágenes\Normal\Normal-490.png,chest_xray,1.0,True,1.0,5.143879246161109e-12,
scripts\PredicciónImágenes\Normal\Normal-1099.png,chest_xray,1.0,True,1.0,2.232524755341192e-11,
scripts\PredicciónImágenes\Normal\Normal-550.png,chest_xray,1.0,True,1.0,4.2762543506214e-11,
scripts\PredicciónImágenes\Normal\Normal-1873.png,chest_xray,0.9999998807907104,True,0.9999998807907104,9.002065581853458e-08,
scripts\PredicciónImágenes\Normal\Normal-486.png,chest_xray,1.0,True,1.0,3.4842057017314687e-10,
scripts\PredicciónImágenes\Normal\Normal-2944.png,chest_xray,1.0,True,1.0,1.197173870454149e-12,
scripts\PredicciónImágenes\Normal\Normal-2136.png,chest_xray,1.0,True,1.0,4.469105207433044e-12,
scripts\PredicciónImágenes\Normal\Normal-865.png,chest_xray,1.0,True,1.0,1.4541565000747436e-11,
scripts\PredicciónImágenes\Normal\Normal-64.png,chest_xray,1.0,True,1.0,7.634975984771586e-11,
scripts\PredicciónImágenes\Normal\Normal-449.png,chest_xray,1.0,True,1.0,5.352712162398632e-10,
scripts\PredicciónImágenes\Normal\Normal-1179.png,chest_xray,1.0,True,1.0,9.392654432005543e-10,
scripts\PredicciónImágenes\Normal\Normal-931.png,chest_xray,1.0,True,1.0,1.6120555411391901e-12,
scripts\PredicciónImágenes\Normal\Normal-1427.png,chest_xray,1.0,True,1.0,1.633730928318755e-10,
scripts\PredicciónImágenes\Normal\Normal-2000.png,chest_xray,1.0,True,1.0,3.621232202988267e-10,
scripts\PredicciónImágenes\Normal\Normal-2200.png,chest_xray,0.9999998807907104,True,0.9999998807907104,1.5195051616956334e-07,
scripts\PredicciónImágenes\Normal\Normal-1957.png,chest_xray,1.0,True,1.0,1.671287552795775e-10,
scripts\PredicciónImágenes\Normal\Normal-297.png,chest_xray,1.0,True,1.0,6.302129929025568e-10,
scripts\PredicciónImágenes\Normal\Normal-1021.png,chest_xray,0.9999467134475708,True,0.9999467134475708,5.325983511283994e-05,
scripts\PredicciónImágenes\Normal\Normal-2615.png,chest_xray,1.0,True,1.0,4.3771639091083614e-10,
scripts\PredicciónImágenes\Normal\Normal-1244.png,chest_xray,1.0,True,1.0,2.262064884364645e-12,
scripts\PredicciónImágenes\Normal\Normal-720.png,chest_xray,1.0,True,1.0,5.306201658616949e-12,
scripts\PredicciónImágenes\Normal\Normal-2310.png,chest_xray,1.0,True,1.0,1.3598645820511734e-10,
scripts\PredicciónImágenes\Normal\Normal-2748.png,chest_xray,1.0,True,1.0,9.268925904581948e-11,
scripts\PredicciónImágenes\Normal\Normal-1410.png,chest_xray,1.0,True,1.0,2.7239120247574133e-12,
scripts\PredicciónImágenes\Normal\Normal-1688.png,chest_xray,1.0,True,1.0,9.680680562729194e-11,
scripts\PredicciónImágenes\Normal\Normal-132.png,chest_xray,1.0,True,1.0,1.1207355356257498e-11,
scripts\PredicciónImágenes\Normal\Normal-1707.png,chest_xray,1.0,True,1.0,3.267847148435976e-08,
scripts\PredicciónImágenes\Normal\Normal-1967.png,chest_xray,0.9999891519546509,True,0.9999891519546509,1.083924598788144e-05,
scripts\PredicciónImágenes\Normal\Normal-2472.png,chest_xray,1.0,True,1.0,1.3728945931490433e-11,
scripts\PredicciónImágenes\Normal\Normal-2036.png,chest_xray,1.0,True,1.0,1.7842091736344767e-12,
scripts\PredicciónImágenes\Normal\Normal-107.png,chest_xray,1.0,True,1.0,8.40940511670496e-11,
scripts\PredicciónImágenes\Normal\Normal-763.png,chest_xray,1.0,True,1.0,3.893645822428127e-12,
scripts\PredicciónImágenes\Normal\Normal-1103.png,chest_xray,1.0,True,1.0,2.2723851966777175e-10,
scripts\PredicciónImágenes\Normal\Normal-2140.png,chest_xray,1.0,True,1.0,3.6511498685554145e-11,
scripts\PredicciónImágenes\Normal\Normal-366.png,chest_xray,1.0,True,1.0,1.0662656313442653e-09,
scripts\PredicciónImágenes\Normal\Normal-1752.png,chest_xray,1.0,True,1.0,4.126688990524485e-10,
scripts\PredicciónImágenes\Normal\Normal-1245.png,chest_xray,1.0,True,1.0,5.246056020147272e-11,
scripts\PredicciónImágenes\Normal\Normal-1696.png,chest_xray,1.0,True,1.0,2.7229538068773707e-10,
scripts\PredicciónImágenes\Normal\Normal-2163.png,chest_xray,1.0,True,1.0,3.656972728111052e-13,
scripts\PredicciónImágenes\Normal\Normal-1345.png,chest_xray,1.0,True,1.0,4.20032053582986e-09,
scripts\PredicciónImágenes\Normal\Normal-2703.png,chest_xray,1.0,True,1.0,4.774368123072747e-10,
scripts\PredicciónImágenes\Normal\Normal-2567.png,chest_xray,1.0,True,1.0,2.55887400157917e-08,
scripts\PredicciónImágenes\Normal\Normal-1684.png,chest_xray,1.0,True,1.0,8.18922776812947e-11,
scripts\PredicciónImágenes\Normal\Normal-1437.png,chest_xray,1.0,True,1.0,1.446367071250565e-11,
scripts\PredicciónImágenes\Normal\Normal-1529.png,chest_xray,1.0,True,1.0,2.7152601944635535e-08,
scripts\PredicciónImágenes\Normal\Normal-1111.png,chest_xray,1.0,True,1.0,1.6385657275463927e-09,
scripts\PredicciónImágenes\Normal\Normal-1308.png,chest_xray,1.0,True,1.0,7.437846454190489e-13,
scripts\PredicciónImágenes\Normal\Normal-2196.png,chest_xray,1.0,True,1.0,5.049015427971426e-09,
scripts\PredicciónImágenes\Normal\Normal-2685.png,chest_xray,1.0,True,1.0,7.563295767454292e-09,
scripts\PredicciónImágenes\Normal\Normal-2917.png,chest_xray,1.0,True,1.0,2.6212611942133535e-11,
scripts\PredicciónImágenes\Normal\Normal-1428.png,chest_xray,1.0,True,1.0,4.987563695380004e-10,
scripts\PredicciónImágenes\Normal\Normal-1512.png,chest_xray,1.0,True,1.0,2.9890173669500086e-10,
scripts\PredicciónImágenes\Normal\Normal-2035.png,chest_xray,1.0,True,1.0,3.6730929170621096e-13,
scripts\PredicciónImágenes\Normal\Normal-1298.png,chest_xray,1.0,True,1.0,9.948274842797034e-12,
scripts\PredicciónImágenes\Normal\Normal-280.png,chest_xray,1.0,True,1.0,1.7282120179373806e-10,
scripts\PredicciónImágenes\Normal\Normal-1107.png,chest_xray,1.0,True,1.0,5.363258726021058e-10,
scripts\PredicciónImágenes\Normal\Normal-1168.png,chest_xray,1.0,True,1.0,9.356530827897558e-11,
scripts\PredicciónImágenes\Normal\Normal-2621.png,chest_xray,1.0,True,1.0,1.67383418236966e-09,
scripts\PredicciónImágenes\Normal\Normal-2947.png,chest_xray,1.0,True,1.0,1.9361765662972985e-11,
scripts\PredicciónImágenes\Normal\Normal-2915.png,chest_xray,1.0,True,1.0,5.171291173056147e-10,
scripts\PredicciónImágenes\Normal\Normal-601.png,chest_xray,1.0,True,1.0,2.1119227894272896e-11,
scripts\PredicciónImágenes\Normal\Normal-1836.png,chest_xray,1.0,True,1.0,1.6744709785410095e-11,
scripts\PredicciónImágenes\Normal\Normal-1552.png,chest_xray,1.0,True,1.0,7.261857087881296e-11,
scripts\PredicciónImágenes\Normal\Normal-2602.png,chest_xray,1.0,True,1.0,1.8364677834004084e-10,
scripts\PredicciónImágenes\Normal\Normal-2225.png,chest_xray,1.0,True,1.0,5.8779807687869834e-08,
scripts\PredicciónImágenes\Normal\Normal-511.png,chest_xray,1.0,True,1.0,2.6669533248480093e-10,
scripts\PredicciónImágenes\Normal\Normal-1175.png,chest_xray,1.0,True,1.0,1.284455541927798e-09,
scripts\PredicciónImágenes\Normal\Normal-671.png,chest_xray,1.0,True,1.0,3.306411134468279e-12,
scripts\PredicciónImágenes\Normal\Normal-2177.png,chest_xray,1.0,True,1.0,2.479542404731916e-10,
scripts\PredicciónImágenes\Normal\Normal-2705.png,chest_xray,1.0,True,1.0,1.7722872865458261e-12,
scripts\PredicciónImágenes\Normal\Normal-2961.png,chest_xray,1.0,True,1.0,2.2468868779434992e-11,
scripts\PredicciónImágenes\Normal\Normal-1250.png,chest_xray,1.0,True,1.0,2.255504463755109e-11,
scripts\PredicciónImágenes\Normal\Normal-1441.png,chest_xray,1.0,True,1.0,1.5009668508092489e-10,
scripts\PredicciónImágenes\Normal\Normal-1780.png,chest_xray,1.0,True,1.0,8.589003952508278e-10,
scripts\PredicciónImágenes\Normal\Normal-1877.png,chest_xray,1.0,True,1.0,2.0064019889964868e-10,
scripts\PredicciónImágenes\Normal\Normal-2545.png,chest_xray,1.0,True,1.0,4.140464859858639e-09,
scripts\PredicciónImágenes\Normal\Normal-2188.png,chest_xray,1.0,True,1.0,3.637038370127299e-12,
scripts\PredicciónImágenes\Normal\Normal-2762.png,chest_xray,1.0,True,1.0,5.292521421118579e-10,
scripts\PredicciónImágenes\Normal\Normal-1803.png,chest_xray,1.0,True,1.0,5.899891035790472e-13,
scripts\PredicciónImágenes\Normal\Normal-943.png,chest_xray,1.0,True,1.0,1.7121532056713074e-12,
scripts\PredicciónImágenes\Normal\Normal-2131.png,chest_xray,1.0,True,1.0,1.1091971091614639e-10,
scripts\PredicciónImágenes\Normal\Normal-2151.png,chest_xray,1.0,True,1.0,5.95802573943871e-10,
scripts\PredicciónImágenes\Normal\Normal-2213.png,chest_xray,0.9999996423721313,True,0.9999996423721313,3.563218342605978e-07,
scripts\PredicciónImágenes\Normal\Normal-2457.png,chest_xray,1.0,True,1.0,5.744653884531825e-12,
scripts\PredicciónImágenes\Normal\Normal-1482.png,chest_xray,1.0,True,1.0,7.814256186566837e-12,
scripts\PredicciónImágenes\Normal\Normal-684.png,chest_xray,1.0,True,1.0,2.971480839164542e-10,
scripts\PredicciónImágenes\Normal\Normal-2577.png,chest_xray,1.0,True,1.0,1.0025152583081898e-11,
scripts\PredicciónImágenes\Normal\Normal-434.png,chest_xray,1.0,True,1.0,1.9389854305496e-11,
scripts\PredicciónImágenes\Normal\Normal-2298.png,chest_xray,1.0,True,1.0,3.295863360008866e-09,
scripts\PredicciónImágenes\Normal\Normal-1931.png,chest_xray,1.0,True,1.0,5.386183943301148e-09,
scripts\PredicciónImágenes\Normal\Normal-2516.png,chest_xray,1.0,True,1.0,1.1221173296105391e-11,
scripts\PredicciónImágenes\Normal\Normal-1371.png,chest_xray,1.0,True,1.0,2.1513697670127313e-13,
scripts\PredicciónImágenes\Normal\Normal-2372.png,chest_xray,1.0,True,1.0,4.694793442894252e-10,
scripts\PredicciónImágenes\Normal\Normal-257.png,chest_xray,1.0,True,1.0,1.3179919395450712e-12,
scripts\PredicciónImágenes\Normal\Normal-2620.png,chest_xray,1.0,True,1.0,8.412545833558216e-12,
scripts\PredicciónImágenes\Normal\Normal-526.png,chest_xray,1.0,True,1.0,5.6705001805212873e-11,
scripts\PredicciónImágenes\Normal\Normal-736.png,chest_xray,1.0,True,1.0,4.081299968122787e-12,
scripts\PredicciónImágenes\Normal\Normal-1320.png,chest_xray,1.0,True,1.0,5.924909174392923e-11,
scripts\PredicciónImágenes\Normal\Normal-1518.png,chest_xray,1.0,True,1.0,2.6918347759141703e-11,
scripts\PredicciónImágenes\Normal\Normal-2698.png,chest_xray,1.0,True,1.0,1.6410272030142892e-09,
scripts\PredicciónImágenes\Normal\Normal-1557.png,chest_xray,1.0,True,1.0,1.1010067302308357e-09,
scripts\PredicciónImágenes\Normal\Normal-2210.png,chest_xray,1.0,True,1.0,1.5461106839254057e-09,
scripts\PredicciónImágenes\Normal\Normal-2135.png,chest_xray,1.0,True,1.0,1.281468854641421e-11,
scripts\PredicciónImágenes\Normal\Normal-1483.png,chest_xray,1.0,True,1.0,2.7037508516791764e-12,
scripts\PredicciónImágenes\Normal\Normal-1193.png,chest_xray,1.0,True,1.0,1.1335923172373086e-10,
scripts\PredicciónImágenes\Normal\Normal-700.png,chest_xray,1.0,True,1.0,8.05038744000619e-11,
scripts\PredicciónImágenes\Normal\Normal-2955.png,chest_xray,1.0,True,1.0,1.3551385708021613e-11,
scripts\PredicciónImágenes\Normal\Normal-1834.png,chest_xray,1.0,True,1.0,1.7454537815098092e-11,
scripts\PredicciónImágenes\Normal\Normal-130.png,chest_xray,1.0,True,1.0,1.24751778352028e-10,
scripts\PredicciónImágenes\Normal\Normal-123.png,chest_xray,1.0,True,1.0,2.7551599890429657e-11,
scripts\PredicciónImágenes\Normal\Normal-1606.png,chest_xray,1.0,True,1.0,8.743164525704117e-11,
scripts\PredicciónImágenes\Normal\Normal-2002.png,chest_xray,1.0,True,1.0,1.0346423370832802e-11,
scripts\PredicciónImágenes\Normal\Normal-1532.png,chest_xray,1.0,True,1.0,4.582346307957508e-11,
scripts\PredicciónImágenes\Normal\Normal-2803.png,chest_xray,1.0,True,1.0,1.1299409408138672e-08,
scripts\PredicciónImágenes\Normal\Normal-1771.png,chest_xray,1.0,True,1.0,1.7863196477563292e-09,
scripts\PredicciónImágenes\Normal\Normal-365.png,chest_xray,1.0,True,1.0,1.2198701770937959e-10,
scripts\PredicciónImágenes\Normal\Normal-473.png,chest_xray,1.0,True,1.0,1.958635476029258e-09,
scripts\PredicciónImágenes\Normal\Normal-2133.png,chest_xray,1.0,True,1.0,9.386238314368356e-11,
scripts\PredicciónImágenes\Normal\Normal-394.png,chest_xray,1.0,True,1.0,2.480635141743903e-10,
scripts\PredicciónImágenes\Normal\Normal-2293.png,chest_xray,1.0,True,1.0,1.5862171298675065e-10,
scripts\PredicciónImágenes\Normal\Normal-2206.png,chest_xray,1.0,True,1.0,6.947664665801767e-12,
scripts\PredicciónImágenes\Normal\Normal-2299.png,chest_xray,1.0,True,1.0,3.4234674123334585e-11,
scripts\PredicciónImágenes\Normal\Normal-1196.png,chest_xray,1.0,True,1.0,5.427830060411587e-12,
scripts\PredicciónImágenes\Normal\Normal-1262.png,chest_xray,1.0,True,1.0,2.345699190442474e-10,
scripts\PredicciónImágenes\Normal\Normal-2956.png,chest_xray,1.0,True,1.0,1.1349580164576878e-09,
scripts\PredicciónImágenes\Normal\Normal-1848.png,chest_xray,0.9999992847442627,True,0.9999992847442627,6.618137149416725e-07,
scripts\PredicciónImágenes\Normal\Normal-2453.png,chest_xray,1.0,True,1.0,3.158089761923222e-11,
scripts\PredicciónImágenes\Normal\Normal-861.png,chest_xray,1.0,True,1.0,4.783474172320723e-10,
scripts\PredicciónImágenes\Normal\Normal-188.png,chest_xray,1.0,True,1.0,2.4359507466709118e-11,
scripts\PredicciónImágenes\Normal\Normal-232.png,chest_xray,1.0,True,1.0,1.2070785482265478e-09,
scripts\PredicciónImágenes\Normal\Normal-1393.png,chest_xray,1.0,True,1.0,5.210140097133831e-10,
scripts\PredicciónImágenes\Normal\Normal-967.png,chest_xray,1.0,True,1.0,5.928985302716683e-09,
scripts\PredicciónImágenes\Normal\Normal-568.png,chest_xray,1.0,True,1.0,3.482345523053709e-10,
scripts\PredicciónImágenes\Normal\Normal-1844.png,chest_xray,1.0,True,1.0,2.8017293346449534e-12,
scripts\PredicciónImágenes\Normal\Normal-2789.png,chest_xray,0.9999986886978149,True,0.9999986886978149,1.2640959994314471e-06,
scripts\PredicciónImágenes\Normal\Normal-148.png,chest_xray,1.0,True,1.0,1.1233224128659458e-08,
scripts\PredicciónImágenes\Normal\Normal-637.png,chest_xray,1.0,True,1.0,3.1911973064069343e-12,
scripts\PredicciónImágenes\Normal\Normal-2303.png,chest_xray,1.0,True,1.0,2.9260722733681632e-09,
scripts\PredicciónImágenes\Normal\Normal-2142.png,chest_xray,1.0,True,1.0,3.8831668547345544e-08,
scripts\PredicciónImágenes\Normal\Normal-690.png,chest_xray,1.0,True,1.0,1.9536722239976712e-10,
scripts\PredicciónImágenes\Normal\Normal-1460.png,chest_xray,1.0,True,1.0,8.671154072548148e-11,
scripts\PredicciónImágenes\Normal\Normal-2082.png,chest_xray,1.0,True,1.0,3.2140770600541657e-10,
scripts\PredicciónImágenes\Normal\Normal-2502.png,chest_xray,1.0,True,1.0,3.200567935679466e-11,
scripts\PredicciónImágenes\Normal\Normal-20.png,chest_xray,1.0,True,1.0,2.9657241107372556e-09,
scripts\PredicciónImágenes\Normal\Normal-1380.png,chest_xray,1.0,True,1.0,1.0860516652666519e-10,
scripts\PredicciónImágenes\Normal\Normal-1574.png,chest_xray,1.0,True,1.0,1.7103841129864628e-12,
scripts\PredicciónImágenes\Normal\Normal-2236.png,chest_xray,1.0,True,1.0,1.765183485491484e-11,
scripts\PredicciónImágenes\Normal\Normal-2898.png,chest_xray,1.0,True,1.0,4.604257947127266e-11,
scripts\PredicciónImágenes\Normal\Normal-1490.png,chest_xray,1.0,True,1.0,3.235718984417879e-12,
scripts\PredicciónImágenes\Normal\Normal-269.png,chest_xray,1.0,True,1.0,3.5694738276248472e-09,
scripts\PredicciónImágenes\Normal\Normal-563.png,chest_xray,1.0,True,1.0,3.445701363125053e-11,
scripts\PredicciónImágenes\Normal\Normal-699.png,chest_xray,1.0,True,1.0,2.4703772014134096e-12,
scripts\PredicciónImágenes\Normal\Normal-718.png,chest_xray,1.0,True,1.0,1.0826040064415565e-10,
scripts\PredicciónImágenes\Normal\Normal-2923.png,chest_xray,1.0,True,1.0,5.840747885343944e-10,
scripts\PredicciónImágenes\Normal\Normal-2971.png,chest_xray,1.0,True,1.0,1.1545759903697217e-09,
scripts\PredicciónImágenes\Normal\Normal-1274.png,chest_xray,1.0,True,1.0,2.7095587058767467e-12,
scripts\PredicciónImágenes\Normal\Normal-2288.png,chest_xray,1.0,True,1.0,1.8516956631214887e-12,
scripts\PredicciónImágenes\Normal\Normal-1212.png,chest_xray,1.0,True,1.0,3.180716801054473e-11,
scripts\PredicciónImágenes\Normal\Normal-564.png,chest_xray,1.0,True,1.0,7.820482039733179e-10,
scripts\PredicciónImágenes\Normal\Normal-2775.png,chest_xray,1.0,True,1.0,1.949546774016042e-11,
scripts\PredicciónImágenes\Normal\Normal-1700.png,chest_xray,1.0,True,1.0,1.3440992763236181e-09,
scripts\PredicciónImágenes\Normal\Normal-1045.png,chest_xray,1.0,True,1.0,1.2342678094856563e-11,
scripts\PredicciónImágenes\Normal\Normal-1659.png,chest_xray,1.0,True,1.0,4.4549949507199926e-08,
scripts\PredicciónImágenes\Normal\Normal-1789.png,chest_xray,1.0,True,1.0,3.0243387794115506e-09,
scripts\PredicciónImágenes\Normal\Normal-2158.png,chest_xray,1.0,True,1.0,6.863275725521589e-09,
scripts\PredicciónImágenes\Normal\Normal-2419.png,chest_xray,1.0,True,1.0,1.1756654677563816e-12,
scripts\PredicciónImágenes\Normal\Normal-1145.png,chest_xray,1.0,True,1.0,9.690037217069403e-09,
scripts\PredicciónImágenes\Normal\Normal-508.png,chest_xray,1.0,True,1.0,9.495666752901144e-11,
scripts\PredicciónImágenes\Normal\Normal-2959.png,chest_xray,0.9999998807907104,True,0.9999998807907104,9.13610449515545e-08,
scripts\PredicciónImágenes\Normal\Normal-2826.png,chest_xray,1.0,True,1.0,1.9059855083103372e-10,
scripts\PredicciónImágenes\Normal\Normal-2465.png,chest_xray,1.0,True,1.0,1.374243861068658e-11,
scripts\PredicciónImágenes\Normal\Normal-184.png,chest_xray,1.0,True,1.0,1.1290742510860693e-13,
scripts\PredicciónImágenes\Normal\Normal-2737.png,chest_xray,1.0,True,1.0,1.845477937134632e-10,
scripts\PredicciónImágenes\Normal\Normal-80.png,chest_xray,1.0,True,1.0,7.487612092849094e-12,
scripts\PredicciónImágenes\Normal\Normal-1379.png,chest_xray,1.0,True,1.0,3.130723458255602e-11,
scripts\PredicciónImágenes\Normal\Normal-2257.png,chest_xray,1.0,True,1.0,1.9976167386914767e-09,
scripts\PredicciónImágenes\Normal\Normal-2266.png,chest_xray,1.0,True,1.0,1.828597384623265e-09,
scripts\PredicciónImágenes\Normal\Normal-2001.png,chest_xray,1.0,True,1.0,5.567405425566108e-10,
scripts\PredicciónImágenes\Normal\Normal-2463.png,chest_xray,1.0,True,1.0,2.7118893797251076e-09,
scripts\PredicciónImágenes\Normal\Normal-183.png,chest_xray,1.0,True,1.0,1.6475175390606722e-11,
scripts\PredicciónImágenes\Normal\Normal-1918.png,chest_xray,1.0,True,1.0,9.98005636465571e-11,
scripts\PredicciónImágenes\Normal\Normal-202.png,chest_xray,1.0,True,1.0,3.0260452477115507e-10,
scripts\PredicciónImágenes\Normal\Normal-1835.png,chest_xray,1.0,True,1.0,1.496099355513536e-10,
scripts\PredicciónImágenes\Normal\Normal-628.png,chest_xray,1.0,True,1.0,5.743144848580073e-11,
scripts\PredicciónImágenes\Normal\Normal-1232.png,chest_xray,1.0,True,1.0,1.6435611823340662e-13,
scripts\PredicciónImágenes\Normal\Normal-113.png,chest_xray,1.0,True,1.0,3.853493218963777e-11,
scripts\PredicciónImágenes\Normal\Normal-454.png,chest_xray,1.0,True,1.0,8.845104204624477e-09,
scripts\PredicciónImágenes\Normal\Normal-966.png,chest_xray,1.0,True,1.0,3.61087271194549e-10,
scripts\PredicciónImágenes\Normal\Normal-1358.png,chest_xray,1.0,True,1.0,9.952288992920444e-10,
scripts\PredicciónImágenes\Normal\Normal-1582.png,chest_xray,1.0,True,1.0,5.7296163369358055e-09,
scripts\PredicciónImágenes\Normal\Normal-2438.png,chest_xray,1.0,True,1.0,1.8122269093354126e-12,
scripts\PredicciónImágenes\Normal\Normal-2996.png,chest_xray,1.0,True,1.0,1.3661839021184008e-11,
scripts\PredicciónImágenes\Normal\Normal-2411.png,chest_xray,1.0,True,1.0,7.838432125595318e-10,
scripts\PredicciónImágenes\Normal\Normal-2756.png,chest_xray,1.0,True,1.0,1.6412884940031347e-11,
scripts\PredicciónImágenes\Normal\Normal-2992.png,chest_xray,1.0,True,1.0,3.0053037836097474e-10,
scripts\PredicciónImágenes\Normal\Normal-916.png,chest_xray,1.0,True,1.0,2.650836217199526e-10,
scripts\PredicciónImágenes\Normal\Normal-1182.png,chest_xray,1.0,True,1.0,2.279238082991686e-11,
scripts\PredicciónImágenes\Normal\Normal-611.png,chest_xray,1.0,True,1.0,2.315364913685336e-11,
scripts\PredicciónImágenes\Normal\Normal-751.png,chest_xray,1.0,True,1.0,8.6932029500289e-13,
scripts\PredicciónImágenes\Normal\Normal-2088.png,chest_xray,1.0,True,1.0,9.152958252434118e-11,
scripts\PredicciónImágenes\Normal\Normal-2863.png,chest_xray,1.0,True,1.0,1.681441617884527e-11,
scripts\PredicciónImágenes\Normal\Normal-2234.png,chest_xray,1.0,True,1.0,1.1552980100359989e-10,
scripts\PredicciónImágenes\Normal\Normal-975.png,chest_xray,1.0,True,1.0,1.889319430070646e-12,
scripts\PredicciónImágenes\Normal\Normal-2746.png,chest_xray,1.0,True,1.0,1.3720687919160923e-09,
scripts\PredicciónImágenes\Normal\Normal-1467.png,chest_xray,1.0,True,1.0,5.514688705687831e-10,
scripts\PredicciónImágenes\Normal\Normal-970.png,chest_xray,1.0,True,1.0,2.36401564990274e-10,
scripts\PredicciónImágenes\Normal\Normal-1828.png,chest_xray,1.0,True,1.0,1.3607934223891505e-10,
scripts\PredicciónImágenes\Normal\Normal-2013.png,chest_xray,1.0,True,1.0,1.1773654273738998e-10,
scripts\PredicciónImágenes\Normal\Normal-2520.png,chest_xray,1.0,True,1.0,4.605520587119827e-08,
scripts\PredicciónImágenes\Normal\Normal-253.png,chest_xray,1.0,True,1.0,5.891120924417237e-09,
scripts\PredicciónImágenes\Normal\Normal-701.png,chest_xray,1.0,True,1.0,1.0873393296861877e-09,
scripts\PredicciónImágenes\Normal\Normal-2876.png,chest_xray,1.0,True,1.0,3.002817161590343e-10,
scripts\PredicciónImágenes\Normal\Normal-2473.png,chest_xray,1.0,True,1.0,8.827466535521467e-11,
scripts\PredicciónImágenes\Normal\Normal-1759.png,chest_xray,1.0,True,1.0,3.2281430133174194e-12,
scripts\PredicciónImágenes\Normal\Normal-2499.png,chest_xray,1.0,True,1.0,1.2256605452787284e-11,
scripts\PredicciónImágenes\Normal\Normal-492.png,chest_xray,1.0,True,1.0,1.6644343889260504e-11,
scripts\PredicciónImágenes\Normal\Normal-2555.png,chest_xray,1.0,True,1.0,1.0223066837511396e-09,
scripts\PredicciónImágenes\Normal\Normal-533.png,chest_xray,1.0,True,1.0,1.0777139814246994e-12,
scripts\PredicciónImágenes\Normal\Normal-542.png,chest_xray,1.0,True,1.0,9.740058759533099e-11,
scripts\PredicciónImágenes\Normal\Normal-932.png,chest_xray,1.0,True,1.0,4.304739320559747e-08,
scripts\PredicciónImágenes\Normal\Normal-2174.png,chest_xray,1.0,True,1.0,5.143682788727455e-12,
scripts\PredicciónImágenes\Normal\Normal-2910.png,chest_xray,1.0,True,1.0,9.867685557551908e-10,
scripts\PredicciónImágenes\Normal\Normal-468.png,chest_xray,1.0,True,1.0,3.36392406985464e-11,
scripts\PredicciónImágenes\Normal\Normal-2662.png,chest_xray,1.0,True,1.0,9.338518673629448e-12,
scripts\PredicciónImágenes\Normal\Normal-1438.png,chest_xray,1.0,True,1.0,3.7981432235434376e-12,
scripts\PredicciónImágenes\Normal\Normal-2181.png,chest_xray,1.0,True,1.0,2.8388105755006166e-10,
scripts\PredicciónImágenes\Normal\Normal-2284.png,chest_xray,1.0,True,1.0,1.6349458245579207e-11,
scripts\PredicciónImágenes\Normal\Normal-2679.png,chest_xray,1.0,True,1.0,2.830304740575329e-11,
scripts\PredicciónImágenes\Normal\Normal-2168.png,chest_xray,1.0,True,1.0,2.469755303047272e-12,
scripts\PredicciónImágenes\Normal\Normal-632.png,chest_xray,1.0,True,1.0,1.6554081022635003e-11,
scripts\PredicciónImágenes\Normal\Normal-1618.png,chest_xray,1.0,True,1.0,2.178524027840467e-09,
scripts\PredicciónImágenes\Normal\Normal-730.png,chest_xray,1.0,True,1.0,1.4956477029093307e-11,
scripts\PredicciónImágenes\Normal\Normal-735.png,chest_xray,0.999996542930603,True,0.999996542930603,3.47148125001695e-06,
scripts\PredicciónImágenes\Normal\Normal-2022.png,chest_xray,1.0,True,1.0,1.7584769751444185e-10,
scripts\PredicciónImágenes\Normal\Normal-2931.png,chest_xray,1.0,True,1.0,8.268515212794814e-12,
scripts\PredicciónImágenes\Normal\Normal-1751.png,chest_xray,1.0,True,1.0,2.982087077274542e-10,
scripts\PredicciónImágenes\Normal\Normal-1950.png,chest_xray,1.0,True,1.0,2.1193567734112406e-10,
scripts\PredicciónImágenes\Normal\Normal-2835.png,chest_xray,1.0,True,1.0,1.1830431079218329e-09,
scripts\PredicciónImágenes\Normal\Normal-43.png,chest_xray,1.0,True,1.0,5.087637342665596e-12,
scripts\PredicciónImágenes\Normal\Normal-142.png,chest_xray,1.0,True,1.0,3.8689793556423435e-12,
scripts\PredicciónImágenes\Normal\Normal-79.png,chest_xray,1.0,True,1.0,2.6588735657639972e-09,
scripts\PredicciónImágenes\Normal\Normal-818.png,chest_xray,1.0,True,1.0,1.013846558789444e-12,
scripts\PredicciónImágenes\Normal\Normal-106.png,chest_xray,1.0,True,1.0,1.951737438332657e-08,
scripts\PredicciónImágenes\Normal\Normal-1217.png,chest_xray,1.0,True,1.0,8.048415267580822e-09,
scripts\PredicciónImágenes\Normal\Normal-2584.png,chest_xray,1.0,True,1.0,2.024675782932861e-12,
scripts\PredicciónImágenes\Normal\Normal-2847.png,chest_xray,1.0,True,1.0,4.800190800402504e-10,
scripts\PredicciónImágenes\Normal\Normal-298.png,chest_xray,1.0,True,1.0,2.957352585042372e-09,
scripts\PredicciónImágenes\Normal\Normal-567.png,chest_xray,1.0,True,1.0,1.7236418889399197e-11,
scripts\PredicciónImágenes\Normal\Normal-1702.png,chest_xray,1.0,True,1.0,2.0811016798738535e-10,
scripts\PredicciónImágenes\Normal\Normal-2534.png,chest_xray,1.0,True,1.0,2.000563048554227e-10,
scripts\PredicciónImágenes\Normal\Normal-2297.png,chest_xray,1.0,True,1.0,3.924283814571439e-11,
scripts\PredicciónImágenes\Normal\Normal-2651.png,chest_xray,1.0,True,1.0,2.01418964840272e-10,
scripts\PredicciónImágenes\Normal\Normal-469.png,chest_xray,1.0,True,1.0,4.379499887741112e-11,
scripts\PredicciónImágenes\Normal\Normal-1647.png,chest_xray,1.0,True,1.0,3.649033505914723e-11,
scripts\PredicciónImágenes\Normal\Normal-470.png,chest_xray,1.0,True,1.0,5.487696234929285e-12,
scripts\PredicciónImágenes\Normal\Normal-316.png,chest_xray,1.0,True,1.0,9.074431872591049e-09,
scripts\PredicciónImágenes\Normal\Normal-265.png,chest_xray,1.0,True,1.0,7.992839896886483e-12,
scripts\PredicciónImágenes\Normal\Normal-1202.png,chest_xray,1.0,True,1.0,1.764516831259666e-11,
scripts\PredicciónImágenes\Normal\Normal-2574.png,chest_xray,1.0,True,1.0,2.6353530468981035e-11,
scripts\PredicciónImágenes\Normal\Normal-614.png,chest_xray,1.0,True,1.0,8.989913702350805e-09,
scripts\PredicciónImágenes\Normal\Normal-852.png,chest_xray,1.0,True,1.0,1.7376335830279754e-12,
scripts\PredicciónImágenes\Normal\Normal-292.png,chest_xray,1.0,True,1.0,2.22467058663689e-10,
scripts\PredicciónImágenes\Normal\Normal-1847.png,chest_xray,1.0,True,1.0,2.6373292438819362e-11,
scripts\PredicciónImágenes\Normal\Normal-186.png,chest_xray,1.0,True,1.0,1.0234050273894013e-09,
scripts\PredicciónImágenes\Normal\Normal-2349.png,chest_xray,1.0,True,1.0,2.9035229776042115e-09,
scripts\PredicciónImágenes\Normal\Normal-2156.png,chest_xray,1.0,True,1.0,3.34376727695318e-11,
scripts\PredicciónImágenes\Normal\Normal-1654.png,chest_xray,1.0,True,1.0,1.1149792894515898e-10,
scripts\PredicciónImágenes\Normal\Normal-875.png,chest_xray,0.9999998807907104,True,0.9999998807907104,6.771064420263428e-08,
scripts\PredicciónImágenes\Normal\Normal-850.png,chest_xray,0.9999998807907104,True,0.9999998807907104,9.822514357438195e-08,
scripts\PredicciónImágenes\Normal\Normal-2119.png,chest_xray,1.0,True,1.0,4.605393011392067e-10,
scripts\PredicciónImágenes\Normal\Normal-2941.png,chest_xray,1.0,True,1.0,1.357955081715545e-09,
scripts\PredicciónImágenes\Normal\Normal-196.png,chest_xray,1.0,True,1.0,1.261841542712916e-12,
scripts\PredicciónImágenes\Normal\Normal-1040.png,chest_xray,1.0,True,1.0,1.1245727439546105e-11,
scripts\PredicciónImágenes\Normal\Normal-2107.png,chest_xray,1.0,True,1.0,3.9679926011615407e-10,
scripts\PredicciónImágenes\Normal\Normal-357.png,chest_xray,1.0,True,1.0,4.560253948548629e-14,
scripts\PredicciónImágenes\Normal\Normal-2102.png,chest_xray,1.0,True,1.0,1.5460480118356656e-10,
scripts\PredicciónImágenes\Normal\Normal-2906.png,chest_xray,1.0,True,1.0,2.3932783532742974e-10,
scripts\PredicciónImágenes\Normal\Normal-2979.png,chest_xray,1.0,True,1.0,4.8734745405898394e-11,
scripts\PredicciónImágenes\Normal\Normal-2448.png,chest_xray,1.0,True,1.0,9.777354273432515e-12,
scripts\PredicciónImágenes\Normal\Normal-2295.png,chest_xray,1.0,True,1.0,6.991083406626686e-11,
scripts\PredicciónImágenes\Normal\Normal-1874.png,chest_xray,1.0,True,1.0,1.1467092032868553e-11,
scripts\PredicciónImágenes\Normal\Normal-1749.png,chest_xray,1.0,True,1.0,1.4122288408136008e-11,
scripts\PredicciónImágenes\Normal\Normal-430.png,chest_xray,1.0,True,1.0,4.1133825512407185e-11,
scripts\PredicciónImágenes\Normal\Normal-1057.png,chest_xray,1.0,True,1.0,7.066507101693986e-11,
scripts\PredicciónImágenes\Normal\Normal-1359.png,chest_xray,1.0,True,1.0,3.8705274879244356e-13,
scripts\PredicciónImágenes\Normal\Normal-141.png,chest_xray,1.0,True,1.0,8.524744798954487e-11,
scripts\PredicciónImágenes\Normal\Normal-505.png,chest_xray,1.0,True,1.0,7.87856793693642e-11,
scripts\PredicciónImágenes\Normal\Normal-2579.png,chest_xray,1.0,True,1.0,7.318037777322151e-13,
scripts\PredicciónImágenes\Normal\Normal-1285.png,chest_xray,1.0,True,1.0,1.740558586149632e-09,
scripts\PredicciónImágenes\Normal\Normal-1605.png,chest_xray,1.0,True,1.0,4.886647753110651e-10,
scripts\PredicciónImágenes\Normal\Normal-109.png,chest_xray,1.0,True,1.0,1.4052414787357748e-09,
scripts\PredicciónImágenes\Normal\Normal-2454.png,chest_xray,1.0,True,1.0,2.9633517861782366e-11,
scripts\PredicciónImágenes\Normal\Normal-3000.png,chest_xray,1.0,True,1.0,2.1720980049322325e-12,
scripts\PredicciónImágenes\Normal\Normal-472.png,chest_xray,1.0,True,1.0,2.4960138400587084e-09,
scripts\PredicciónImágenes\Normal\Normal-1486.png,chest_xray,1.0,True,1.0,3.71273983779119e-10,
scripts\PredicciónImágenes\Normal\Normal-1564.png,chest_xray,1.0,True,1.0,5.8782154491177074e-12,
scripts\PredicciónImágenes\Normal\Normal-723.png,chest_xray,1.0,True,1.0,1.2133640758804631e-09,
scripts\PredicciónImágenes\Normal\Normal-2833.png,chest_xray,1.0,True,1.0,2.9112476873649484e-09,
scripts\PredicciónImágenes\Normal\Normal-1340.png,chest_xray,1.0,True,1.0,1.447023750822396e-11,
scripts\PredicciónImágenes\Normal\Normal-157.png,chest_xray,1.0,True,1.0,2.634474860485625e-10,
scripts\PredicciónImágenes\Normal\Normal-2686.png,chest_xray,1.0,True,1.0,1.2943450564822934e-12,
scripts\PredicciónImágenes\Normal\Normal-1477.png,chest_xray,0.9999994039535522,True,0.9999994039535522,5.507188802766905e-07,
scripts\PredicciónImágenes\Normal\Normal-1547.png,chest_xray,1.0,True,1.0,2.713314642410758e-11,
scripts\PredicciónImágenes\Normal\Normal-2247.png,chest_xray,1.0,True,1.0,1.3413243606097414e-11,
scripts\PredicciónImágenes\Normal\Normal-246.png,chest_xray,1.0,True,1.0,9.199052977693079e-12,
scripts\PredicciónImágenes\Normal\Normal-2760.png,chest_xray,1.0,True,1.0,1.9583496282948865e-11,
scripts\PredicciónImágenes\Normal\Normal-948.png,chest_xray,1.0,True,1.0,6.172296007633804e-10,
scripts\PredicciónImágenes\Normal\Normal-181.png,chest_xray,1.0,True,1.0,4.210360671219604e-10,
scripts\PredicciónImágenes\Normal\Normal-2731.png,chest_xray,1.0,True,1.0,1.0629242278015205e-11,
scripts\PredicciónImágenes\Normal\Normal-1913.png,chest_xray,0.9999996423721313,True,0.9999996423721313,3.06393872051558e-07,
scripts\PredicciónImágenes\Normal\Normal-2862.png,chest_xray,1.0,True,1.0,1.843628982117762e-12,
scripts\PredicciónImágenes\Normal\Normal-345.png,chest_xray,1.0,True,1.0,6.866149315776227e-11,
scripts\PredicciónImágenes\Normal\Normal-1984.png,chest_xray,1.0,True,1.0,7.969347848302277e-09,
scripts\PredicciónImágenes\Normal\Normal-1456.png,chest_xray,1.0,True,1.0,5.092877074924784e-13,
scripts\PredicciónImágenes\Normal\Normal-2260.png,chest_xray,1.0,True,1.0,3.4160023698603936e-09,
scripts\PredicciónImágenes\Normal\Normal-1381.png,chest_xray,1.0,True,1.0,3.22488737103388e-12,
scripts\PredicciónImágenes\Normal\Normal-1594.png,chest_xray,1.0,True,1.0,6.478907410567558e-10,
scripts\PredicciónImágenes\Normal\Normal-1498.png,chest_xray,1.0,True,1.0,5.263779412345571e-10,
scripts\PredicciónImágenes\Normal\Normal-1708.png,chest_xray,1.0,True,1.0,2.00097802910415e-11,
scripts\PredicciónImágenes\Normal\Normal-541.png,chest_xray,1.0,True,1.0,4.700973638138706e-11,
scripts\PredicciónImágenes\Normal\Normal-2391.png,chest_xray,1.0,True,1.0,4.265279535814459e-12,
scripts\PredicciónImágenes\Normal\Normal-1016.png,chest_xray,1.0,True,1.0,1.2975392461866964e-11,
scripts\PredicciónImágenes\Normal\Normal-1476.png,chest_xray,1.0,True,1.0,3.3962443968249545e-10,
scripts\PredicciónImágenes\Normal\Normal-2090.png,chest_xray,1.0,True,1.0,6.842427015610331e-13,
