image_path,predicted_class,confidence,is_chest_xray,prob_chest_xray,prob_other_images,error
scripts\PredicciónImágenes\Mass\00007886_008.png,chest_xray,1.0,True,1.0,4.67432733144979e-12,
scripts\PredicciónImágenes\Mass\00002661_001.png,chest_xray,1.0,True,1.0,2.4838912177083117e-11,
scripts\PredicciónImágenes\Mass\00020146_001.png,chest_xray,1.0,True,1.0,8.291043962493916e-10,
scripts\PredicciónImágenes\Mass\00000400_000.png,chest_xray,1.0,True,1.0,3.832990175256512e-11,
scripts\PredicciónImágenes\Mass\00017731_002.png,chest_xray,1.0,True,1.0,6.933586482738008e-10,
scripts\PredicciónImágenes\Mass\00013543_000.png,chest_xray,1.0,True,1.0,1.276994621157712e-10,
scripts\PredicciónImágenes\Mass\00023190_001.png,chest_xray,1.0,True,1.0,4.962926597462669e-11,
scripts\PredicciónImágenes\Mass\00009953_020.png,chest_xray,1.0,True,1.0,9.179865201325299e-11,
scripts\PredicciónImágenes\Mass\00013608_009.png,chest_xray,0.9999980926513672,True,0.9999980926513672,1.8921381297332118e-06,
scripts\PredicciónImágenes\Mass\00006323_000.png,chest_xray,1.0,True,1.0,1.393863063164913e-11,
scripts\PredicciónImágenes\Mass\00012864_001.png,chest_xray,1.0,True,1.0,1.0050626997326617e-09,
scripts\PredicciónImágenes\Mass\00029196_001.png,chest_xray,1.0,True,1.0,1.3664608333741057e-10,
scripts\PredicciónImágenes\Mass\00023075_013.png,chest_xray,1.0,True,1.0,4.631522720899284e-09,
scripts\PredicciónImágenes\Mass\00003658_011.png,chest_xray,1.0,True,1.0,3.390807357117609e-10,
scripts\PredicciónImágenes\Mass\00008621_000.png,chest_xray,1.0,True,1.0,9.260293270044184e-13,
scripts\PredicciónImágenes\Mass\00002413_004.png,chest_xray,1.0,True,1.0,2.1650768677883292e-10,
scripts\PredicciónImágenes\Mass\00010584_002.png,chest_xray,1.0,True,1.0,1.093780760408336e-10,
scripts\PredicciónImágenes\Mass\00000627_036.png,chest_xray,1.0,True,1.0,6.1371170367863215e-09,
scripts\PredicciónImágenes\Mass\00013265_003.png,chest_xray,1.0,True,1.0,1.9644549875685868e-11,
scripts\PredicciónImágenes\Mass\00005348_011.png,chest_xray,1.0,True,1.0,8.512765145574086e-12,
scripts\PredicciónImágenes\Mass\00014871_001.png,chest_xray,1.0,True,1.0,4.6267221165408046e-08,
scripts\PredicciónImágenes\Mass\00013589_000.png,chest_xray,1.0,True,1.0,3.140789364697305e-11,
scripts\PredicciónImágenes\Mass\00017429_006.png,chest_xray,1.0,True,1.0,1.061875698482595e-09,
scripts\PredicciónImágenes\Mass\00011291_001.png,chest_xray,1.0,True,1.0,1.7217140213521276e-10,
scripts\PredicciónImágenes\Mass\00011804_007.png,chest_xray,1.0,True,1.0,2.3049760711213452e-10,
scripts\PredicciónImágenes\Mass\00018899_001.png,chest_xray,1.0,True,1.0,6.423245935138766e-09,
scripts\PredicciónImágenes\Mass\00017789_003.png,chest_xray,1.0,True,1.0,2.5158719552109687e-10,
scripts\PredicciónImágenes\Mass\00026000_000.png,chest_xray,0.9999963045120239,True,0.9999963045120239,3.7446231999638258e-06,
scripts\PredicciónImágenes\Mass\00025362_000.png,chest_xray,1.0,True,1.0,1.8654662536921052e-10,
scripts\PredicciónImágenes\Mass\00005218_001.png,chest_xray,1.0,True,1.0,3.7270415920165334e-11,
scripts\PredicciónImágenes\Mass\00011835_000.png,chest_xray,1.0,True,1.0,3.545717719433128e-09,
scripts\PredicciónImágenes\Mass\00002238_002.png,chest_xray,1.0,True,1.0,9.047513432891563e-11,
scripts\PredicciónImágenes\Mass\00008451_000.png,chest_xray,1.0,True,1.0,7.565253978825126e-10,
scripts\PredicciónImágenes\Mass\00007731_002.png,chest_xray,1.0,True,1.0,8.521119920779086e-11,
scripts\PredicciónImágenes\Mass\00013051_001.png,chest_xray,1.0,True,1.0,1.0201626210459835e-08,
scripts\PredicciónImágenes\Mass\00000322_003.png,chest_xray,1.0,True,1.0,2.4491340511190174e-08,
scripts\PredicciónImágenes\Mass\00009845_001.png,chest_xray,1.0,True,1.0,2.9322429900835445e-11,
scripts\PredicciónImágenes\Mass\00016211_000.png,chest_xray,1.0,True,1.0,8.577925036945544e-09,
scripts\PredicciónImágenes\Mass\00008100_001.png,chest_xray,1.0,True,1.0,1.3190695757892001e-10,
scripts\PredicciónImágenes\Mass\00019959_002.png,chest_xray,1.0,True,1.0,6.164806946179491e-12,
scripts\PredicciónImágenes\Mass\00003421_000.png,chest_xray,1.0,True,1.0,1.060985847789464e-11,
scripts\PredicciónImágenes\Mass\00002699_000.png,chest_xray,1.0,True,1.0,1.0246439252625805e-08,
scripts\PredicciónImágenes\Mass\00018524_004.png,chest_xray,1.0,True,1.0,3.785358831942531e-11,
scripts\PredicciónImágenes\Mass\00021539_000.png,chest_xray,1.0,True,1.0,7.422884355789972e-12,
scripts\PredicciónImágenes\Mass\00026780_002.png,chest_xray,1.0,True,1.0,1.932211751709545e-10,
scripts\PredicciónImágenes\Mass\00029704_002.png,chest_xray,0.9999997615814209,True,0.9999997615814209,2.7513107170307194e-07,
scripts\PredicciónImágenes\Mass\00010566_000.png,chest_xray,1.0,True,1.0,7.60956631040699e-10,
scripts\PredicciónImágenes\Mass\00010294_049.png,chest_xray,0.9999996423721313,True,0.9999996423721313,3.0551240115528344e-07,
scripts\PredicciónImágenes\Mass\00012485_004.png,chest_xray,1.0,True,1.0,9.860597671718097e-09,
scripts\PredicciónImágenes\Mass\00022146_003.png,chest_xray,1.0,True,1.0,5.78009905563559e-12,
scripts\PredicciónImágenes\Mass\00006330_003.png,chest_xray,1.0,True,1.0,3.402627868354102e-08,
scripts\PredicciónImágenes\Mass\00021431_000.png,chest_xray,0.9999998807907104,True,0.9999998807907104,9.646484500080987e-08,
scripts\PredicciónImágenes\Mass\00009584_008.png,chest_xray,1.0,True,1.0,1.8185227629308187e-11,
scripts\PredicciónImágenes\Mass\00001483_020.png,chest_xray,1.0,True,1.0,2.2199391630506327e-11,
scripts\PredicciónImágenes\Mass\00009485_001.png,chest_xray,1.0,True,1.0,1.0691574292565065e-09,
scripts\PredicciónImágenes\Mass\00009764_005.png,chest_xray,1.0,True,1.0,1.3541742838185655e-08,
scripts\PredicciónImágenes\Mass\00022948_003.png,chest_xray,1.0,True,1.0,4.9140078672849086e-09,
scripts\PredicciónImágenes\Mass\00018663_007.png,chest_xray,1.0,True,1.0,4.53861337401662e-10,
scripts\PredicciónImágenes\Mass\00004665_004.png,chest_xray,1.0,True,1.0,1.625513612601992e-09,
scripts\PredicciónImágenes\Mass\00004858_084.png,chest_xray,1.0,True,1.0,1.3307782653626532e-09,
scripts\PredicciónImágenes\Mass\00001187_003.png,chest_xray,1.0,True,1.0,1.0812110928792862e-10,
scripts\PredicciónImágenes\Mass\00011478_007.png,chest_xray,1.0,True,1.0,1.2645763547425304e-08,
scripts\PredicciónImágenes\Mass\00007716_003.png,chest_xray,1.0,True,1.0,2.9393233181608525e-13,
scripts\PredicciónImágenes\Mass\00008612_003.png,chest_xray,1.0,True,1.0,5.970991756587551e-11,
scripts\PredicciónImágenes\Mass\00010270_000.png,chest_xray,1.0,True,1.0,2.8061295509473894e-09,
scripts\PredicciónImágenes\Mass\00010007_050.png,chest_xray,0.999998927116394,True,0.999998927116394,1.0568247716946644e-06,
scripts\PredicciónImágenes\Mass\00019208_001.png,chest_xray,1.0,True,1.0,1.8776602495051975e-10,
scripts\PredicciónImágenes\Mass\00016475_009.png,chest_xray,1.0,True,1.0,3.607245058212527e-10,
scripts\PredicciónImágenes\Mass\00006519_024.png,chest_xray,1.0,True,1.0,1.345214939441064e-09,
scripts\PredicciónImágenes\Mass\00003221_012.png,chest_xray,1.0,True,1.0,8.052517853907037e-12,
scripts\PredicciónImágenes\Mass\00009604_003.png,chest_xray,1.0,True,1.0,4.2301682989798195e-11,
scripts\PredicciónImágenes\Mass\00006953_001.png,chest_xray,1.0,True,1.0,2.9898267195349604e-10,
scripts\PredicciónImágenes\Mass\00028698_001.png,chest_xray,1.0,True,1.0,1.4075457466233843e-09,
scripts\PredicciónImágenes\Mass\00025439_000.png,chest_xray,1.0,True,1.0,5.716410417938578e-12,
scripts\PredicciónImágenes\Mass\00003377_010.png,chest_xray,1.0,True,1.0,1.8739169937997957e-11,
scripts\PredicciónImágenes\Mass\00011355_041.png,chest_xray,1.0,True,1.0,1.9463981537626296e-09,
scripts\PredicciónImágenes\Mass\00013659_000.png,chest_xray,1.0,True,1.0,2.5544351078821137e-09,
scripts\PredicciónImágenes\Mass\00015081_000.png,chest_xray,1.0,True,1.0,1.3287953636725858e-12,
scripts\PredicciónImágenes\Mass\00001637_008.png,chest_xray,1.0,True,1.0,1.990667630735743e-09,
scripts\PredicciónImágenes\Mass\00019328_014.png,chest_xray,1.0,True,1.0,1.9045618415702847e-09,
scripts\PredicciónImágenes\Mass\00019124_068.png,chest_xray,1.0,True,1.0,3.2578393108217973e-12,
scripts\PredicciónImágenes\Mass\00013450_000.png,chest_xray,1.0,True,1.0,7.895345488506678e-10,
scripts\PredicciónImágenes\Mass\00014125_015.png,chest_xray,1.0,True,1.0,6.645235056668142e-11,
scripts\PredicciónImágenes\Mass\00009764_003.png,chest_xray,1.0,True,1.0,3.915172075430462e-10,
scripts\PredicciónImágenes\Mass\00009984_002.png,chest_xray,1.0,True,1.0,1.869482216601548e-12,
scripts\PredicciónImágenes\Mass\00018964_011.png,chest_xray,1.0,True,1.0,1.2334360199872663e-09,
scripts\PredicciónImágenes\Mass\00013219_010.png,chest_xray,1.0,True,1.0,2.9789262723234344e-10,
scripts\PredicciónImágenes\Mass\00023309_007.png,chest_xray,1.0,True,1.0,7.470266592812802e-12,
scripts\PredicciónImágenes\Mass\00018757_000.png,chest_xray,1.0,True,1.0,2.825051650945376e-11,
scripts\PredicciónImágenes\Mass\00001017_000.png,chest_xray,1.0,True,1.0,1.112969300054445e-10,
scripts\PredicciónImágenes\Mass\00014153_003.png,chest_xray,1.0,True,1.0,7.659713835428406e-11,
scripts\PredicciónImágenes\Mass\00027359_007.png,chest_xray,1.0,True,1.0,1.1642759645269507e-08,
scripts\PredicciónImágenes\Mass\00006532_000.png,chest_xray,0.9999998807907104,True,0.9999998807907104,1.19903234008234e-07,
scripts\PredicciónImágenes\Mass\00019513_001.png,chest_xray,1.0,True,1.0,5.624258003766869e-11,
scripts\PredicciónImágenes\Mass\00013222_000.png,chest_xray,1.0,True,1.0,5.627767002414075e-11,
scripts\PredicciónImágenes\Mass\00029796_000.png,chest_xray,1.0,True,1.0,2.930315434745978e-10,
scripts\PredicciónImágenes\Mass\00026768_001.png,chest_xray,1.0,True,1.0,7.121173095647748e-10,
scripts\PredicciónImágenes\Mass\00009580_001.png,chest_xray,1.0,True,1.0,1.4970649164780525e-09,
scripts\PredicciónImágenes\Mass\00016971_026.png,chest_xray,1.0,True,1.0,8.092562175932017e-09,
scripts\PredicciónImágenes\Mass\00002613_001.png,chest_xray,1.0,True,1.0,2.6997316382448844e-08,
scripts\PredicciónImágenes\Mass\00014609_000.png,chest_xray,1.0,True,1.0,6.240590184371231e-13,
scripts\PredicciónImágenes\Mass\00013461_002.png,chest_xray,1.0,True,1.0,1.2633534218764453e-09,
scripts\PredicciónImágenes\Mass\00026261_001.png,chest_xray,1.0,True,1.0,6.228209059599976e-10,
scripts\PredicciónImágenes\Mass\00006248_004.png,chest_xray,1.0,True,1.0,2.444565083692396e-08,
scripts\PredicciónImágenes\Mass\00018400_000.png,chest_xray,1.0,True,1.0,1.7019874398727097e-09,
scripts\PredicciónImágenes\Mass\00026588_000.png,chest_xray,1.0,True,1.0,2.9885198482570985e-11,
scripts\PredicciónImágenes\Mass\00009426_004.png,chest_xray,1.0,True,1.0,7.659501288434512e-13,
scripts\PredicciónImágenes\Mass\00016251_000.png,chest_xray,1.0,True,1.0,8.54272297345915e-09,
scripts\PredicciónImágenes\Mass\00010198_015.png,chest_xray,0.9999984502792358,True,0.9999984502792358,1.5808025182195706e-06,
scripts\PredicciónImágenes\Mass\00005246_000.png,chest_xray,1.0,True,1.0,4.0078723673175887e-10,
scripts\PredicciónImágenes\Mass\00022698_002.png,chest_xray,1.0,True,1.0,8.843425297611063e-11,
scripts\PredicciónImágenes\Mass\00010908_000.png,chest_xray,1.0,True,1.0,1.1831734203493482e-10,
scripts\PredicciónImágenes\Mass\00015793_005.png,chest_xray,1.0,True,1.0,4.2115655407570785e-10,
scripts\PredicciónImágenes\Mass\00006687_002.png,chest_xray,1.0,True,1.0,4.841139400468819e-08,
scripts\PredicciónImágenes\Mass\00011630_006.png,chest_xray,1.0,True,1.0,1.299640950414016e-09,
scripts\PredicciónImágenes\Mass\00015903_004.png,chest_xray,1.0,True,1.0,2.826013867363031e-09,
scripts\PredicciónImágenes\Mass\00010967_004.png,chest_xray,1.0,True,1.0,8.318538219365124e-11,
scripts\PredicciónImágenes\Mass\00016971_002.png,chest_xray,1.0,True,1.0,1.2675325199162923e-11,
scripts\PredicciónImágenes\Mass\00019927_000.png,chest_xray,1.0,True,1.0,1.413137662442665e-10,
scripts\PredicciónImágenes\Mass\00020584_000.png,chest_xray,1.0,True,1.0,1.3857317515686418e-09,
scripts\PredicciónImágenes\Mass\00026261_000.png,chest_xray,1.0,True,1.0,4.705048572972714e-10,
scripts\PredicciónImágenes\Mass\00014240_001.png,chest_xray,1.0,True,1.0,5.3312108200254116e-11,
scripts\PredicciónImágenes\Mass\00019549_002.png,chest_xray,1.0,True,1.0,1.6577832856468078e-12,
scripts\PredicciónImágenes\Mass\00022368_000.png,chest_xray,1.0,True,1.0,2.255517474181179e-11,
scripts\PredicciónImágenes\Mass\00028380_001.png,chest_xray,1.0,True,1.0,5.753673648634106e-10,
scripts\PredicciónImágenes\Mass\00019251_001.png,chest_xray,1.0,True,1.0,3.836986006700016e-10,
scripts\PredicciónImágenes\Mass\00009290_000.png,chest_xray,1.0,True,1.0,1.8447942826127495e-11,
scripts\PredicciónImágenes\Mass\00013904_001.png,chest_xray,1.0,True,1.0,6.23662566034966e-10,
scripts\PredicciónImágenes\Mass\00014089_001.png,chest_xray,1.0,True,1.0,7.651427935684296e-09,
scripts\PredicciónImágenes\Mass\00009093_004.png,chest_xray,1.0,True,1.0,1.7930307238955834e-09,
scripts\PredicciónImágenes\Mass\00001075_024.png,chest_xray,1.0,True,1.0,2.5165247663494483e-10,
scripts\PredicciónImágenes\Mass\00026145_000.png,chest_xray,1.0,True,1.0,1.8431703385779485e-10,
scripts\PredicciónImágenes\Mass\00001836_034.png,chest_xray,1.0,True,1.0,1.717959818847703e-08,
scripts\PredicciónImágenes\Mass\00005467_008.png,chest_xray,1.0,True,1.0,8.988447486313333e-11,
scripts\PredicciónImágenes\Mass\00008215_000.png,chest_xray,1.0,True,1.0,5.101882891850318e-12,
scripts\PredicciónImágenes\Mass\00015915_000.png,chest_xray,1.0,True,1.0,1.3346870830766022e-10,
scripts\PredicciónImágenes\Mass\00014398_010.png,chest_xray,1.0,True,1.0,1.1739799132826079e-09,
scripts\PredicciónImágenes\Mass\00011355_036.png,chest_xray,1.0,True,1.0,6.803418939327344e-11,
scripts\PredicciónImágenes\Mass\00027556_006.png,chest_xray,1.0,True,1.0,5.950306025681584e-09,
scripts\PredicciónImágenes\Mass\00014320_031.png,chest_xray,1.0,True,1.0,7.910765931207209e-10,
scripts\PredicciónImágenes\Mass\00021115_001.png,chest_xray,1.0,True,1.0,2.4279550592254395e-10,
scripts\PredicciónImágenes\Mass\00009671_004.png,chest_xray,1.0,True,1.0,8.770518165890362e-12,
scripts\PredicciónImágenes\Mass\00009446_005.png,chest_xray,1.0,True,1.0,1.9077612822826495e-09,
scripts\PredicciónImágenes\Mass\00006596_006.png,chest_xray,1.0,True,1.0,1.2842074625929456e-10,
scripts\PredicciónImágenes\Mass\00015785_001.png,chest_xray,1.0,True,1.0,8.060205280990829e-11,
scripts\PredicciónImágenes\Mass\00011285_003.png,chest_xray,1.0,True,1.0,1.543185135233216e-09,
scripts\PredicciónImágenes\Mass\00012578_001.png,chest_xray,1.0,True,1.0,1.269945815174367e-10,
scripts\PredicciónImágenes\Mass\00005467_002.png,chest_xray,1.0,True,1.0,1.606624833172532e-09,
scripts\PredicciónImágenes\Mass\00008004_007.png,chest_xray,1.0,True,1.0,5.459516394523689e-09,
scripts\PredicciónImágenes\Mass\00019375_000.png,chest_xray,1.0,True,1.0,2.5613728915629963e-09,
scripts\PredicciónImágenes\Mass\00022145_000.png,chest_xray,0.9999998807907104,True,0.9999998807907104,8.111310734193466e-08,
scripts\PredicciónImágenes\Mass\00014145_023.png,chest_xray,1.0,True,1.0,3.7424121961116e-12,
scripts\PredicciónImágenes\Mass\00017333_001.png,chest_xray,1.0,True,1.0,9.579040893825663e-10,
scripts\PredicciónImágenes\Mass\00028582_002.png,chest_xray,1.0,True,1.0,3.1446634185527955e-10,
scripts\PredicciónImágenes\Mass\00015196_000.png,chest_xray,1.0,True,1.0,8.864061568081283e-11,
scripts\PredicciónImágenes\Mass\00014888_017.png,chest_xray,1.0,True,1.0,2.86630577051028e-08,
scripts\PredicciónImágenes\Mass\00017497_000.png,chest_xray,1.0,True,1.0,2.629277871812885e-11,
scripts\PredicciónImágenes\Mass\00011355_001.png,chest_xray,1.0,True,1.0,2.7711818950670875e-11,
scripts\PredicciónImágenes\Mass\00006767_000.png,chest_xray,1.0,True,1.0,1.423851592186054e-10,
scripts\PredicciónImágenes\Mass\00015200_000.png,chest_xray,1.0,True,1.0,6.693676168900708e-11,
scripts\PredicciónImágenes\Mass\00009592_001.png,chest_xray,1.0,True,1.0,4.6294804101343345e-10,
scripts\PredicciónImágenes\Mass\00027136_000.png,chest_xray,1.0,True,1.0,8.882090063444537e-10,
scripts\PredicciónImágenes\Mass\00010697_000.png,chest_xray,1.0,True,1.0,5.109191958396764e-10,
scripts\PredicciónImágenes\Mass\00007587_000.png,chest_xray,1.0,True,1.0,7.135857460482953e-10,
scripts\PredicciónImágenes\Mass\00013523_001.png,chest_xray,1.0,True,1.0,3.2450719195109556e-11,
scripts\PredicciónImágenes\Mass\00001075_004.png,chest_xray,1.0,True,1.0,1.7409281127811482e-08,
scripts\PredicciónImágenes\Mass\00026203_003.png,chest_xray,1.0,True,1.0,1.540479632744507e-09,
scripts\PredicciónImágenes\Mass\00030159_001.png,chest_xray,1.0,True,1.0,2.170141427670913e-10,
scripts\PredicciónImágenes\Mass\00013523_002.png,chest_xray,1.0,True,1.0,1.724085804677422e-11,
scripts\PredicciónImágenes\Mass\00016587_044.png,chest_xray,1.0,True,1.0,5.2333935796067266e-11,
scripts\PredicciónImágenes\Mass\00011723_024.png,chest_xray,1.0,True,1.0,9.025443503674069e-09,
scripts\PredicciónImágenes\Mass\00016060_000.png,chest_xray,1.0,True,1.0,3.657764716114009e-11,
scripts\PredicciónImágenes\Mass\00001145_003.png,chest_xray,1.0,True,1.0,6.028805926705516e-11,
scripts\PredicciónImágenes\Mass\00003423_018.png,chest_xray,1.0,True,1.0,2.0135433251300405e-11,
scripts\PredicciónImágenes\Mass\00008232_004.png,chest_xray,1.0,True,1.0,1.840999019897538e-10,
scripts\PredicciónImágenes\Mass\00014089_002.png,chest_xray,1.0,True,1.0,4.840444489673246e-09,
scripts\PredicciónImágenes\Mass\00021499_018.png,chest_xray,1.0,True,1.0,6.9092391530301e-11,
scripts\PredicciónImágenes\Mass\00013594_002.png,chest_xray,1.0,True,1.0,8.909691734393377e-11,
scripts\PredicciónImágenes\Mass\00015995_010.png,chest_xray,1.0,True,1.0,2.103615892590227e-12,
scripts\PredicciónImágenes\Mass\00004665_001.png,chest_xray,1.0,True,1.0,4.8004129560297315e-09,
scripts\PredicciónImágenes\Mass\00013158_000.png,chest_xray,0.9999994039535522,True,0.9999994039535522,5.694450351256819e-07,
scripts\PredicciónImágenes\Mass\00029976_011.png,chest_xray,1.0,True,1.0,1.8945529173253206e-11,
scripts\PredicciónImágenes\Mass\00000983_000.png,chest_xray,1.0,True,1.0,7.409428431047471e-13,
scripts\PredicciónImágenes\Mass\00016800_001.png,chest_xray,1.0,True,1.0,2.102239271550843e-09,
scripts\PredicciónImágenes\Mass\00019933_003.png,chest_xray,1.0,True,1.0,2.0231587672531193e-12,
scripts\PredicciónImágenes\Mass\00026810_006.png,chest_xray,1.0,True,1.0,4.1759283531117575e-11,
scripts\PredicciónImágenes\Mass\00006712_000.png,chest_xray,1.0,True,1.0,3.5909843987269596e-09,
scripts\PredicciónImágenes\Mass\00017050_000.png,chest_xray,1.0,True,1.0,1.1919250308967122e-11,
scripts\PredicciónImágenes\Mass\00004465_000.png,chest_xray,1.0,True,1.0,5.5291211609187485e-09,
scripts\PredicciónImágenes\Mass\00006462_006.png,chest_xray,1.0,True,1.0,5.336007635747819e-09,
scripts\PredicciónImágenes\Mass\00009604_001.png,chest_xray,1.0,True,1.0,1.736790433692903e-10,
scripts\PredicciónImágenes\Mass\00018650_000.png,chest_xray,1.0,True,1.0,2.586735714515953e-09,
scripts\PredicciónImágenes\Mass\00010069_012.png,chest_xray,1.0,True,1.0,6.327137036521435e-09,
scripts\PredicciónImágenes\Mass\00021996_010.png,chest_xray,1.0,True,1.0,1.3269983722974388e-10,
scripts\PredicciónImágenes\Mass\00011831_000.png,chest_xray,1.0,True,1.0,7.129571932829037e-10,
scripts\PredicciónImágenes\Mass\00015654_007.png,chest_xray,0.9999974966049194,True,0.9999974966049194,2.4947025849542115e-06,
scripts\PredicciónImágenes\Mass\00004665_003.png,chest_xray,1.0,True,1.0,5.612015741007781e-09,
scripts\PredicciónImágenes\Mass\00018876_000.png,chest_xray,1.0,True,1.0,4.161631803056842e-11,
scripts\PredicciónImágenes\Mass\00019373_025.png,chest_xray,1.0,True,1.0,4.7576467210319606e-08,
scripts\PredicciónImágenes\Mass\00019805_002.png,chest_xray,1.0,True,1.0,9.219446386876662e-12,
scripts\PredicciónImágenes\Mass\00004519_015.png,chest_xray,1.0,True,1.0,2.9703023374239024e-10,
scripts\PredicciónImágenes\Mass\00011808_009.png,chest_xray,1.0,True,1.0,1.1249073721131264e-11,
scripts\PredicciónImágenes\Mass\00002279_000.png,chest_xray,1.0,True,1.0,1.1024871120202118e-11,
scripts\PredicciónImágenes\Mass\00015605_057.png,chest_xray,1.0,True,1.0,1.9845611376467787e-08,
scripts\PredicciónImágenes\Mass\00025234_004.png,chest_xray,1.0,True,1.0,2.2949851796738585e-08,
scripts\PredicciónImágenes\Mass\00012184_006.png,chest_xray,1.0,True,1.0,5.0880717417101096e-09,
scripts\PredicciónImágenes\Mass\00022030_003.png,chest_xray,1.0,True,1.0,4.854613586124934e-11,
scripts\PredicciónImágenes\Mass\00007076_025.png,chest_xray,1.0,True,1.0,1.0508559994404365e-10,
scripts\PredicciónImágenes\Mass\00016166_004.png,chest_xray,1.0,True,1.0,1.2167331031598394e-10,
scripts\PredicciónImágenes\Mass\00020065_008.png,chest_xray,1.0,True,1.0,7.600051699085952e-10,
scripts\PredicciónImágenes\Mass\00017819_001.png,chest_xray,1.0,True,1.0,1.831070017832559e-11,
scripts\PredicciónImágenes\Mass\00018896_000.png,chest_xray,1.0,True,1.0,6.969701205061796e-11,
scripts\PredicciónImágenes\Mass\00005952_001.png,chest_xray,1.0,True,1.0,2.7706759109236145e-10,
scripts\PredicciónImágenes\Mass\00011164_005.png,chest_xray,1.0,True,1.0,4.9740027208144966e-08,
scripts\PredicciónImágenes\Mass\00012660_002.png,chest_xray,1.0,True,1.0,4.845577827872205e-10,
scripts\PredicciónImágenes\Mass\00010531_003.png,chest_xray,1.0,True,1.0,5.001186131892155e-10,
scripts\PredicciónImágenes\Mass\00001248_018.png,chest_xray,1.0,True,1.0,1.7632714843784925e-08,
scripts\PredicciónImágenes\Mass\00015524_001.png,chest_xray,1.0,True,1.0,1.9079859914228336e-10,
scripts\PredicciónImágenes\Mass\00025427_000.png,chest_xray,1.0,True,1.0,1.3431843415290246e-09,
scripts\PredicciónImágenes\Mass\00008100_000.png,chest_xray,1.0,True,1.0,1.8502755751159672e-13,
scripts\PredicciónImágenes\Mass\00007033_000.png,chest_xray,1.0,True,1.0,3.063245768153422e-10,
scripts\PredicciónImágenes\Mass\00011622_007.png,chest_xray,1.0,True,1.0,5.606687558668e-09,
scripts\PredicciónImágenes\Mass\00004156_000.png,chest_xray,1.0,True,1.0,6.727697565711566e-11,
scripts\PredicciónImágenes\Mass\00011654_001.png,chest_xray,1.0,True,1.0,7.457148232248301e-10,
scripts\PredicciónImágenes\Mass\00022948_004.png,chest_xray,1.0,True,1.0,3.316747987369695e-10,
scripts\PredicciónImágenes\Mass\00005950_000.png,chest_xray,1.0,True,1.0,1.4751191587669688e-11,
scripts\PredicciónImágenes\Mass\00010744_003.png,chest_xray,1.0,True,1.0,4.3049197984146303e-08,
scripts\PredicciónImágenes\Mass\00011654_008.png,chest_xray,1.0,True,1.0,1.2927918457972254e-10,
scripts\PredicciónImágenes\Mass\00015915_011.png,chest_xray,1.0,True,1.0,5.648586806628053e-11,
scripts\PredicciónImágenes\Mass\00018091_009.png,chest_xray,1.0,True,1.0,7.241552496539683e-11,
scripts\PredicciónImágenes\Mass\00018213_003.png,chest_xray,1.0,True,1.0,1.626249357400411e-08,
scripts\PredicciónImágenes\Mass\00029844_005.png,chest_xray,1.0,True,1.0,3.652476987525688e-09,
scripts\PredicciónImágenes\Mass\00004911_000.png,chest_xray,1.0,True,1.0,6.846846700714337e-11,
scripts\PredicciónImágenes\Mass\00016525_007.png,chest_xray,1.0,True,1.0,1.899200352539765e-09,
scripts\PredicciónImágenes\Mass\00004519_014.png,chest_xray,1.0,True,1.0,5.151515658496919e-09,
scripts\PredicciónImágenes\Mass\00002201_008.png,chest_xray,1.0,True,1.0,1.2308701150334778e-12,
scripts\PredicciónImágenes\Mass\00006987_000.png,chest_xray,1.0,True,1.0,1.2201088139818239e-08,
scripts\PredicciónImágenes\Mass\00014320_004.png,chest_xray,1.0,True,1.0,4.3180709008439067e-11,
scripts\PredicciónImágenes\Mass\00020326_001.png,chest_xray,1.0,True,1.0,6.729433676966323e-10,
scripts\PredicciónImágenes\Mass\00004911_024.png,chest_xray,1.0,True,1.0,1.3227581530106391e-10,
scripts\PredicciónImágenes\Mass\00013608_005.png,chest_xray,1.0,True,1.0,1.2375605429326697e-08,
scripts\PredicciónImágenes\Mass\00022104_003.png,chest_xray,1.0,True,1.0,7.067854634890125e-11,
scripts\PredicciónImágenes\Mass\00013620_021.png,chest_xray,1.0,True,1.0,4.2783872690292657e-13,
scripts\PredicciónImágenes\Mass\00004436_006.png,chest_xray,0.9999997615814209,True,0.9999997615814209,2.6028175170722534e-07,
scripts\PredicciónImágenes\Mass\00017227_001.png,chest_xray,1.0,True,1.0,1.8837457635423327e-12,
scripts\PredicciónImágenes\Mass\00008841_047.png,chest_xray,1.0,True,1.0,3.0542714191117426e-11,
scripts\PredicciónImágenes\Mass\00001182_010.png,chest_xray,1.0,True,1.0,2.2083761902491617e-11,
scripts\PredicciónImágenes\Mass\00015465_000.png,chest_xray,1.0,True,1.0,1.5381358686727964e-10,
scripts\PredicciónImágenes\Mass\00008004_006.png,chest_xray,1.0,True,1.0,2.378279795323124e-10,
scripts\PredicciónImágenes\Mass\00016557_004.png,chest_xray,1.0,True,1.0,2.943508992103716e-09,
scripts\PredicciónImágenes\Mass\00008081_004.png,chest_xray,1.0,True,1.0,1.5730455826812317e-09,
scripts\PredicciónImágenes\Mass\00014663_028.png,chest_xray,1.0,True,1.0,4.823161869893511e-10,
scripts\PredicciónImágenes\Mass\00017162_000.png,chest_xray,1.0,True,1.0,9.870951278578843e-12,
scripts\PredicciónImágenes\Mass\00022899_023.png,chest_xray,1.0,True,1.0,6.500293359135156e-11,
scripts\PredicciónImágenes\Mass\00009033_000.png,chest_xray,1.0,True,1.0,2.4869941661620487e-09,
scripts\PredicciónImágenes\Mass\00020290_010.png,chest_xray,1.0,True,1.0,1.9197035627804837e-10,
scripts\PredicciónImágenes\Mass\00019785_023.png,chest_xray,0.9999997615814209,True,0.9999997615814209,1.9972067377693747e-07,
scripts\PredicciónImágenes\Mass\00010069_003.png,chest_xray,1.0,True,1.0,2.917310559791275e-10,
scripts\PredicciónImágenes\Mass\00003752_003.png,chest_xray,1.0,True,1.0,1.0091941171630481e-10,
scripts\PredicciónImágenes\Mass\00018663_006.png,chest_xray,1.0,True,1.0,2.696664072598942e-12,
scripts\PredicciónImágenes\Mass\00004911_006.png,chest_xray,1.0,True,1.0,4.874183279213185e-10,
scripts\PredicciónImágenes\Mass\00000624_001.png,chest_xray,0.9999998807907104,True,0.9999998807907104,1.7046725986347155e-07,
scripts\PredicciónImágenes\Mass\00011544_016.png,chest_xray,1.0,True,1.0,7.726422279752398e-10,
scripts\PredicciónImágenes\Mass\00025473_000.png,chest_xray,1.0,True,1.0,1.7271287733322538e-09,
scripts\PredicciónImágenes\Mass\00027838_003.png,chest_xray,1.0,True,1.0,1.8130922110892733e-11,
scripts\PredicciónImágenes\Mass\00015214_014.png,chest_xray,0.9999995231628418,True,0.9999995231628418,4.620954427991819e-07,
scripts\PredicciónImágenes\Mass\00003599_000.png,chest_xray,1.0,True,1.0,5.052709639574715e-11,
scripts\PredicciónImágenes\Mass\00022826_020.png,chest_xray,0.9999998807907104,True,0.9999998807907104,1.1702005764391288e-07,
scripts\PredicciónImágenes\Mass\00026388_000.png,chest_xray,1.0,True,1.0,1.6235459643354488e-09,
scripts\PredicciónImágenes\Mass\00001900_015.png,chest_xray,1.0,True,1.0,1.6441578765125087e-08,
scripts\PredicciónImágenes\Mass\00029704_003.png,chest_xray,0.9999997615814209,True,0.9999997615814209,1.8640601240349497e-07,
scripts\PredicciónImágenes\Mass\00017170_003.png,chest_xray,1.0,True,1.0,1.886146794305432e-09,
scripts\PredicciónImágenes\Mass\00022081_001.png,chest_xray,1.0,True,1.0,8.716095067917706e-10,
scripts\PredicciónImágenes\Mass\00008295_038.png,chest_xray,1.0,True,1.0,1.273286814526542e-12,
scripts\PredicciónImágenes\Mass\00019773_000.png,chest_xray,1.0,True,1.0,1.1939246036263285e-08,
scripts\PredicciónImágenes\Mass\00023127_000.png,chest_xray,1.0,True,1.0,3.6548604143149532e-09,
scripts\PredicciónImágenes\Mass\00003221_004.png,chest_xray,1.0,True,1.0,1.4673860737612898e-10,
scripts\PredicciónImágenes\Mass\00019519_002.png,chest_xray,1.0,True,1.0,4.677720988333078e-10,
scripts\PredicciónImágenes\Mass\00008050_000.png,chest_xray,1.0,True,1.0,7.95908686179736e-11,
scripts\PredicciónImágenes\Mass\00011829_008.png,chest_xray,1.0,True,1.0,1.7985222200422868e-08,
scripts\PredicciónImágenes\Mass\00013937_011.png,chest_xray,0.9999992847442627,True,0.9999992847442627,6.929658979970554e-07,
scripts\PredicciónImágenes\Mass\00016772_009.png,chest_xray,1.0,True,1.0,6.909286032197315e-09,
scripts\PredicciónImágenes\Mass\00009237_006.png,chest_xray,1.0,True,1.0,5.900003792816411e-13,
scripts\PredicciónImágenes\Mass\00022032_012.png,chest_xray,1.0,True,1.0,4.89367102396443e-10,
scripts\PredicciónImágenes\Mass\00023073_007.png,chest_xray,1.0,True,1.0,1.1343158412557841e-08,
scripts\PredicciónImágenes\Mass\00011939_000.png,chest_xray,1.0,True,1.0,1.900106294527859e-09,
scripts\PredicciónImágenes\Mass\00008008_029.png,chest_xray,1.0,True,1.0,1.8436555060397097e-10,
scripts\PredicciónImágenes\Mass\00008822_002.png,chest_xray,1.0,True,1.0,4.1315323384694125e-10,
scripts\PredicciónImágenes\Mass\00009892_050.png,chest_xray,1.0,True,1.0,6.764932797970191e-12,
scripts\PredicciónImágenes\Mass\00008888_034.png,chest_xray,1.0,True,1.0,2.264382015226829e-09,
scripts\PredicciónImágenes\Mass\00015892_006.png,chest_xray,1.0,True,1.0,4.148040938511954e-11,
scripts\PredicciónImágenes\Mass\00010093_002.png,chest_xray,1.0,True,1.0,4.823499932804509e-11,
scripts\PredicciónImágenes\Mass\00015343_000.png,chest_xray,1.0,True,1.0,9.099913531041004e-12,
scripts\PredicciónImágenes\Mass\00025628_020.png,chest_xray,0.9999980926513672,True,0.9999980926513672,1.8676738591238973e-06,
scripts\PredicciónImágenes\Mass\00015173_001.png,chest_xray,1.0,True,1.0,5.946493963904231e-09,
scripts\PredicciónImágenes\Mass\00006113_002.png,chest_xray,1.0,True,1.0,3.2833897822825975e-09,
scripts\PredicciónImágenes\Mass\00019773_002.png,chest_xray,1.0,True,1.0,1.0468548944375655e-10,
scripts\PredicciónImágenes\Mass\00013708_002.png,chest_xray,1.0,True,1.0,5.908802691578785e-08,
scripts\PredicciónImágenes\Mass\00004840_000.png,chest_xray,1.0,True,1.0,3.8684205144745576e-11,
scripts\PredicciónImágenes\Mass\00012395_000.png,chest_xray,1.0,True,1.0,2.426323320037227e-08,
scripts\PredicciónImágenes\Mass\00014613_002.png,chest_xray,1.0,True,1.0,6.8048951890054e-12,
scripts\PredicciónImágenes\Mass\00016694_000.png,chest_xray,1.0,True,1.0,6.598805529778318e-11,
scripts\PredicciónImágenes\Mass\00026929_000.png,chest_xray,1.0,True,1.0,7.498474063893923e-12,
scripts\PredicciónImágenes\Mass\00026975_000.png,chest_xray,1.0,True,1.0,1.342282840433029e-09,
scripts\PredicciónImágenes\Mass\00030389_000.png,chest_xray,1.0,True,1.0,1.4142646775905376e-10,
scripts\PredicciónImágenes\Mass\00009796_000.png,chest_xray,1.0,True,1.0,9.251171009805326e-12,
scripts\PredicciónImágenes\Mass\00025128_005.png,chest_xray,0.9999992847442627,True,0.9999992847442627,6.729156893925392e-07,
scripts\PredicciónImágenes\Mass\00014839_020.png,chest_xray,1.0,True,1.0,1.3105650245592848e-11,
scripts\PredicciónImágenes\Mass\00023112_002.png,chest_xray,1.0,True,1.0,8.178585586549048e-10,
scripts\PredicciónImágenes\Mass\00005110_006.png,chest_xray,1.0,True,1.0,3.188105557327958e-09,
scripts\PredicciónImágenes\Mass\00016477_000.png,chest_xray,1.0,True,1.0,4.410284529070274e-13,
scripts\PredicciónImágenes\Mass\00002046_005.png,chest_xray,1.0,True,1.0,8.534273981952722e-12,
scripts\PredicciónImágenes\Mass\00004382_000.png,chest_xray,1.0,True,1.0,1.0266103071809862e-11,
scripts\PredicciónImágenes\Mass\00016830_004.png,chest_xray,1.0,True,1.0,1.3475299001641794e-11,
scripts\PredicciónImágenes\Mass\00026190_000.png,chest_xray,1.0,True,1.0,3.5130771181002274e-08,
scripts\PredicciónImágenes\Mass\00016480_002.png,chest_xray,1.0,True,1.0,5.419543720047715e-12,
scripts\PredicciónImágenes\Mass\00014398_004.png,chest_xray,1.0,True,1.0,4.706323109004984e-10,
scripts\PredicciónImágenes\Mass\00028304_005.png,chest_xray,1.0,True,1.0,3.444770024785271e-10,
scripts\PredicciónImágenes\Mass\00021626_005.png,chest_xray,1.0,True,1.0,1.918825098812249e-10,
scripts\PredicciónImágenes\Mass\00030025_002.png,chest_xray,1.0,True,1.0,1.3872125670388868e-09,
scripts\PredicciónImágenes\Mass\00008081_017.png,chest_xray,1.0,True,1.0,3.0227917391378867e-10,
scripts\PredicciónImágenes\Mass\00008081_016.png,chest_xray,1.0,True,1.0,2.4955875907450853e-11,
scripts\PredicciónImágenes\Mass\00003765_001.png,chest_xray,1.0,True,1.0,2.9590973768534035e-12,
scripts\PredicciónImágenes\Mass\00000618_001.png,chest_xray,1.0,True,1.0,7.282538461161892e-11,
scripts\PredicciónImágenes\Mass\00007691_004.png,chest_xray,1.0,True,1.0,4.0870508366541713e-11,
scripts\PredicciónImágenes\Mass\00016588_000.png,chest_xray,1.0,True,1.0,1.0586677368085162e-10,
scripts\PredicciónImágenes\Mass\00010157_005.png,chest_xray,0.9997594952583313,True,0.9997594952583313,0.00024056121765170246,
scripts\PredicciónImágenes\Mass\00007716_009.png,chest_xray,1.0,True,1.0,3.807761397855991e-12,
scripts\PredicciónImágenes\Mass\00014798_000.png,chest_xray,1.0,True,1.0,4.6410224996407123e-08,
scripts\PredicciónImágenes\Mass\00020290_000.png,chest_xray,1.0,True,1.0,9.324521155207321e-10,
scripts\PredicciónImágenes\Mass\00020027_000.png,chest_xray,1.0,True,1.0,1.5822966048517628e-08,
scripts\PredicciónImágenes\Mass\00017110_008.png,chest_xray,1.0,True,1.0,8.605784529436278e-09,
scripts\PredicciónImágenes\Mass\00018899_000.png,chest_xray,1.0,True,1.0,2.4465485193303493e-11,
scripts\PredicciónImágenes\Mass\00028919_000.png,chest_xray,1.0,True,1.0,2.6136814067212466e-12,
scripts\PredicciónImágenes\Mass\00011879_000.png,chest_xray,1.0,True,1.0,1.008912242639326e-08,
scripts\PredicciónImágenes\Mass\00003580_003.png,chest_xray,0.9999997615814209,True,0.9999997615814209,2.139178150173393e-07,
scripts\PredicciónImágenes\Mass\00014653_004.png,chest_xray,1.0,True,1.0,2.571023671738004e-10,
scripts\PredicciónImágenes\Mass\00016094_013.png,chest_xray,1.0,True,1.0,1.4268093651015334e-10,
scripts\PredicciónImágenes\Mass\00020286_001.png,chest_xray,1.0,True,1.0,6.981931699456823e-10,
scripts\PredicciónImágenes\Mass\00019369_003.png,chest_xray,1.0,True,1.0,1.208861344359491e-10,
scripts\PredicciónImágenes\Mass\00002927_000.png,chest_xray,1.0,True,1.0,3.048183927489845e-11,
scripts\PredicciónImágenes\Mass\00017819_008.png,chest_xray,1.0,True,1.0,2.4314876778674943e-09,
scripts\PredicciónImágenes\Mass\00019499_000.png,chest_xray,0.9999998807907104,True,0.9999998807907104,1.6761039489665563e-07,
scripts\PredicciónImágenes\Mass\00006492_003.png,chest_xray,1.0,True,1.0,3.878051959421702e-12,
scripts\PredicciónImágenes\Mass\00014819_000.png,chest_xray,1.0,True,1.0,1.449250719431916e-10,
scripts\PredicciónImágenes\Mass\00012177_006.png,chest_xray,1.0,True,1.0,7.333313643831385e-12,
scripts\PredicciónImágenes\Mass\00011831_001.png,chest_xray,1.0,True,1.0,6.731489823018355e-13,
scripts\PredicciónImágenes\Mass\00025081_001.png,chest_xray,0.9999997615814209,True,0.9999997615814209,1.8393693324014748e-07,
scripts\PredicciónImágenes\Mass\00002702_000.png,chest_xray,1.0,True,1.0,3.7699738442142916e-08,
scripts\PredicciónImágenes\Mass\00011478_003.png,chest_xray,1.0,True,1.0,2.0969540770465755e-08,
scripts\PredicciónImágenes\Mass\00015214_003.png,chest_xray,1.0,True,1.0,5.963667781827553e-09,
scripts\PredicciónImágenes\Mass\00007807_000.png,chest_xray,1.0,True,1.0,4.612986381768991e-11,
scripts\PredicciónImágenes\Mass\00019630_000.png,chest_xray,1.0,True,1.0,1.1470094318788426e-10,
scripts\PredicciónImágenes\Mass\00027260_000.png,chest_xray,1.0,True,1.0,1.2152447936841781e-09,
scripts\PredicciónImágenes\Mass\00009231_012.png,chest_xray,1.0,True,1.0,8.665057560364176e-10,
scripts\PredicciónImágenes\Mass\00008326_000.png,chest_xray,1.0,True,1.0,5.68718058757689e-11,
scripts\PredicciónImágenes\Mass\00017685_003.png,chest_xray,1.0,True,1.0,9.590195391290246e-13,
scripts\PredicciónImágenes\Mass\00004416_000.png,chest_xray,1.0,True,1.0,1.7217328257546072e-11,
scripts\PredicciónImágenes\Mass\00000443_005.png,chest_xray,1.0,True,1.0,2.9288698133456137e-09,
scripts\PredicciónImágenes\Mass\00028437_000.png,chest_xray,1.0,True,1.0,1.917155145747529e-08,
scripts\PredicciónImágenes\Mass\00009237_027.png,chest_xray,1.0,True,1.0,3.9634260318166525e-09,
scripts\PredicciónImágenes\Mass\00021420_020.png,chest_xray,0.9999998807907104,True,0.9999998807907104,1.0683449858106542e-07,
scripts\PredicciónImágenes\Mass\00003126_020.png,chest_xray,1.0,True,1.0,3.195910647235678e-09,
scripts\PredicciónImágenes\Mass\00025128_001.png,chest_xray,1.0,True,1.0,3.7689995568968016e-10,
scripts\PredicciónImágenes\Mass\00009963_011.png,chest_xray,1.0,True,1.0,3.4251115398759024e-12,
scripts\PredicciónImágenes\Mass\00005467_003.png,chest_xray,1.0,True,1.0,1.8609103147326778e-10,
scripts\PredicciónImágenes\Mass\00016986_003.png,chest_xray,1.0,True,1.0,1.6581124029357852e-08,
scripts\PredicciónImágenes\Mass\00013158_005.png,chest_xray,1.0,True,1.0,1.128510884740308e-08,
scripts\PredicciónImágenes\Mass\00028963_004.png,chest_xray,1.0,True,1.0,8.019219732702254e-10,
scripts\PredicciónImágenes\Mass\00011630_005.png,chest_xray,1.0,True,1.0,1.7865368906466728e-10,
scripts\PredicciónImágenes\Mass\00005505_002.png,chest_xray,1.0,True,1.0,4.693276167699878e-08,
scripts\PredicciónImágenes\Mass\00007716_002.png,chest_xray,1.0,True,1.0,4.834792635688423e-11,
scripts\PredicciónImágenes\Mass\00026480_007.png,chest_xray,1.0,True,1.0,2.1328931676389828e-10,
scripts\PredicciónImágenes\Mass\00016550_020.png,chest_xray,1.0,True,1.0,3.171423887393665e-11,
scripts\PredicciónImágenes\Mass\00017262_002.png,chest_xray,1.0,True,1.0,7.66415229891404e-12,
scripts\PredicciónImágenes\Mass\00012470_001.png,chest_xray,0.9999972581863403,True,0.9999972581863403,2.727747187236673e-06,
scripts\PredicciónImágenes\Mass\00023026_007.png,chest_xray,1.0,True,1.0,2.8112873140528905e-10,
scripts\PredicciónImágenes\Mass\00015843_004.png,chest_xray,1.0,True,1.0,3.4222121664262417e-12,
scripts\PredicciónImágenes\Mass\00017429_002.png,chest_xray,1.0,True,1.0,1.479428801687277e-09,
scripts\PredicciónImágenes\Mass\00009456_000.png,chest_xray,1.0,True,1.0,1.7887368019067762e-13,
scripts\PredicciónImágenes\Mass\00018608_016.png,chest_xray,1.0,True,1.0,1.4946169857310565e-09,
scripts\PredicciónImágenes\Mass\00014116_001.png,chest_xray,1.0,True,1.0,6.169868088656827e-11,
scripts\PredicciónImágenes\Mass\00000711_007.png,chest_xray,1.0,True,1.0,8.463734157970748e-10,
scripts\PredicciónImágenes\Mass\00029005_000.png,chest_xray,1.0,True,1.0,3.515542079668421e-09,
scripts\PredicciónImágenes\Mass\00014358_008.png,chest_xray,1.0,True,1.0,1.0463049981979111e-08,
scripts\PredicciónImágenes\Mass\00022572_027.png,chest_xray,1.0,True,1.0,2.2281663818700392e-13,
scripts\PredicciónImágenes\Mass\00010583_005.png,chest_xray,1.0,True,1.0,1.3864600439950081e-11,
scripts\PredicciónImágenes\Mass\00016106_001.png,chest_xray,1.0,True,1.0,1.1086133400173281e-10,
scripts\PredicciónImágenes\Mass\00005318_002.png,chest_xray,0.9999998807907104,True,0.9999998807907104,6.62692940522902e-08,
scripts\PredicciónImágenes\Mass\00005512_005.png,chest_xray,0.9999991655349731,True,0.9999991655349731,8.674307423461869e-07,
scripts\PredicciónImágenes\Mass\00030078_000.png,chest_xray,1.0,True,1.0,2.886686445435771e-09,
scripts\PredicciónImágenes\Mass\00001410_004.png,chest_xray,1.0,True,1.0,8.180485455699937e-11,
scripts\PredicciónImágenes\Mass\00012569_000.png,chest_xray,1.0,True,1.0,4.581719448282229e-10,
scripts\PredicciónImágenes\Mass\00004094_000.png,chest_xray,1.0,True,1.0,8.523123318227022e-10,
scripts\PredicciónImágenes\Mass\00023026_006.png,chest_xray,1.0,True,1.0,6.297452836978579e-11,
scripts\PredicciónImágenes\Mass\00000248_023.png,chest_xray,0.9999997615814209,True,0.9999997615814209,2.2423206758048764e-07,
scripts\PredicciónImágenes\Mass\00004928_006.png,chest_xray,0.9999979734420776,True,0.9999979734420776,2.0253403363312827e-06,
scripts\PredicciónImágenes\Mass\00005991_008.png,chest_xray,1.0,True,1.0,1.9231807119046707e-11,
scripts\PredicciónImágenes\Mass\00014653_003.png,chest_xray,1.0,True,1.0,3.952997651435197e-10,
scripts\PredicciónImágenes\Mass\00017234_005.png,chest_xray,1.0,True,1.0,1.606141530885452e-08,
scripts\PredicciónImágenes\Mass\00015023_000.png,chest_xray,1.0,True,1.0,2.7622529263915396e-11,
scripts\PredicciónImágenes\Mass\00030159_014.png,chest_xray,0.9999892711639404,True,0.9999892711639404,1.0744038263510447e-05,
scripts\PredicciónImágenes\Mass\00007731_007.png,chest_xray,1.0,True,1.0,7.892435316403379e-11,
scripts\PredicciónImágenes\Mass\00016470_000.png,chest_xray,1.0,True,1.0,1.4166554151984201e-08,
scripts\PredicciónImágenes\Mass\00006413_002.png,chest_xray,1.0,True,1.0,9.937157763317828e-09,
scripts\PredicciónImágenes\Mass\00019545_000.png,chest_xray,1.0,True,1.0,4.655357696559115e-12,
scripts\PredicciónImágenes\Mass\00006543_000.png,chest_xray,1.0,True,1.0,2.8599558485331578e-11,
scripts\PredicciónImágenes\Mass\00015721_000.png,chest_xray,1.0,True,1.0,2.196034369975064e-12,
scripts\PredicciónImágenes\Mass\00014357_001.png,chest_xray,1.0,True,1.0,3.3229060392159226e-08,
scripts\PredicciónImágenes\Mass\00019871_001.png,chest_xray,1.0,True,1.0,2.844300905913144e-10,
scripts\PredicciónImágenes\Mass\00008012_004.png,chest_xray,1.0,True,1.0,1.4985476193274394e-09,
scripts\PredicciónImágenes\Mass\00004169_001.png,chest_xray,1.0,True,1.0,2.1442747577538057e-09,
scripts\PredicciónImágenes\Mass\00008295_019.png,chest_xray,1.0,True,1.0,2.705530461125094e-12,
scripts\PredicciónImágenes\Mass\00006741_011.png,chest_xray,1.0,True,1.0,4.031523032077544e-11,
scripts\PredicciónImágenes\Mass\00016667_000.png,chest_xray,1.0,True,1.0,1.0396185023964222e-09,
scripts\PredicciónImágenes\Mass\00014663_042.png,chest_xray,1.0,True,1.0,6.7188175023602525e-09,
scripts\PredicciónImágenes\Mass\00011171_000.png,chest_xray,1.0,True,1.0,1.569731544748265e-08,
scripts\PredicciónImágenes\Mass\00027697_000.png,chest_xray,1.0,True,1.0,4.999106684167032e-10,
scripts\PredicciónImágenes\Mass\00029035_000.png,chest_xray,1.0,True,1.0,1.2700365932538649e-12,
scripts\PredicciónImágenes\Mass\00016234_000.png,chest_xray,1.0,True,1.0,2.1208124145744023e-10,
scripts\PredicciónImágenes\Mass\00028626_006.png,chest_xray,1.0,True,1.0,5.3240571673551784e-11,
scripts\PredicciónImágenes\Mass\00025303_010.png,chest_xray,1.0,True,1.0,8.774597048955002e-09,
scripts\PredicciónImágenes\Mass\00011622_008.png,chest_xray,0.9999998807907104,True,0.9999998807907104,1.0478192535856579e-07,
scripts\PredicciónImágenes\Mass\00008943_008.png,chest_xray,1.0,True,1.0,2.3422477846146705e-10,
scripts\PredicciónImágenes\Mass\00017429_001.png,chest_xray,1.0,True,1.0,2.3433024964880644e-10,
scripts\PredicciónImágenes\Mass\00027228_000.png,chest_xray,1.0,True,1.0,1.518913350651019e-08,
scripts\PredicciónImágenes\Mass\00006338_000.png,chest_xray,1.0,True,1.0,1.3484722227730117e-09,
scripts\PredicciónImágenes\Mass\00014398_026.png,chest_xray,1.0,True,1.0,3.2793856519219844e-08,
scripts\PredicciónImágenes\Mass\00002361_003.png,chest_xray,1.0,True,1.0,1.3776431384560084e-10,
scripts\PredicciónImágenes\Mass\00028059_001.png,chest_xray,1.0,True,1.0,5.589720309881474e-13,
scripts\PredicciónImágenes\Mass\00000250_004.png,chest_xray,1.0,True,1.0,1.5429077460105134e-10,
scripts\PredicciónImágenes\Mass\00008295_042.png,chest_xray,1.0,True,1.0,3.290560324220593e-10,
scripts\PredicciónImágenes\Mass\00012513_000.png,chest_xray,1.0,True,1.0,4.1510284792822816e-13,
scripts\PredicciónImágenes\Mass\00008612_000.png,chest_xray,1.0,True,1.0,4.092232663843731e-10,
scripts\PredicciónImágenes\Mass\00014398_014.png,chest_xray,0.9999998807907104,True,0.9999998807907104,1.1373623465260607e-07,
scripts\PredicciónImágenes\Mass\00008888_035.png,chest_xray,0.9999998807907104,True,0.9999998807907104,1.7069076818643225e-07,
scripts\PredicciónImágenes\Mass\00016778_049.png,chest_xray,0.9999998807907104,True,0.9999998807907104,6.52594280836638e-08,
scripts\PredicciónImágenes\Mass\00026419_001.png,chest_xray,1.0,True,1.0,1.4523791946885467e-08,
scripts\PredicciónImágenes\Mass\00022837_043.png,chest_xray,1.0,True,1.0,9.502483244716586e-10,
scripts\PredicciónImágenes\Mass\00016240_004.png,chest_xray,0.9999986886978149,True,0.9999986886978149,1.3389641253525042e-06,
scripts\PredicciónImágenes\Mass\00028765_006.png,chest_xray,1.0,True,1.0,9.826379293587095e-11,
scripts\PredicciónImágenes\Mass\00013670_105.png,chest_xray,0.9999998807907104,True,0.9999998807907104,1.165277225823047e-07,
scripts\PredicciónImágenes\Mass\00018607_001.png,chest_xray,1.0,True,1.0,2.86786705494535e-10,
scripts\PredicciónImágenes\Mass\00007405_013.png,chest_xray,1.0,True,1.0,5.890480547776633e-09,
scripts\PredicciónImágenes\Mass\00017429_007.png,chest_xray,1.0,True,1.0,5.523715599503598e-12,
scripts\PredicciónImágenes\Mass\00025082_002.png,chest_xray,1.0,True,1.0,2.159540948842853e-11,
scripts\PredicciónImágenes\Mass\00027556_000.png,chest_xray,1.0,True,1.0,4.4825382294888527e-10,
scripts\PredicciónImágenes\Mass\00017144_004.png,chest_xray,1.0,True,1.0,2.2884873163153685e-10,
scripts\PredicciónImágenes\Mass\00008013_000.png,chest_xray,1.0,True,1.0,2.47278392206951e-10,
scripts\PredicciónImágenes\Mass\00012184_009.png,chest_xray,1.0,True,1.0,2.9526053824113774e-10,
scripts\PredicciónImágenes\Mass\00007123_000.png,chest_xray,1.0,True,1.0,2.4969742939973116e-10,
scripts\PredicciónImágenes\Mass\00015920_006.png,chest_xray,1.0,True,1.0,6.535703089838307e-10,
scripts\PredicciónImágenes\Mass\00010085_000.png,chest_xray,1.0,True,1.0,3.388360121994727e-12,
scripts\PredicciónImágenes\Mass\00013917_022.png,chest_xray,1.0,True,1.0,9.415003221491247e-10,
scripts\PredicciónImágenes\Mass\00028593_002.png,chest_xray,1.0,True,1.0,2.205465365889836e-09,
scripts\PredicciónImágenes\Mass\00013659_005.png,chest_xray,1.0,True,1.0,2.987311439883733e-11,
scripts\PredicciónImágenes\Mass\00018447_000.png,chest_xray,0.9999996423721313,True,0.9999996423721313,3.622479880505125e-07,
scripts\PredicciónImágenes\Mass\00015018_001.png,chest_xray,1.0,True,1.0,7.30639282409129e-09,
scripts\PredicciónImágenes\Mass\00000711_006.png,chest_xray,1.0,True,1.0,3.8300449617389987e-11,
scripts\PredicciónImágenes\Mass\00021414_002.png,chest_xray,1.0,True,1.0,5.8647855460947085e-09,
scripts\PredicciónImágenes\Mass\00009764_000.png,chest_xray,1.0,True,1.0,2.145159427868748e-08,
scripts\PredicciónImágenes\Mass\00027299_006.png,chest_xray,1.0,True,1.0,5.093878652218109e-09,
scripts\PredicciónImágenes\Mass\00007120_005.png,chest_xray,1.0,True,1.0,4.677669807051643e-09,
scripts\PredicciónImágenes\Mass\00015196_006.png,chest_xray,1.0,True,1.0,1.190184843041786e-11,
scripts\PredicciónImágenes\Mass\00009374_000.png,chest_xray,1.0,True,1.0,2.025645493355932e-12,
scripts\PredicciónImágenes\Mass\00021772_000.png,chest_xray,1.0,True,1.0,2.086112185772926e-11,
scripts\PredicciónImágenes\Mass\00011269_002.png,chest_xray,1.0,True,1.0,7.947000835173412e-10,
scripts\PredicciónImágenes\Mass\00010092_053.png,chest_xray,1.0,True,1.0,3.757769562184876e-08,
scripts\PredicciónImágenes\Mass\00007173_000.png,chest_xray,1.0,True,1.0,3.72068154064209e-09,
scripts\PredicciónImágenes\Mass\00010708_000.png,chest_xray,1.0,True,1.0,2.922094233248629e-10,
scripts\PredicciónImágenes\Mass\00019530_009.png,chest_xray,1.0,True,1.0,8.809279694599326e-12,
scripts\PredicciónImágenes\Mass\00015310_004.png,chest_xray,1.0,True,1.0,8.869439210856811e-11,
scripts\PredicciónImágenes\Mass\00018623_001.png,chest_xray,1.0,True,1.0,8.703137099885794e-10,
scripts\PredicciónImágenes\Mass\00017618_029.png,chest_xray,1.0,True,1.0,4.010352050443089e-09,
scripts\PredicciónImágenes\Mass\00002840_001.png,chest_xray,0.9999998807907104,True,0.9999998807907104,7.643189547934526e-08,
scripts\PredicciónImágenes\Mass\00019073_004.png,chest_xray,1.0,True,1.0,1.2668794013848128e-08,
scripts\PredicciónImágenes\Mass\00025288_001.png,chest_xray,1.0,True,1.0,9.196817196688301e-10,
scripts\PredicciónImágenes\Mass\00022684_003.png,chest_xray,1.0,True,1.0,7.493652809387186e-09,
scripts\PredicciónImágenes\Mass\00006113_001.png,chest_xray,1.0,True,1.0,1.9534859840852903e-10,
scripts\PredicciónImágenes\Mass\00016544_003.png,chest_xray,1.0,True,1.0,2.441468693881177e-10,
scripts\PredicciónImágenes\Mass\00008907_000.png,chest_xray,1.0,True,1.0,7.602889151581138e-11,
scripts\PredicciónImágenes\Mass\00030594_000.png,chest_xray,1.0,True,1.0,3.03277097879473e-10,
scripts\PredicciónImágenes\Mass\00021616_000.png,chest_xray,1.0,True,1.0,8.958939839986968e-11,
scripts\PredicciónImágenes\Mass\00003129_002.png,chest_xray,1.0,True,1.0,1.1596432702987158e-09,
scripts\PredicciónImágenes\Mass\00015495_003.png,chest_xray,1.0,True,1.0,3.637071754880594e-09,
scripts\PredicciónImágenes\Mass\00012960_000.png,chest_xray,1.0,True,1.0,7.230694376580971e-10,
scripts\PredicciónImágenes\Mass\00013747_002.png,chest_xray,1.0,True,1.0,4.0803857515037123e-10,
scripts\PredicciónImágenes\Mass\00006948_020.png,chest_xray,1.0,True,1.0,5.622469712029954e-10,
scripts\PredicciónImágenes\Mass\00005904_000.png,chest_xray,1.0,True,1.0,4.759706517809548e-12,
scripts\PredicciónImágenes\Mass\00013240_000.png,chest_xray,1.0,True,1.0,1.0012114835117325e-12,
scripts\PredicciónImágenes\Mass\00018101_007.png,chest_xray,1.0,True,1.0,2.730187742550072e-10,
scripts\PredicciónImágenes\Mass\00002201_007.png,chest_xray,1.0,True,1.0,2.236453210124889e-12,
scripts\PredicciónImágenes\Mass\00015592_000.png,chest_xray,1.0,True,1.0,1.3566540252307746e-11,
scripts\PredicciónImágenes\Mass\00016568_031.png,chest_xray,1.0,True,1.0,2.5612445497813496e-10,
scripts\PredicciónImágenes\Mass\00025505_001.png,chest_xray,1.0,True,1.0,5.50371859198151e-10,
scripts\PredicciónImágenes\Mass\00008613_006.png,chest_xray,1.0,True,1.0,9.713200244121367e-10,
scripts\PredicciónImágenes\Mass\00019629_000.png,chest_xray,1.0,True,1.0,1.691078388432743e-10,
scripts\PredicciónImágenes\Mass\00001637_010.png,chest_xray,1.0,True,1.0,1.0676549921928569e-10,
scripts\PredicciónImágenes\Mass\00021581_000.png,chest_xray,1.0,True,1.0,3.7786085371749323e-10,
scripts\PredicciónImágenes\Mass\00015685_000.png,chest_xray,1.0,True,1.0,5.808327777079292e-11,
scripts\PredicciónImágenes\Mass\00010584_006.png,chest_xray,1.0,True,1.0,4.142877707558057e-11,
scripts\PredicciónImágenes\Mass\00003470_003.png,chest_xray,1.0,True,1.0,1.334476529279982e-09,
scripts\PredicciónImágenes\Mass\00020972_000.png,chest_xray,1.0,True,1.0,4.161834432636624e-09,
scripts\PredicciónImágenes\Mass\00013659_023.png,chest_xray,1.0,True,1.0,1.045709963065633e-09,
scripts\PredicciónImágenes\Mass\00002510_007.png,chest_xray,1.0,True,1.0,3.426078431373325e-12,
scripts\PredicciónImágenes\Mass\00026221_014.png,chest_xray,0.9999997615814209,True,0.9999997615814209,2.017625888584007e-07,
scripts\PredicciónImágenes\Mass\00018663_002.png,chest_xray,1.0,True,1.0,4.5512352220278274e-10,
scripts\PredicciónImágenes\Mass\00011287_004.png,chest_xray,1.0,True,1.0,1.5269667474893112e-10,
scripts\PredicciónImágenes\Mass\00016086_000.png,chest_xray,1.0,True,1.0,3.2641042646552876e-11,
scripts\PredicciónImágenes\Mass\00029704_001.png,chest_xray,1.0,True,1.0,9.247639098930449e-09,
scripts\PredicciónImágenes\Mass\00017685_002.png,chest_xray,1.0,True,1.0,1.7548382191812095e-10,
scripts\PredicciónImágenes\Mass\00030028_001.png,chest_xray,1.0,True,1.0,2.247460030579962e-12,
scripts\PredicciónImágenes\Mass\00005298_012.png,chest_xray,0.9999982118606567,True,0.9999982118606567,1.8101151226801449e-06,
scripts\PredicciónImágenes\Mass\00018011_010.png,chest_xray,1.0,True,1.0,9.03272834307245e-09,
scripts\PredicciónImágenes\Mass\00000250_015.png,chest_xray,1.0,True,1.0,1.0378097270447029e-09,
scripts\PredicciónImágenes\Mass\00015369_000.png,chest_xray,1.0,True,1.0,1.843783969945889e-08,
scripts\PredicciónImágenes\Mass\00030753_011.png,chest_xray,1.0,True,1.0,2.3396493076255354e-10,
scripts\PredicciónImágenes\Mass\00015549_003.png,chest_xray,1.0,True,1.0,3.434690726278333e-11,
scripts\PredicciónImágenes\Mass\00002510_004.png,chest_xray,1.0,True,1.0,6.304916311261621e-11,
scripts\PredicciónImágenes\Mass\00028876_053.png,chest_xray,1.0,True,1.0,5.461036955978216e-09,
scripts\PredicciónImágenes\Mass\00004738_002.png,chest_xray,1.0,True,1.0,1.6848358819210318e-10,
scripts\PredicciónImágenes\Mass\00018253_020.png,chest_xray,1.0,True,1.0,1.036397812015366e-08,
scripts\PredicciónImágenes\Mass\00019894_023.png,chest_xray,1.0,True,1.0,7.541942625977072e-10,
scripts\PredicciónImágenes\Mass\00026068_000.png,chest_xray,1.0,True,1.0,3.1494025165557105e-08,
scripts\PredicciónImágenes\Mass\00020825_000.png,chest_xray,1.0,True,1.0,1.6749045726738299e-12,
scripts\PredicciónImágenes\Mass\00023435_003.png,chest_xray,1.0,True,1.0,3.865650910483964e-09,
scripts\PredicciónImágenes\Mass\00014822_023.png,chest_xray,0.9999980926513672,True,0.9999980926513672,1.8659735587789328e-06,
scripts\PredicciónImágenes\Mass\00007460_002.png,chest_xray,1.0,True,1.0,2.3491534238695433e-12,
scripts\PredicciónImágenes\Mass\00009261_002.png,chest_xray,1.0,True,1.0,3.827808825462853e-08,
scripts\PredicciónImágenes\Mass\00019058_000.png,chest_xray,1.0,True,1.0,1.4100064171795879e-10,
scripts\PredicciónImágenes\Mass\00016138_000.png,chest_xray,1.0,True,1.0,1.3172838687902644e-11,
scripts\PredicciónImágenes\Mass\00021448_001.png,chest_xray,1.0,True,1.0,7.804860924220947e-11,
scripts\PredicciónImágenes\Mass\00029155_003.png,chest_xray,1.0,True,1.0,1.8021077685670406e-11,
scripts\PredicciónImágenes\Mass\00006173_001.png,chest_xray,1.0,True,1.0,5.038752401431701e-12,
scripts\PredicciónImágenes\Mass\00018810_000.png,chest_xray,1.0,True,1.0,1.928960324804052e-10,
scripts\PredicciónImágenes\Mass\00014358_009.png,chest_xray,1.0,True,1.0,6.567230093068588e-10,
scripts\PredicciónImágenes\Mass\00014320_016.png,chest_xray,1.0,True,1.0,2.5060672287358088e-11,
scripts\PredicciónImágenes\Mass\00005760_000.png,chest_xray,1.0,True,1.0,2.9249340727233175e-09,
scripts\PredicciónImágenes\Mass\00006338_001.png,chest_xray,1.0,True,1.0,8.379880123143835e-11,
scripts\PredicciónImágenes\Mass\00017051_003.png,chest_xray,1.0,True,1.0,3.4297256146231803e-09,
scripts\PredicciónImágenes\Mass\00011291_006.png,chest_xray,1.0,True,1.0,2.0440663051068952e-11,
scripts\PredicciónImágenes\Mass\00011713_000.png,chest_xray,1.0,True,1.0,1.3978485903509696e-11,
scripts\PredicciónImágenes\Mass\00016211_001.png,chest_xray,1.0,True,1.0,4.6033708095416515e-11,
scripts\PredicciónImágenes\Mass\00002361_012.png,chest_xray,1.0,True,1.0,1.2415839467649903e-09,
scripts\PredicciónImágenes\Mass\00017685_005.png,chest_xray,1.0,True,1.0,3.880453181004384e-10,
scripts\PredicciónImágenes\Mass\00011034_002.png,chest_xray,1.0,True,1.0,2.3727533271511447e-09,
scripts\PredicciónImágenes\Mass\00011925_042.png,chest_xray,1.0,True,1.0,9.861048866355304e-09,
scripts\PredicciónImágenes\Mass\00013670_103.png,chest_xray,1.0,True,1.0,3.256895553249706e-08,
scripts\PredicciónImágenes\Mass\00029938_001.png,chest_xray,1.0,True,1.0,3.307600304758296e-10,
scripts\PredicciónImágenes\Mass\00017262_001.png,chest_xray,1.0,True,1.0,1.8536179535733055e-12,
scripts\PredicciónImágenes\Mass\00014609_006.png,chest_xray,1.0,True,1.0,5.228115856903415e-11,
scripts\PredicciónImágenes\Mass\00006502_001.png,chest_xray,1.0,True,1.0,7.504752375098178e-09,
scripts\PredicciónImágenes\Mass\00014010_002.png,chest_xray,1.0,True,1.0,3.6592897600939978e-09,
scripts\PredicciónImágenes\Mass\00008009_013.png,chest_xray,1.0,True,1.0,3.406176452003251e-10,
scripts\PredicciónImágenes\Mass\00011151_000.png,chest_xray,1.0,True,1.0,5.585593654267029e-10,
scripts\PredicciónImágenes\Mass\00014397_011.png,chest_xray,1.0,True,1.0,2.2541166155853887e-10,
scripts\PredicciónImágenes\Mass\00012492_000.png,chest_xray,1.0,True,1.0,6.264765151087204e-09,
scripts\PredicciónImágenes\Mass\00006662_000.png,chest_xray,1.0,True,1.0,5.711184858370189e-10,
scripts\PredicciónImágenes\Mass\00021112_001.png,chest_xray,1.0,True,1.0,1.9755200142412832e-08,
scripts\PredicciónImágenes\Mass\00007497_014.png,chest_xray,0.9999998807907104,True,0.9999998807907104,7.92911194480439e-08,
scripts\PredicciónImágenes\Mass\00009273_003.png,chest_xray,0.9999536275863647,True,0.9999536275863647,4.636487938114442e-05,
scripts\PredicciónImágenes\Mass\00012048_002.png,chest_xray,1.0,True,1.0,5.91922564296965e-08,
scripts\PredicciónImágenes\Mass\00012848_001.png,chest_xray,1.0,True,1.0,2.0150877494407027e-11,
scripts\PredicciónImágenes\Mass\00016969_000.png,chest_xray,1.0,True,1.0,2.008902627581577e-10,
scripts\PredicciónImágenes\Mass\00016064_012.png,chest_xray,1.0,True,1.0,3.9706291588004206e-09,
scripts\PredicciónImágenes\Mass\00018792_002.png,chest_xray,1.0,True,1.0,2.0352112883870177e-08,
scripts\PredicciónImágenes\Mass\00028219_002.png,chest_xray,1.0,True,1.0,2.2054402748494795e-09,
scripts\PredicciónImágenes\Mass\00009984_003.png,chest_xray,1.0,True,1.0,1.0122231941522841e-09,
scripts\PredicciónImágenes\Mass\00027652_006.png,chest_xray,1.0,True,1.0,6.2892127061786596e-09,
scripts\PredicciónImágenes\Mass\00015903_000.png,chest_xray,0.9999997615814209,True,0.9999997615814209,1.8143011004667642e-07,
scripts\PredicciónImágenes\Mass\00015605_056.png,chest_xray,1.0,True,1.0,9.345482610001454e-09,
scripts\PredicciónImágenes\Mass\00003100_006.png,chest_xray,0.9999997615814209,True,0.9999997615814209,2.2085610851263482e-07,
scripts\PredicciónImágenes\Mass\00014653_002.png,chest_xray,1.0,True,1.0,1.8808451685004002e-08,
scripts\PredicciónImágenes\Mass\00017136_004.png,chest_xray,1.0,True,1.0,1.6931980123535695e-11,
scripts\PredicciónImágenes\Mass\00026202_003.png,chest_xray,1.0,True,1.0,3.656810965146917e-10,
scripts\PredicciónImágenes\Mass\00012460_001.png,chest_xray,1.0,True,1.0,5.697087690492708e-09,
scripts\PredicciónImágenes\Mass\00028844_019.png,chest_xray,0.9999970197677612,True,0.9999970197677612,3.022708142452757e-06,
scripts\PredicciónImágenes\Mass\00016778_022.png,chest_xray,0.9999953508377075,True,0.9999953508377075,4.634557171812048e-06,
scripts\PredicciónImágenes\Mass\00008295_037.png,chest_xray,1.0,True,1.0,1.6957441673071116e-08,
scripts\PredicciónImágenes\Mass\00027833_006.png,chest_xray,0.9999998807907104,True,0.9999998807907104,6.773544924953967e-08,
scripts\PredicciónImágenes\Mass\00027002_000.png,chest_xray,1.0,True,1.0,6.319625378559124e-12,
scripts\PredicciónImágenes\Mass\00026954_004.png,chest_xray,1.0,True,1.0,2.5358715127765663e-09,
scripts\PredicciónImágenes\Mass\00004547_005.png,chest_xray,1.0,True,1.0,1.2937384670508312e-11,
scripts\PredicciónImágenes\Mass\00013265_001.png,chest_xray,1.0,True,1.0,4.7294834715216894e-11,
scripts\PredicciónImágenes\Mass\00003681_005.png,chest_xray,1.0,True,1.0,2.5624855015671244e-10,
scripts\PredicciónImágenes\Mass\00013608_019.png,chest_xray,0.9999915361404419,True,0.9999915361404419,8.464616257697344e-06,
scripts\PredicciónImágenes\Mass\00025327_000.png,chest_xray,1.0,True,1.0,8.379080762566105e-11,
scripts\PredicciónImágenes\Mass\00008892_008.png,chest_xray,1.0,True,1.0,1.7636169191703743e-09,
scripts\PredicciónImágenes\Mass\00001836_006.png,chest_xray,1.0,True,1.0,3.090312450382271e-09,
scripts\PredicciónImágenes\Mass\00008444_000.png,chest_xray,1.0,True,1.0,7.335184903922709e-09,
scripts\PredicciónImágenes\Mass\00008613_002.png,chest_xray,1.0,True,1.0,1.2202343085618295e-12,
scripts\PredicciónImágenes\Mass\00020611_002.png,chest_xray,1.0,True,1.0,1.3769679840791582e-10,
scripts\PredicciónImágenes\Mass\00006414_001.png,chest_xray,1.0,True,1.0,3.2768081581480146e-09,
scripts\PredicciónImágenes\Mass\00011034_001.png,chest_xray,1.0,True,1.0,6.2863728979289935e-12,
scripts\PredicciónImágenes\Mass\00018607_002.png,chest_xray,1.0,True,1.0,1.1526303522746417e-10,
scripts\PredicciónImágenes\Mass\00016663_000.png,chest_xray,1.0,True,1.0,8.645433702270111e-09,
scripts\PredicciónImágenes\Mass\00017369_009.png,chest_xray,1.0,True,1.0,4.933821684538486e-10,
scripts\PredicciónImágenes\Mass\00015369_001.png,chest_xray,1.0,True,1.0,1.22565002591557e-09,
scripts\PredicciónImágenes\Mass\00004957_002.png,chest_xray,1.0,True,1.0,9.213012297504264e-12,
scripts\PredicciónImágenes\Mass\00009640_002.png,chest_xray,1.0,True,1.0,1.8225655706860522e-10,
scripts\PredicciónImágenes\Mass\00013991_002.png,chest_xray,1.0,True,1.0,1.180739861439406e-08,
scripts\PredicciónImágenes\Mass\00017881_002.png,chest_xray,1.0,True,1.0,5.292876597076668e-13,
scripts\PredicciónImágenes\Mass\00017994_002.png,chest_xray,1.0,True,1.0,4.3919348158283356e-09,
scripts\PredicciónImágenes\Mass\00011241_002.png,chest_xray,1.0,True,1.0,1.5459721280919325e-09,
scripts\PredicciónImágenes\Mass\00026573_005.png,chest_xray,1.0,True,1.0,6.84013748419865e-11,
scripts\PredicciónImágenes\Mass\00014657_001.png,chest_xray,0.9999973773956299,True,0.9999973773956299,2.6328509648010368e-06,
scripts\PredicciónImágenes\Mass\00010198_014.png,chest_xray,1.0,True,1.0,1.3592773129289526e-08,
scripts\PredicciónImágenes\Mass\00005793_001.png,chest_xray,1.0,True,1.0,1.576354602406127e-10,
scripts\PredicciónImágenes\Mass\00017763_001.png,chest_xray,1.0,True,1.0,2.6978617118089687e-09,
scripts\PredicciónImágenes\Mass\00013467_000.png,chest_xray,1.0,True,1.0,8.390532019175723e-11,
scripts\PredicciónImágenes\Mass\00004132_005.png,chest_xray,1.0,True,1.0,1.3787544023147191e-11,
scripts\PredicciónImágenes\Mass\00010693_034.png,chest_xray,1.0,True,1.0,6.435416088912405e-11,
scripts\PredicciónImágenes\Mass\00020175_000.png,chest_xray,1.0,True,1.0,7.69888042206901e-11,
scripts\PredicciónImágenes\Mass\00009349_041.png,chest_xray,1.0,True,1.0,3.5784974983243956e-10,
scripts\PredicciónImágenes\Mass\00010747_000.png,chest_xray,1.0,True,1.0,5.0712472415836984e-11,
scripts\PredicciónImágenes\Mass\00006116_002.png,chest_xray,1.0,True,1.0,4.17197565383276e-09,
scripts\PredicciónImágenes\Mass\00001349_000.png,chest_xray,1.0,True,1.0,1.7943786456697808e-09,
scripts\PredicciónImágenes\Mass\00011859_001.png,chest_xray,1.0,True,1.0,1.3220121664048179e-09,
scripts\PredicciónImágenes\Mass\00025110_015.png,chest_xray,1.0,True,1.0,9.500671360740398e-10,
scripts\PredicciónImágenes\Mass\00005785_002.png,chest_xray,1.0,True,1.0,1.0145957858587185e-11,
scripts\PredicciónImágenes\Mass\00021640_000.png,chest_xray,1.0,True,1.0,9.844962178817696e-09,
scripts\PredicciónImágenes\Mass\00006678_000.png,chest_xray,1.0,True,1.0,6.169209587625346e-11,
scripts\PredicciónImágenes\Mass\00012684_000.png,chest_xray,1.0,True,1.0,1.4779489632132936e-08,
scripts\PredicciónImágenes\Mass\00019767_002.png,chest_xray,1.0,True,1.0,2.4105749948238886e-12,
scripts\PredicciónImágenes\Mass\00012891_001.png,chest_xray,1.0,True,1.0,2.9975994559824914e-13,
scripts\PredicciónImágenes\Mass\00029155_001.png,chest_xray,1.0,True,1.0,7.874523082207485e-12,
scripts\PredicciónImágenes\Mass\00005793_002.png,chest_xray,1.0,True,1.0,2.2125818954776832e-09,
scripts\PredicciónImágenes\Mass\00012294_014.png,chest_xray,1.0,True,1.0,1.6538719005421143e-10,
scripts\PredicciónImágenes\Mass\00019313_007.png,chest_xray,1.0,True,1.0,1.56426926967157e-10,
scripts\PredicciónImágenes\Mass\00005110_005.png,chest_xray,1.0,True,1.0,4.83889803226667e-11,
scripts\PredicciónImágenes\Mass\00017133_001.png,chest_xray,1.0,True,1.0,9.678460290152291e-12,
scripts\PredicciónImágenes\Mass\00010092_045.png,chest_xray,1.0,True,1.0,4.691512955901089e-08,
scripts\PredicciónImágenes\Mass\00011723_041.png,chest_xray,1.0,True,1.0,2.3794335390903143e-09,
scripts\PredicciónImágenes\Mass\00019871_007.png,chest_xray,1.0,True,1.0,3.058540087863548e-10,
scripts\PredicciónImágenes\Mass\00021047_020.png,chest_xray,1.0,True,1.0,5.583196682756864e-10,
scripts\PredicciónImágenes\Mass\00026221_017.png,chest_xray,1.0,True,1.0,7.056116135828461e-09,
scripts\PredicciónImágenes\Mass\00028623_000.png,chest_xray,1.0,True,1.0,1.2831417352254793e-11,
scripts\PredicciónImágenes\Mass\00005793_000.png,chest_xray,1.0,True,1.0,2.4718811886259573e-08,
scripts\PredicciónImágenes\Mass\00017429_003.png,chest_xray,1.0,True,1.0,1.7543553415544366e-11,
scripts\PredicciónImágenes\Mass\00029971_000.png,chest_xray,1.0,True,1.0,5.406076142300265e-10,
scripts\PredicciónImágenes\Mass\00023297_001.png,chest_xray,1.0,True,1.0,3.508804358176576e-12,
scripts\PredicciónImágenes\Mass\00012758_000.png,chest_xray,0.9999998807907104,True,0.9999998807907104,7.755352982030672e-08,
scripts\PredicciónImágenes\Mass\00006817_000.png,chest_xray,1.0,True,1.0,5.072870075395475e-12,
scripts\PredicciónImágenes\Mass\00012315_002.png,chest_xray,1.0,True,1.0,9.73579506943767e-13,
scripts\PredicciónImágenes\Mass\00020351_000.png,chest_xray,1.0,True,1.0,3.49432011104156e-11,
scripts\PredicciónImágenes\Mass\00004439_000.png,chest_xray,1.0,True,1.0,1.3305858151402283e-12,
scripts\PredicciónImágenes\Mass\00017013_002.png,chest_xray,1.0,True,1.0,1.961910855996507e-09,
scripts\PredicciónImágenes\Mass\00014758_001.png,chest_xray,0.9999997615814209,True,0.9999997615814209,2.5700686023810704e-07,
scripts\PredicciónImágenes\Mass\00004858_081.png,chest_xray,1.0,True,1.0,3.4516740160528414e-11,
scripts\PredicciónImágenes\Mass\00011291_004.png,chest_xray,1.0,True,1.0,1.2255513270886809e-10,
scripts\PredicciónImágenes\Mass\00027995_000.png,chest_xray,1.0,True,1.0,3.3143307542893297e-11,
scripts\PredicciónImágenes\Mass\00007995_001.png,chest_xray,1.0,True,1.0,3.473377141460787e-10,
scripts\PredicciónImágenes\Mass\00009142_001.png,chest_xray,1.0,True,1.0,1.8570992725390478e-13,
scripts\PredicciónImágenes\Mass\00017064_005.png,chest_xray,1.0,True,1.0,1.456883502726214e-10,
scripts\PredicciónImágenes\Mass\00017789_000.png,chest_xray,1.0,True,1.0,1.3808703312745418e-11,
scripts\PredicciónImágenes\Mass\00011901_000.png,chest_xray,1.0,True,1.0,3.1509357623082934e-11,
scripts\PredicciónImágenes\Mass\00013626_000.png,chest_xray,1.0,True,1.0,3.9865022394280913e-10,
scripts\PredicciónImágenes\Mass\00010338_003.png,chest_xray,1.0,True,1.0,1.431231133608435e-09,
scripts\PredicciónImágenes\Mass\00016283_001.png,chest_xray,1.0,True,1.0,1.993139958633705e-10,
scripts\PredicciónImágenes\Mass\00018608_005.png,chest_xray,1.0,True,1.0,5.797713351074485e-11,
scripts\PredicciónImágenes\Mass\00006380_000.png,chest_xray,1.0,True,1.0,2.227955016656513e-12,
scripts\PredicciónImágenes\Mass\00016808_000.png,chest_xray,1.0,True,1.0,2.7927339260602757e-12,
scripts\PredicciónImágenes\Mass\00017036_006.png,chest_xray,1.0,True,1.0,1.1344277739411268e-09,
scripts\PredicciónImágenes\Mass\00016109_001.png,chest_xray,1.0,True,1.0,3.820133986920382e-09,
scripts\PredicciónImágenes\Mass\00011454_005.png,chest_xray,0.9999977350234985,True,0.9999977350234985,2.2759979856346035e-06,
scripts\PredicciónImágenes\Mass\00023190_013.png,chest_xray,0.9999997615814209,True,0.9999997615814209,2.709497834985086e-07,
scripts\PredicciónImágenes\Mass\00019651_000.png,chest_xray,1.0,True,1.0,1.4311969144531478e-11,
scripts\PredicciónImágenes\Mass\00016039_000.png,chest_xray,1.0,True,1.0,2.0424285093051386e-12,
scripts\PredicciónImágenes\Mass\00021626_010.png,chest_xray,1.0,True,1.0,2.355697581446492e-10,
scripts\PredicciónImágenes\Mass\00010924_004.png,chest_xray,1.0,True,1.0,2.2149736905729966e-11,
scripts\PredicciónImágenes\Mass\00013467_001.png,chest_xray,1.0,True,1.0,4.775370099352472e-10,
scripts\PredicciónImágenes\Mass\00019039_000.png,chest_xray,1.0,True,1.0,2.062968545990529e-11,
scripts\PredicciónImágenes\Mass\00025828_000.png,chest_xray,1.0,True,1.0,1.3991117153722143e-09,
scripts\PredicciónImágenes\Mass\00018443_003.png,chest_xray,1.0,True,1.0,6.303705335497511e-10,
scripts\PredicciónImágenes\Mass\00009349_040.png,chest_xray,1.0,True,1.0,1.2483359831949592e-11,
scripts\PredicciónImágenes\Mass\00013499_004.png,chest_xray,1.0,True,1.0,8.490801395311109e-10,
scripts\PredicciónImágenes\Mass\00013135_000.png,chest_xray,1.0,True,1.0,4.5749953825335865e-10,
scripts\PredicciónImágenes\Mass\00018065_009.png,chest_xray,1.0,True,1.0,1.0231464113441557e-11,
scripts\PredicciónImágenes\Mass\00008881_001.png,chest_xray,1.0,True,1.0,3.821199433262645e-12,
scripts\PredicciónImágenes\Mass\00005885_000.png,chest_xray,1.0,True,1.0,4.373093887011237e-09,
scripts\PredicciónImágenes\Mass\00004858_082.png,chest_xray,1.0,True,1.0,3.338618270731786e-11,
scripts\PredicciónImágenes\Mass\00016971_038.png,chest_xray,1.0,True,1.0,4.679700030263412e-11,
scripts\PredicciónImágenes\Mass\00022653_000.png,chest_xray,1.0,True,1.0,1.386646575340933e-09,
scripts\PredicciónImágenes\Mass\00012792_000.png,chest_xray,1.0,True,1.0,3.1092272853583403e-12,
scripts\PredicciónImágenes\Mass\00010391_001.png,chest_xray,1.0,True,1.0,3.5463953822201244e-12,
scripts\PredicciónImágenes\Mass\00020437_000.png,chest_xray,1.0,True,1.0,1.5430034139285453e-08,
scripts\PredicciónImágenes\Mass\00020040_000.png,chest_xray,1.0,True,1.0,3.2213329781427547e-09,
scripts\PredicciónImágenes\Mass\00012892_012.png,chest_xray,1.0,True,1.0,6.99009669591355e-11,
scripts\PredicciónImágenes\Mass\00014018_005.png,chest_xray,1.0,True,1.0,3.978803420068289e-08,
scripts\PredicciónImágenes\Mass\00027136_004.png,chest_xray,0.9999998807907104,True,0.9999998807907104,1.5677154863169562e-07,
scripts\PredicciónImágenes\Mass\00014593_001.png,chest_xray,1.0,True,1.0,5.495874866312533e-09,
scripts\PredicciónImágenes\Mass\00013648_023.png,chest_xray,1.0,True,1.0,1.9178261756458426e-10,
scripts\PredicciónImágenes\Mass\00015112_001.png,chest_xray,1.0,True,1.0,1.2933333515263712e-08,
scripts\PredicciónImágenes\Mass\00012623_001.png,chest_xray,0.9999995231628418,True,0.9999995231628418,4.253329848324938e-07,
scripts\PredicciónImágenes\Mass\00028380_012.png,chest_xray,1.0,True,1.0,2.3225480566546608e-11,
scripts\PredicciónImágenes\Mass\00015034_003.png,chest_xray,1.0,True,1.0,4.117990670682303e-11,
scripts\PredicciónImágenes\Mass\00010992_002.png,chest_xray,0.9999998807907104,True,0.9999998807907104,6.677516495301461e-08,
scripts\PredicciónImágenes\Mass\00017235_007.png,chest_xray,1.0,True,1.0,1.5348368131995471e-09,
scripts\PredicciónImágenes\Mass\00026573_001.png,chest_xray,1.0,True,1.0,3.9192045442337786e-11,
scripts\PredicciónImágenes\Mass\00010092_044.png,chest_xray,1.0,True,1.0,2.8648940997300087e-09,
scripts\PredicciónImágenes\Mass\00013909_000.png,chest_xray,1.0,True,1.0,8.684797325742011e-10,
scripts\PredicciónImágenes\Mass\00021499_016.png,chest_xray,1.0,True,1.0,3.774648593690699e-09,
scripts\PredicciónImágenes\Mass\00014663_023.png,chest_xray,1.0,True,1.0,3.1860614146950184e-10,
scripts\PredicciónImágenes\Mass\00020047_000.png,chest_xray,1.0,True,1.0,3.7125982843555505e-10,
scripts\PredicciónImágenes\Mass\00009587_000.png,chest_xray,1.0,True,1.0,2.926917735956991e-11,
scripts\PredicciónImágenes\Mass\00028208_000.png,chest_xray,1.0,True,1.0,3.735897424750334e-10,
scripts\PredicciónImágenes\Mass\00027302_000.png,chest_xray,1.0,True,1.0,1.4539013222514274e-11,
scripts\PredicciónImágenes\Mass\00015793_000.png,chest_xray,1.0,True,1.0,3.2439828601127374e-11,
scripts\PredicciónImágenes\Mass\00003981_001.png,chest_xray,1.0,True,1.0,9.618172577829931e-12,
scripts\PredicciónImágenes\Mass\00013183_000.png,chest_xray,1.0,True,1.0,2.1330966160082454e-10,
scripts\PredicciónImágenes\Mass\00008012_000.png,chest_xray,1.0,True,1.0,1.219196299473424e-09,
scripts\PredicciónImágenes\Mass\00019378_000.png,chest_xray,0.9999998807907104,True,0.9999998807907104,6.72711664151393e-08,
scripts\PredicciónImágenes\Mass\00013937_009.png,chest_xray,1.0,True,1.0,4.60129920276664e-11,
scripts\PredicciónImágenes\Mass\00018606_011.png,chest_xray,0.9999997615814209,True,0.9999997615814209,2.583246896392666e-07,
scripts\PredicciónImágenes\Mass\00007354_028.png,chest_xray,1.0,True,1.0,1.3312758673222902e-09,
scripts\PredicciónImágenes\Mass\00014089_003.png,chest_xray,1.0,True,1.0,2.3674211896418385e-11,
scripts\PredicciónImágenes\Mass\00008189_000.png,chest_xray,1.0,True,1.0,4.0832506820187575e-10,
scripts\PredicciónImágenes\Mass\00015966_000.png,chest_xray,1.0,True,1.0,1.2576386598794898e-09,
scripts\PredicciónImágenes\Mass\00015039_013.png,chest_xray,1.0,True,1.0,1.2183906661356048e-11,
scripts\PredicciónImágenes\Mass\00007943_005.png,chest_xray,0.9999905824661255,True,0.9999905824661255,9.40362770052161e-06,
scripts\PredicciónImágenes\Mass\00022899_035.png,chest_xray,0.9999998807907104,True,0.9999998807907104,1.5714427092916594e-07,
scripts\PredicciónImágenes\Mass\00017388_001.png,chest_xray,1.0,True,1.0,3.888875679813886e-11,
scripts\PredicciónImágenes\Mass\00001948_000.png,chest_xray,0.9999998807907104,True,0.9999998807907104,1.6007335545964452e-07,
scripts\PredicciónImágenes\Mass\00004605_012.png,chest_xray,1.0,True,1.0,5.952187631663719e-10,
scripts\PredicciónImágenes\Mass\00023160_001.png,chest_xray,1.0,True,1.0,2.7214444031642415e-09,
scripts\PredicciónImágenes\Mass\00006948_001.png,chest_xray,1.0,True,1.0,8.800081496840306e-11,
scripts\PredicciónImágenes\Mass\00019013_000.png,chest_xray,1.0,True,1.0,8.583873889467242e-11,
scripts\PredicciónImágenes\Mass\00014839_001.png,chest_xray,1.0,True,1.0,3.905353037486625e-12,
scripts\PredicciónImágenes\Mass\00012735_001.png,chest_xray,1.0,True,1.0,1.1357992671379158e-11,
scripts\PredicciónImágenes\Mass\00007936_000.png,chest_xray,1.0,True,1.0,8.77483502526033e-12,
scripts\PredicciónImágenes\Mass\00027833_017.png,chest_xray,1.0,True,1.0,1.507909708209354e-08,
scripts\PredicciónImágenes\Mass\00006308_003.png,chest_xray,1.0,True,1.0,2.3758382414196255e-12,
scripts\PredicciónImágenes\Mass\00011741_009.png,chest_xray,1.0,True,1.0,1.516069492168981e-10,
scripts\PredicciónImágenes\Mass\00016526_000.png,chest_xray,1.0,True,1.0,7.057990043107809e-12,
scripts\PredicciónImágenes\Mass\00027893_003.png,chest_xray,1.0,True,1.0,6.164460608637512e-10,
scripts\PredicciónImágenes\Mass\00016588_002.png,chest_xray,1.0,True,1.0,5.0924358480086696e-11,
scripts\PredicciónImágenes\Mass\00022772_001.png,chest_xray,1.0,True,1.0,8.80238548717216e-10,
scripts\PredicciónImágenes\Mass\00004222_000.png,chest_xray,1.0,True,1.0,5.96246252371202e-09,
scripts\PredicciónImágenes\Mass\00017258_013.png,chest_xray,1.0,True,1.0,5.271633476966464e-11,
scripts\PredicciónImágenes\Mass\00000592_000.png,chest_xray,1.0,True,1.0,1.1820011636132222e-09,
scripts\PredicciónImágenes\Mass\00027230_003.png,chest_xray,1.0,True,1.0,1.1615787443020054e-08,
scripts\PredicciónImágenes\Mass\00020228_002.png,chest_xray,1.0,True,1.0,1.445536182073659e-12,
scripts\PredicciónImágenes\Mass\00016607_027.png,chest_xray,1.0,True,1.0,3.914892232614875e-08,
scripts\PredicciónImágenes\Mass\00021626_012.png,chest_xray,1.0,True,1.0,3.096887368769785e-08,
scripts\PredicciónImágenes\Mass\00025150_007.png,chest_xray,1.0,True,1.0,3.787886670991725e-11,
scripts\PredicciónImágenes\Mass\00007532_002.png,chest_xray,1.0,True,1.0,1.3531291538637635e-11,
scripts\PredicciónImágenes\Mass\00016200_008.png,chest_xray,1.0,True,1.0,3.1650699838792207e-09,
scripts\PredicciónImágenes\Mass\00008549_000.png,chest_xray,0.9986982345581055,True,0.9986982345581055,0.0013017127057537436,
scripts\PredicciónImágenes\Mass\00017747_051.png,chest_xray,1.0,True,1.0,4.805834064036674e-10,
scripts\PredicciónImágenes\Mass\00001836_044.png,chest_xray,1.0,True,1.0,5.77302339266339e-09,
scripts\PredicciónImágenes\Mass\00007487_000.png,chest_xray,1.0,True,1.0,2.0812973566819437e-09,
scripts\PredicciónImágenes\Mass\00010647_006.png,chest_xray,1.0,True,1.0,1.6470855790373662e-09,
scripts\PredicciónImágenes\Mass\00005505_001.png,chest_xray,1.0,True,1.0,8.365165449220058e-09,
scripts\PredicciónImágenes\Mass\00010032_000.png,chest_xray,1.0,True,1.0,1.1067698407057902e-12,
scripts\PredicciónImágenes\Mass\00006938_000.png,chest_xray,1.0,True,1.0,2.0831401048582165e-09,
scripts\PredicciónImágenes\Mass\00019499_005.png,chest_xray,1.0,True,1.0,1.0579788781162058e-11,
scripts\PredicciónImágenes\Mass\00026443_000.png,chest_xray,1.0,True,1.0,1.298356838708159e-10,
scripts\PredicciónImágenes\Mass\00006072_003.png,chest_xray,1.0,True,1.0,3.050092955980688e-10,
scripts\PredicciónImágenes\Mass\00015585_000.png,chest_xray,1.0,True,1.0,9.883450724501586e-10,
scripts\PredicciónImágenes\Mass\00015214_001.png,chest_xray,1.0,True,1.0,1.9810259335728553e-11,
scripts\PredicciónImágenes\Mass\00008857_000.png,chest_xray,1.0,True,1.0,1.0727867899573695e-10,
scripts\PredicciónImágenes\Mass\00020184_018.png,chest_xray,1.0,True,1.0,5.702433525378581e-10,
scripts\PredicciónImágenes\Mass\00023231_000.png,chest_xray,1.0,True,1.0,2.4015171795621626e-11,
scripts\PredicciónImágenes\Mass\00020703_006.png,chest_xray,1.0,True,1.0,9.328909866823665e-11,
scripts\PredicciónImágenes\Mass\00018640_000.png,chest_xray,1.0,True,1.0,2.504673135561575e-10,
scripts\PredicciónImágenes\Mass\00012315_013.png,chest_xray,1.0,True,1.0,2.2224999347408153e-13,
scripts\PredicciónImágenes\Mass\00016142_008.png,chest_xray,1.0,True,1.0,3.6860681174033516e-10,
scripts\PredicciónImágenes\Mass\00008147_002.png,chest_xray,1.0,True,1.0,5.7611657666711835e-09,
scripts\PredicciónImágenes\Mass\00016060_001.png,chest_xray,1.0,True,1.0,2.1032288410882671e-10,
scripts\PredicciónImágenes\Mass\00005252_000.png,chest_xray,1.0,True,1.0,1.861766851796176e-09,
scripts\PredicciónImágenes\Mass\00000248_013.png,chest_xray,0.9999984502792358,True,0.9999984502792358,1.5071641428221483e-06,
scripts\PredicciónImágenes\Mass\00013359_005.png,chest_xray,1.0,True,1.0,1.1112320785766627e-10,
scripts\PredicciónImágenes\Mass\00026382_000.png,chest_xray,0.9999966621398926,True,0.9999966621398926,3.3449225611548172e-06,
scripts\PredicciónImágenes\Mass\00018904_001.png,chest_xray,1.0,True,1.0,4.8847349776171e-11,
scripts\PredicciónImágenes\Mass\00008429_003.png,chest_xray,1.0,True,1.0,5.6887321242538036e-11,
scripts\PredicciónImágenes\Mass\00009237_007.png,chest_xray,1.0,True,1.0,5.814964829098379e-12,
scripts\PredicciónImágenes\Mass\00017089_000.png,chest_xray,1.0,True,1.0,1.741287322665208e-11,
scripts\PredicciónImágenes\Mass\00000491_021.png,chest_xray,1.0,True,1.0,6.150781217684198e-09,
scripts\PredicciónImágenes\Mass\00009023_000.png,chest_xray,1.0,True,1.0,6.600542334922466e-11,
scripts\PredicciónImágenes\Mass\00014839_009.png,chest_xray,1.0,True,1.0,3.0670559841849965e-11,
scripts\PredicciónImágenes\Mass\00012244_000.png,chest_xray,1.0,True,1.0,6.059193424778897e-11,
scripts\PredicciónImágenes\Mass\00017136_013.png,chest_xray,1.0,True,1.0,1.3597725612157774e-08,
scripts\PredicciónImágenes\Mass\00009892_002.png,chest_xray,1.0,True,1.0,1.3852501090649838e-10,
scripts\PredicciónImágenes\Mass\00006142_000.png,chest_xray,1.0,True,1.0,3.9582864763687553e-10,
scripts\PredicciónImágenes\Mass\00014663_019.png,chest_xray,1.0,True,1.0,2.68407795989134e-11,
scripts\PredicciónImágenes\Mass\00008277_001.png,chest_xray,1.0,True,1.0,2.464278347352744e-12,
scripts\PredicciónImágenes\Mass\00016971_037.png,chest_xray,1.0,True,1.0,1.1324696735925954e-08,
scripts\PredicciónImágenes\Mass\00012184_008.png,chest_xray,1.0,True,1.0,1.1502722108147623e-09,
scripts\PredicciónImágenes\Mass\00021696_000.png,chest_xray,1.0,True,1.0,1.2468136245669115e-10,
scripts\PredicciónImágenes\Mass\00026282_000.png,chest_xray,1.0,True,1.0,8.911621662832658e-09,
scripts\PredicciónImágenes\Mass\00005977_012.png,chest_xray,1.0,True,1.0,1.811536684548365e-11,
scripts\PredicciónImágenes\Mass\00006927_000.png,chest_xray,1.0,True,1.0,8.527374986688763e-12,
scripts\PredicciónImágenes\Mass\00019373_063.png,chest_xray,1.0,True,1.0,4.816903764748304e-09,
scripts\PredicciónImágenes\Mass\00021383_002.png,chest_xray,0.9999998807907104,True,0.9999998807907104,9.864494643352373e-08,
scripts\PredicciónImágenes\Mass\00010050_000.png,chest_xray,1.0,True,1.0,1.9716783761225543e-10,
scripts\PredicciónImágenes\Mass\00021835_007.png,chest_xray,1.0,True,1.0,2.2236852983970046e-11,
scripts\PredicciónImágenes\Mass\00025635_005.png,chest_xray,0.9999997615814209,True,0.9999997615814209,2.2592307402646838e-07,
scripts\PredicciónImágenes\Mass\00012141_003.png,chest_xray,1.0,True,1.0,2.786694963674563e-08,
scripts\PredicciónImágenes\Mass\00027391_001.png,chest_xray,1.0,True,1.0,1.618720782414762e-11,
scripts\PredicciónImágenes\Mass\00011130_005.png,chest_xray,1.0,True,1.0,1.000991026178788e-10,
scripts\PredicciónImágenes\Mass\00002510_005.png,chest_xray,1.0,True,1.0,3.5186280555876692e-09,
scripts\PredicciónImágenes\Mass\00006856_005.png,chest_xray,1.0,True,1.0,7.012517649895855e-11,
scripts\PredicciónImágenes\Mass\00014404_002.png,chest_xray,1.0,True,1.0,3.912764209856867e-12,
scripts\PredicciónImágenes\Mass\00016544_004.png,chest_xray,1.0,True,1.0,2.7203077568316303e-09,
scripts\PredicciónImágenes\Mass\00019373_029.png,chest_xray,0.9999791383743286,True,0.9999791383743286,2.0891648091492243e-05,
scripts\PredicciónImágenes\Mass\00030158_002.png,chest_xray,1.0,True,1.0,2.4378077334574755e-09,
scripts\PredicciónImágenes\Mass\00028161_000.png,chest_xray,1.0,True,1.0,5.6200817333262876e-09,
scripts\PredicciónImágenes\Mass\00016778_026.png,chest_xray,0.9999973773956299,True,0.9999973773956299,2.6654361136024818e-06,
scripts\PredicciónImágenes\Mass\00017262_005.png,chest_xray,1.0,True,1.0,3.1398009192606935e-11,
scripts\PredicciónImágenes\Mass\00008746_000.png,chest_xray,1.0,True,1.0,3.603003854470155e-13,
scripts\PredicciónImágenes\Mass\00028545_001.png,chest_xray,1.0,True,1.0,1.1948966393161148e-13,
scripts\PredicciónImágenes\Mass\00018860_001.png,chest_xray,1.0,True,1.0,9.287653979228594e-10,
scripts\PredicciónImágenes\Mass\00007190_000.png,chest_xray,1.0,True,1.0,2.3583207869187772e-12,
scripts\PredicciónImágenes\Mass\00014653_000.png,chest_xray,1.0,True,1.0,5.368788080772902e-09,
scripts\PredicciónImágenes\Mass\00029041_002.png,chest_xray,1.0,True,1.0,2.7522334633545142e-08,
scripts\PredicciónImágenes\Mass\00004435_002.png,chest_xray,1.0,True,1.0,1.1172401198633608e-10,
scripts\PredicciónImágenes\Mass\00029943_013.png,chest_xray,0.9999910593032837,True,0.9999910593032837,8.963925210991874e-06,
scripts\PredicciónImágenes\Mass\00020156_008.png,chest_xray,1.0,True,1.0,2.852168723421755e-09,
scripts\PredicciónImágenes\Mass\00014584_004.png,chest_xray,1.0,True,1.0,2.2229983479005178e-11,
scripts\PredicciónImágenes\Mass\00017846_003.png,chest_xray,1.0,True,1.0,4.2043180048523254e-10,
scripts\PredicciónImágenes\Mass\00021616_002.png,chest_xray,0.9999995231628418,True,0.9999995231628418,4.810034397451091e-07,
scripts\PredicciónImágenes\Mass\00018101_006.png,chest_xray,1.0,True,1.0,1.193552812139842e-09,
scripts\PredicciónImágenes\Mass\00008612_002.png,chest_xray,1.0,True,1.0,1.616766054368668e-09,
scripts\PredicciónImágenes\Mass\00014663_005.png,chest_xray,1.0,True,1.0,1.11794893342676e-08,
scripts\PredicciónImágenes\Mass\00016358_000.png,chest_xray,1.0,True,1.0,1.9705956311177886e-10,
scripts\PredicciónImágenes\Mass\00005935_005.png,chest_xray,1.0,True,1.0,7.355604320080644e-11,
scripts\PredicciónImágenes\Mass\00014636_000.png,chest_xray,1.0,True,1.0,1.0212640733087142e-09,
scripts\PredicciónImágenes\Mass\00020455_006.png,chest_xray,1.0,True,1.0,1.2866623322338455e-09,
scripts\PredicciónImágenes\Mass\00005512_003.png,chest_xray,1.0,True,1.0,8.169013243630729e-10,
scripts\PredicciónImágenes\Mass\00017364_000.png,chest_xray,1.0,True,1.0,1.6809431624409399e-09,
scripts\PredicciónImágenes\Mass\00025825_003.png,chest_xray,1.0,True,1.0,2.510013724643656e-11,
scripts\PredicciónImágenes\Mass\00030072_000.png,chest_xray,1.0,True,1.0,9.260686835432796e-12,
scripts\PredicciónImágenes\Mass\00017258_014.png,chest_xray,1.0,True,1.0,3.995820063718014e-10,
scripts\PredicciónImágenes\Mass\00018249_008.png,chest_xray,1.0,True,1.0,5.587809659424181e-10,
scripts\PredicciónImágenes\Mass\00005872_000.png,chest_xray,1.0,True,1.0,1.329708045061384e-12,
scripts\PredicciónImágenes\Mass\00002073_000.png,chest_xray,1.0,True,1.0,1.7742797453479398e-08,
scripts\PredicciónImágenes\Mass\00011504_004.png,chest_xray,1.0,True,1.0,9.788349991657341e-11,
scripts\PredicciónImágenes\Mass\00000248_015.png,chest_xray,1.0,True,1.0,8.314358979077952e-09,
scripts\PredicciónImágenes\Mass\00017668_000.png,chest_xray,1.0,True,1.0,5.056471907849414e-10,
scripts\PredicciónImágenes\Mass\00016871_000.png,chest_xray,1.0,True,1.0,1.0319704119021722e-10,
scripts\PredicciónImágenes\Mass\00009093_000.png,chest_xray,1.0,True,1.0,1.908343705281368e-09,
scripts\PredicciónImágenes\Mass\00003746_001.png,chest_xray,1.0,True,1.0,4.614167936622948e-10,
scripts\PredicciónImágenes\Mass\00014588_000.png,chest_xray,1.0,True,1.0,2.355250927621455e-08,
scripts\PredicciónImágenes\Mass\00015549_002.png,chest_xray,1.0,True,1.0,7.456437134401028e-10,
scripts\PredicciónImágenes\Mass\00005244_000.png,chest_xray,1.0,True,1.0,1.8192305301090173e-11,
scripts\PredicciónImágenes\Mass\00000091_003.png,chest_xray,1.0,True,1.0,2.920666486438961e-11,
scripts\PredicciónImágenes\Mass\00009654_000.png,chest_xray,1.0,True,1.0,7.491451903263169e-09,
scripts\PredicciónImágenes\Mass\00011355_055.png,chest_xray,1.0,True,1.0,2.522098918600335e-10,
scripts\PredicciónImágenes\Mass\00019924_000.png,chest_xray,1.0,True,1.0,4.704938522115398e-11,
scripts\PredicciónImágenes\Mass\00018373_001.png,chest_xray,1.0,True,1.0,6.587148188019754e-11,
scripts\PredicciónImágenes\Mass\00004156_001.png,chest_xray,1.0,True,1.0,2.9915479815567636e-11,
scripts\PredicciónImágenes\Mass\00015187_000.png,chest_xray,0.9999998807907104,True,0.9999998807907104,7.36111687160701e-08,
scripts\PredicciónImágenes\Mass\00029755_009.png,chest_xray,1.0,True,1.0,2.6291953059143225e-09,
scripts\PredicciónImágenes\Mass\00016086_001.png,chest_xray,1.0,True,1.0,4.402032516281906e-09,
scripts\PredicciónImágenes\Mass\00011899_001.png,chest_xray,1.0,True,1.0,2.2370283403461144e-09,
scripts\PredicciónImágenes\Mass\00019871_002.png,chest_xray,1.0,True,1.0,1.1648315992318636e-11,
scripts\PredicciónImágenes\Mass\00017467_013.png,chest_xray,0.9999998807907104,True,0.9999998807907104,6.991453460614139e-08,
scripts\PredicciónImágenes\Mass\00011355_059.png,chest_xray,1.0,True,1.0,1.4947721879710052e-11,
scripts\PredicciónImágenes\Mass\00010923_000.png,chest_xray,1.0,True,1.0,2.5295349814768997e-08,
scripts\PredicciónImágenes\Mass\00014265_009.png,chest_xray,1.0,True,1.0,4.427288743946711e-11,
scripts\PredicciónImágenes\Mass\00027564_005.png,chest_xray,1.0,True,1.0,1.5717491197442257e-10,
scripts\PredicciónImágenes\Mass\00013219_012.png,chest_xray,1.0,True,1.0,2.1235213587544877e-09,
scripts\PredicciónImágenes\Mass\00016064_013.png,chest_xray,1.0,True,1.0,2.6011230946920705e-09,
scripts\PredicciónImágenes\Mass\00027556_001.png,chest_xray,1.0,True,1.0,5.79722136961891e-09,
scripts\PredicciónImágenes\Mass\00004858_046.png,chest_xray,0.9999998807907104,True,0.9999998807907104,1.7139119279363513e-07,
scripts\PredicciónImágenes\Mass\00014358_001.png,chest_xray,1.0,True,1.0,4.667409791991872e-10,
scripts\PredicciónImágenes\Mass\00001808_000.png,chest_xray,1.0,True,1.0,2.0865320582430513e-09,
scripts\PredicciónImágenes\Mass\00006818_000.png,chest_xray,1.0,True,1.0,7.025946491268087e-11,
scripts\PredicciónImágenes\Mass\00025158_000.png,chest_xray,1.0,True,1.0,2.2610652933297004e-11,
scripts\PredicciónImágenes\Mass\00020430_001.png,chest_xray,1.0,True,1.0,8.40313651995217e-11,
scripts\PredicciónImágenes\Mass\00025570_000.png,chest_xray,1.0,True,1.0,2.0180812576597873e-10,
scripts\PredicciónImágenes\Mass\00016958_001.png,chest_xray,1.0,True,1.0,4.821108789965223e-11,
scripts\PredicciónImágenes\Mass\00011355_057.png,chest_xray,1.0,True,1.0,4.174158414749218e-12,
scripts\PredicciónImágenes\Mass\00016988_001.png,chest_xray,1.0,True,1.0,5.886565540569322e-11,
scripts\PredicciónImágenes\Mass\00017383_000.png,chest_xray,1.0,True,1.0,9.841253506559511e-11,
scripts\PredicciónImágenes\Mass\00023138_000.png,chest_xray,1.0,True,1.0,8.440644710949741e-11,
scripts\PredicciónImágenes\Mass\00018447_002.png,chest_xray,1.0,True,1.0,5.852122120231229e-10,
scripts\PredicciónImágenes\Mass\00019634_010.png,chest_xray,1.0,True,1.0,5.8738871544505855e-09,
scripts\PredicciónImágenes\Mass\00014663_006.png,chest_xray,1.0,True,1.0,1.938846860838339e-09,
scripts\PredicciónImágenes\Mass\00021167_000.png,chest_xray,1.0,True,1.0,4.126830543960125e-10,
scripts\PredicciónImágenes\Mass\00027833_009.png,chest_xray,0.9999998807907104,True,0.9999998807907104,9.096928721419317e-08,
scripts\PredicciónImágenes\Mass\00007886_004.png,chest_xray,1.0,True,1.0,1.2090203838077684e-10,
scripts\PredicciónImágenes\Mass\00016258_000.png,chest_xray,1.0,True,1.0,6.933900675853977e-11,
scripts\PredicciónImágenes\Mass\00010032_010.png,chest_xray,1.0,True,1.0,6.696999621524924e-10,
scripts\PredicciónImágenes\Mass\00022444_003.png,chest_xray,1.0,True,1.0,6.367056881728672e-11,
scripts\PredicciónImágenes\Mass\00015915_008.png,chest_xray,1.0,True,1.0,1.5160240840472738e-09,
scripts\PredicciónImágenes\Mass\00011943_002.png,chest_xray,1.0,True,1.0,2.802747478547474e-10,
scripts\PredicciónImágenes\Mass\00015549_001.png,chest_xray,1.0,True,1.0,1.0653188553533255e-08,
scripts\PredicciónImágenes\Mass\00007932_010.png,chest_xray,1.0,True,1.0,2.1140840467115396e-10,
scripts\PredicciónImágenes\Mass\00029481_006.png,chest_xray,1.0,True,1.0,5.4062670784560396e-08,
scripts\PredicciónImágenes\Mass\00023303_000.png,chest_xray,1.0,True,1.0,3.221245215012658e-10,
scripts\PredicciónImágenes\Mass\00011430_000.png,chest_xray,1.0,True,1.0,3.5706552298231387e-11,
scripts\PredicciónImágenes\Mass\00021811_002.png,chest_xray,1.0,True,1.0,1.7626080595078975e-09,
scripts\PredicciónImágenes\Mass\00028081_000.png,chest_xray,1.0,True,1.0,3.357082167809722e-09,
scripts\PredicciónImágenes\Mass\00019131_000.png,chest_xray,1.0,True,1.0,7.713935601394439e-10,
scripts\PredicciónImágenes\Mass\00014583_000.png,chest_xray,1.0,True,1.0,3.3010365996233304e-08,
scripts\PredicciónImágenes\Mass\00018663_004.png,chest_xray,1.0,True,1.0,1.158029783177028e-09,
scripts\PredicciónImágenes\Mass\00005632_000.png,chest_xray,0.9999998807907104,True,0.9999998807907104,1.0424966490063525e-07,
scripts\PredicciónImágenes\Mass\00004712_000.png,chest_xray,1.0,True,1.0,4.772056083623966e-10,
scripts\PredicciónImágenes\Mass\00009421_003.png,chest_xray,0.9999998807907104,True,0.9999998807907104,1.1296699398144483e-07,
scripts\PredicciónImágenes\Mass\00010105_000.png,chest_xray,1.0,True,1.0,3.857992680877942e-08,
scripts\PredicciónImágenes\Mass\00030682_000.png,chest_xray,1.0,True,1.0,1.777557656623685e-09,
scripts\PredicciónImágenes\Mass\00016587_054.png,chest_xray,1.0,True,1.0,2.3583244246339063e-09,
scripts\PredicciónImágenes\Mass\00021264_005.png,chest_xray,1.0,True,1.0,3.9164266274482884e-10,
scripts\PredicciónImágenes\Mass\00017618_035.png,chest_xray,1.0,True,1.0,5.518434598172917e-10,
scripts\PredicciónImágenes\Mass\00001158_001.png,chest_xray,1.0,True,1.0,6.646366790263869e-10,
scripts\PredicciónImágenes\Mass\00006173_000.png,chest_xray,1.0,True,1.0,5.510456674295838e-12,
scripts\PredicciónImágenes\Mass\00028505_000.png,chest_xray,1.0,True,1.0,5.4281946992862373e-11,
scripts\PredicciónImágenes\Mass\00029570_007.png,chest_xray,1.0,True,1.0,5.9294600340820125e-09,
scripts\PredicciónImágenes\Mass\00022837_037.png,chest_xray,1.0,True,1.0,1.3478962390678362e-09,
scripts\PredicciónImágenes\Mass\00029796_001.png,chest_xray,1.0,True,1.0,1.7558344111989754e-08,
scripts\PredicciónImágenes\Mass\00009939_000.png,chest_xray,1.0,True,1.0,2.868424942015224e-10,
scripts\PredicciónImágenes\Mass\00027441_027.png,chest_xray,0.9999992847442627,True,0.9999992847442627,7.710940508331987e-07,
scripts\PredicciónImágenes\Mass\00026113_000.png,chest_xray,1.0,True,1.0,2.2790946213602226e-11,
scripts\PredicciónImágenes\Mass\00001501_003.png,chest_xray,0.9999995231628418,True,0.9999995231628418,4.825899964089331e-07,
scripts\PredicciónImágenes\Mass\00012485_003.png,chest_xray,1.0,True,1.0,3.2000658633374313e-12,
scripts\PredicciónImágenes\Mass\00018284_020.png,chest_xray,1.0,True,1.0,5.906658717691471e-09,
scripts\PredicciónImágenes\Mass\00004519_007.png,chest_xray,1.0,True,1.0,1.154444539963606e-08,
scripts\PredicciónImágenes\Mass\00011939_001.png,chest_xray,0.999998927116394,True,0.999998927116394,1.042000235429441e-06,
scripts\PredicciónImágenes\Mass\00026330_002.png,chest_xray,1.0,True,1.0,7.664328373346851e-12,
scripts\PredicciónImágenes\Mass\00013446_000.png,chest_xray,1.0,True,1.0,1.73313796647534e-09,
scripts\PredicciónImágenes\Mass\00018663_001.png,chest_xray,1.0,True,1.0,3.906725637436992e-11,
scripts\PredicciónImágenes\Mass\00003635_000.png,chest_xray,1.0,True,1.0,2.042750135711202e-10,
scripts\PredicciónImágenes\Mass\00017235_005.png,chest_xray,1.0,True,1.0,5.862341168061391e-11,
scripts\PredicciónImágenes\Mass\00006198_000.png,chest_xray,1.0,True,1.0,1.590352294300601e-10,
scripts\PredicciónImágenes\Mass\00009848_000.png,chest_xray,1.0,True,1.0,1.6484442255659815e-08,
scripts\PredicciónImágenes\Mass\00016521_008.png,chest_xray,1.0,True,1.0,7.433376136845027e-10,
scripts\PredicciónImágenes\Mass\00001182_008.png,chest_xray,1.0,True,1.0,8.450031473150599e-12,
scripts\PredicciónImágenes\Mass\00010744_005.png,chest_xray,1.0,True,1.0,7.531050449927079e-09,
scripts\PredicciónImágenes\Mass\00000711_005.png,chest_xray,1.0,True,1.0,2.634173434934439e-10,
scripts\PredicciónImágenes\Mass\00012588_000.png,chest_xray,1.0,True,1.0,1.2541639601848509e-11,
scripts\PredicciónImágenes\Mass\00004605_020.png,chest_xray,1.0,True,1.0,4.566434452790702e-10,
scripts\PredicciónImágenes\Mass\00011548_001.png,chest_xray,1.0,True,1.0,2.7816790537649183e-10,
scripts\PredicciónImágenes\Mass\00019767_007.png,chest_xray,1.0,True,1.0,9.390164201761309e-10,
scripts\PredicciónImágenes\Mass\00002759_001.png,chest_xray,1.0,True,1.0,2.7110552691667067e-10,
scripts\PredicciónImágenes\Mass\00016778_050.png,chest_xray,0.9999998807907104,True,0.9999998807907104,1.0271175909792873e-07,
scripts\PredicciónImágenes\Mass\00017297_001.png,chest_xray,1.0,True,1.0,4.1591480259839386e-11,
scripts\PredicciónImágenes\Mass\00029267_001.png,chest_xray,1.0,True,1.0,5.571118322222901e-08,
scripts\PredicciónImágenes\Mass\00018588_004.png,chest_xray,1.0,True,1.0,4.8988377798764304e-09,
scripts\PredicciónImágenes\Mass\00012525_002.png,chest_xray,1.0,True,1.0,2.1290665230822015e-08,
scripts\PredicciónImágenes\Mass\00012660_003.png,chest_xray,1.0,True,1.0,3.7758421389533225e-10,
scripts\PredicciónImágenes\Mass\00027739_000.png,chest_xray,1.0,True,1.0,3.473202975223799e-11,
scripts\PredicciónImágenes\Mass\00010215_002.png,chest_xray,1.0,True,1.0,4.670446251964222e-10,
scripts\PredicciónImágenes\Mass\00026810_004.png,chest_xray,1.0,True,1.0,3.2202746025333795e-10,
scripts\PredicciónImágenes\Mass\00000710_004.png,chest_xray,1.0,True,1.0,1.5242285211769513e-10,
scripts\PredicciónImágenes\Mass\00015486_001.png,chest_xray,1.0,True,1.0,2.640944685161628e-10,
scripts\PredicciónImágenes\Mass\00014607_000.png,chest_xray,1.0,True,1.0,8.71299837834627e-11,
scripts\PredicciónImágenes\Mass\00012001_002.png,chest_xray,1.0,True,1.0,4.363764105619339e-08,
scripts\PredicciónImágenes\Mass\00012525_003.png,chest_xray,1.0,True,1.0,5.625014676269302e-09,
scripts\PredicciónImágenes\Mass\00002361_006.png,chest_xray,1.0,True,1.0,6.350746595273904e-10,
scripts\PredicciónImágenes\Mass\00017266_000.png,chest_xray,1.0,True,1.0,2.737229642946204e-08,
scripts\PredicciónImágenes\Mass\00015196_010.png,chest_xray,1.0,True,1.0,2.0124559796386166e-08,
scripts\PredicciónImágenes\Mass\00021049_001.png,chest_xray,1.0,True,1.0,1.6506527700244078e-08,
scripts\PredicciónImágenes\Mass\00000103_000.png,chest_xray,1.0,True,1.0,1.2215140010596315e-10,
scripts\PredicciónImágenes\Mass\00018744_000.png,chest_xray,1.0,True,1.0,1.975969214640383e-11,
scripts\PredicciónImágenes\Mass\00011925_069.png,chest_xray,1.0,True,1.0,1.7184145217896685e-09,
scripts\PredicciónImágenes\Mass\00015369_004.png,chest_xray,1.0,True,1.0,5.0011124130833196e-09,
scripts\PredicciónImágenes\Mass\00016325_006.png,chest_xray,1.0,True,1.0,7.125323334827849e-12,
scripts\PredicciónImágenes\Mass\00029118_008.png,chest_xray,1.0,True,1.0,2.4450230035055753e-11,
scripts\PredicciónImágenes\Mass\00022948_000.png,chest_xray,1.0,True,1.0,2.6449675782913573e-10,
scripts\PredicciónImágenes\Mass\00011943_001.png,chest_xray,1.0,True,1.0,6.016939030351054e-11,
scripts\PredicciónImágenes\Mass\00006642_001.png,chest_xray,1.0,True,1.0,2.4784232444119425e-09,
scripts\PredicciónImágenes\Mass\00012161_003.png,chest_xray,1.0,True,1.0,1.5745689474488955e-11,
scripts\PredicciónImágenes\Mass\00011804_009.png,chest_xray,1.0,True,1.0,7.735682650000797e-10,
scripts\PredicciónImágenes\Mass\00014265_026.png,chest_xray,1.0,True,1.0,4.969777922525509e-10,
scripts\PredicciónImágenes\Mass\00007691_003.png,chest_xray,1.0,True,1.0,5.64605029396148e-09,
scripts\PredicciónImágenes\Mass\00027833_005.png,chest_xray,1.0,True,1.0,3.105994073049345e-10,
scripts\PredicciónImágenes\Mass\00004302_000.png,chest_xray,1.0,True,1.0,6.268252028540644e-10,
scripts\PredicciónImágenes\Mass\00013342_010.png,chest_xray,1.0,True,1.0,2.4753334937344107e-09,
scripts\PredicciónImágenes\Mass\00002361_011.png,chest_xray,1.0,True,1.0,5.001662972681231e-10,
scripts\PredicciónImágenes\Mass\00018091_028.png,chest_xray,1.0,True,1.0,3.668629636188747e-11,
scripts\PredicciónImágenes\Mass\00021293_000.png,chest_xray,1.0,True,1.0,2.495478129693751e-11,
scripts\PredicciónImágenes\Mass\00008008_001.png,chest_xray,1.0,True,1.0,1.1964942057962613e-11,
scripts\PredicciónImágenes\Mass\00013627_001.png,chest_xray,1.0,True,1.0,7.131679691241288e-10,
scripts\PredicciónImágenes\Mass\00016240_008.png,chest_xray,1.0,True,1.0,9.17773856912163e-09,
scripts\PredicciónImágenes\Mass\00014398_007.png,chest_xray,1.0,True,1.0,2.80532841401282e-08,
scripts\PredicciónImágenes\Mass\00013896_004.png,chest_xray,0.9999998807907104,True,0.9999998807907104,1.272095602189438e-07,
scripts\PredicciónImágenes\Mass\00012804_002.png,chest_xray,1.0,True,1.0,9.621443919360928e-11,
scripts\PredicciónImágenes\Mass\00023190_016.png,chest_xray,1.0,True,1.0,7.252659806056272e-09,
scripts\PredicciónImágenes\Mass\00004858_021.png,chest_xray,0.9999980926513672,True,0.9999980926513672,1.9233689272368792e-06,
scripts\PredicciónImágenes\Mass\00016276_000.png,chest_xray,1.0,True,1.0,2.1406378891697386e-09,
scripts\PredicciónImágenes\Mass\00025361_000.png,chest_xray,1.0,True,1.0,3.5510150375728244e-10,
scripts\PredicciónImágenes\Mass\00016094_020.png,chest_xray,1.0,True,1.0,3.5269543362248523e-12,
scripts\PredicciónImágenes\Mass\00013648_019.png,chest_xray,1.0,True,1.0,5.4561796053453904e-11,
scripts\PredicciónImágenes\Mass\00001119_000.png,chest_xray,1.0,True,1.0,7.305601436302656e-12,
scripts\PredicciónImágenes\Mass\00016719_027.png,chest_xray,1.0,True,1.0,1.2167789345540747e-11,
scripts\PredicciónImágenes\Mass\00001900_014.png,chest_xray,1.0,True,1.0,1.9659189831600088e-09,
scripts\PredicciónImágenes\Mass\00011899_000.png,chest_xray,1.0,True,1.0,4.2083634355094546e-09,
scripts\PredicciónImágenes\Mass\00017448_007.png,chest_xray,0.9999998807907104,True,0.9999998807907104,6.58346479553984e-08,
scripts\PredicciónImágenes\Mass\00019441_005.png,chest_xray,1.0,True,1.0,8.589999545005611e-11,
scripts\PredicciónImágenes\Mass\00002510_001.png,chest_xray,1.0,True,1.0,8.347911251149753e-11,
scripts\PredicciónImágenes\Mass\00003533_001.png,chest_xray,1.0,True,1.0,3.854513062895304e-12,
scripts\PredicciónImágenes\Mass\00026975_001.png,chest_xray,1.0,True,1.0,1.8490858844089075e-10,
scripts\PredicciónImágenes\Mass\00020703_015.png,chest_xray,1.0,True,1.0,1.2392203929678658e-09,
scripts\PredicciónImágenes\Mass\00022058_000.png,chest_xray,1.0,True,1.0,4.000303976958719e-10,
scripts\PredicciónImágenes\Mass\00014018_000.png,chest_xray,1.0,True,1.0,4.496667482811745e-10,
scripts\PredicciónImágenes\Mass\00018225_001.png,chest_xray,1.0,True,1.0,1.002102845149011e-10,
scripts\PredicciónImágenes\Mass\00008561_000.png,chest_xray,1.0,True,1.0,8.763537118205988e-10,
scripts\PredicciónImágenes\Mass\00018010_001.png,chest_xray,1.0,True,1.0,3.2330034205330094e-09,
scripts\PredicciónImágenes\Mass\00018011_012.png,chest_xray,1.0,True,1.0,1.9958399516406544e-11,
scripts\PredicciónImágenes\Mass\00009183_001.png,chest_xray,1.0,True,1.0,3.786600893951331e-11,
scripts\PredicciónImágenes\Mass\00015915_010.png,chest_xray,1.0,True,1.0,1.173938377063699e-11,
scripts\PredicciónImágenes\Mass\00029213_002.png,chest_xray,0.9999696016311646,True,0.9999696016311646,3.0406794394366443e-05,
scripts\PredicciónImágenes\Mass\00029532_002.png,chest_xray,1.0,True,1.0,4.2718890647108765e-09,
scripts\PredicciónImágenes\Mass\00002466_002.png,chest_xray,1.0,True,1.0,2.4560233846671053e-09,
scripts\PredicciónImágenes\Mass\00026004_001.png,chest_xray,1.0,True,1.0,6.744991370988274e-11,
scripts\PredicciónImágenes\Mass\00011478_002.png,chest_xray,1.0,True,1.0,1.5102519235199452e-09,
scripts\PredicciónImágenes\Mass\00025368_009.png,chest_xray,1.0,True,1.0,3.762457900791105e-09,
scripts\PredicciónImágenes\Mass\00003150_001.png,chest_xray,1.0,True,1.0,1.3484972860577926e-10,
scripts\PredicciónImágenes\Mass\00004547_002.png,chest_xray,1.0,True,1.0,9.892933000577031e-11,
scripts\PredicciónImágenes\Mass\00019373_031.png,chest_xray,0.9999994039535522,True,0.9999994039535522,5.993381364532979e-07,
scripts\PredicciónImágenes\Mass\00009113_000.png,chest_xray,1.0,True,1.0,7.631568987864767e-11,
scripts\PredicciónImágenes\Mass\00016587_053.png,chest_xray,1.0,True,1.0,3.7703621558193845e-08,
scripts\PredicciónImágenes\Mass\00018101_014.png,chest_xray,1.0,True,1.0,2.4680026911028108e-09,
scripts\PredicciónImágenes\Mass\00018284_017.png,chest_xray,1.0,True,1.0,2.644213559221953e-08,
scripts\PredicciónImágenes\Mass\00006948_023.png,chest_xray,1.0,True,1.0,5.401904257240631e-09,
scripts\PredicciónImágenes\Mass\00022139_001.png,chest_xray,1.0,True,1.0,1.9056146938201124e-10,
scripts\PredicciónImágenes\Mass\00003423_010.png,chest_xray,1.0,True,1.0,1.8461688844340074e-09,
scripts\PredicciónImágenes\Mass\00014398_012.png,chest_xray,1.0,True,1.0,6.6035461543378915e-09,
scripts\PredicciónImágenes\Mass\00019145_000.png,chest_xray,1.0,True,1.0,8.682345953303638e-10,
scripts\PredicciónImágenes\Mass\00017478_000.png,chest_xray,1.0,True,1.0,1.901547322380459e-11,
scripts\PredicciónImágenes\Mass\00018281_000.png,chest_xray,1.0,True,1.0,8.874418977455889e-10,
scripts\PredicciónImágenes\Mass\00028235_000.png,chest_xray,1.0,True,1.0,6.89022616739976e-10,
scripts\PredicciónImágenes\Mass\00008009_023.png,chest_xray,1.0,True,1.0,1.0856856524910086e-09,
scripts\PredicciónImágenes\Mass\00030111_001.png,chest_xray,0.9999998807907104,True,0.9999998807907104,1.2206771771161584e-07,
scripts\PredicciónImágenes\Mass\00028890_009.png,chest_xray,0.9999986886978149,True,0.9999986886978149,1.2592062148542027e-06,
scripts\PredicciónImágenes\Mass\00027833_000.png,chest_xray,1.0,True,1.0,3.57806442252695e-08,
scripts\PredicciónImágenes\Mass\00016238_000.png,chest_xray,1.0,True,1.0,7.864541483326715e-12,
scripts\PredicciónImágenes\Mass\00008807_000.png,chest_xray,0.9999998807907104,True,0.9999998807907104,1.668948641508905e-07,
scripts\PredicciónImágenes\Mass\00018065_001.png,chest_xray,1.0,True,1.0,4.128623831700651e-11,
scripts\PredicciónImágenes\Mass\00021487_000.png,chest_xray,0.9999991655349731,True,0.9999991655349731,8.05345280241454e-07,
scripts\PredicciónImágenes\Mass\00022837_053.png,chest_xray,0.9999997615814209,True,0.9999997615814209,2.843577817657206e-07,
scripts\PredicciónImágenes\Mass\00018641_003.png,chest_xray,1.0,True,1.0,1.2268749904897902e-10,
scripts\PredicciónImágenes\Mass\00012315_006.png,chest_xray,1.0,True,1.0,3.6980942613729084e-11,
scripts\PredicciónImágenes\Mass\00020274_001.png,chest_xray,1.0,True,1.0,3.333532916371951e-08,
scripts\PredicciónImágenes\Mass\00026810_003.png,chest_xray,1.0,True,1.0,3.419840521878825e-10,
scripts\PredicciónImágenes\Mass\00028626_002.png,chest_xray,1.0,True,1.0,4.0621139785201876e-10,
scripts\PredicciónImágenes\Mass\00029207_008.png,chest_xray,1.0,True,1.0,8.219872005277296e-10,
scripts\PredicciónImágenes\Mass\00006601_000.png,chest_xray,1.0,True,1.0,3.6094249117324395e-11,
scripts\PredicciónImágenes\Mass\00002008_000.png,chest_xray,1.0,True,1.0,1.6346474174255832e-10,
scripts\PredicciónImágenes\Mass\00010433_010.png,chest_xray,1.0,True,1.0,1.526877291269102e-09,
scripts\PredicciónImágenes\Mass\00016986_002.png,chest_xray,1.0,True,1.0,2.447920685599847e-11,
scripts\PredicciónImágenes\Mass\00017656_000.png,chest_xray,1.0,True,1.0,5.882191400630177e-10,
scripts\PredicciónImágenes\Mass\00000592_002.png,chest_xray,1.0,True,1.0,3.399159079209291e-11,
scripts\PredicciónImágenes\Mass\00009608_038.png,chest_xray,1.0,True,1.0,2.3703528029273002e-08,
scripts\PredicciónImágenes\Mass\00010294_042.png,chest_xray,1.0,True,1.0,9.93359908219027e-12,
scripts\PredicciónImágenes\Mass\00019545_001.png,chest_xray,1.0,True,1.0,5.480526032997091e-10,
scripts\PredicciónImágenes\Mass\00013627_002.png,chest_xray,1.0,True,1.0,8.533188045056761e-11,
scripts\PredicciónImágenes\Mass\00013523_007.png,chest_xray,1.0,True,1.0,1.283524259099167e-10,
scripts\PredicciónImágenes\Mass\00019124_075.png,chest_xray,1.0,True,1.0,7.295773707394204e-11,
scripts\PredicciónImágenes\Mass\00018373_002.png,chest_xray,1.0,True,1.0,1.688519324360982e-10,
scripts\PredicciónImágenes\Mass\00005410_004.png,chest_xray,1.0,True,1.0,2.3796196124692415e-09,
scripts\PredicciónImágenes\Mass\00010092_043.png,chest_xray,1.0,True,1.0,2.4701090950429716e-08,
scripts\PredicciónImágenes\Mass\00030159_000.png,chest_xray,1.0,True,1.0,1.5768606420607512e-09,
scripts\PredicciónImágenes\Mass\00018331_000.png,chest_xray,1.0,True,1.0,2.2483005041040727e-12,
scripts\PredicciónImágenes\Mass\00013992_024.png,chest_xray,1.0,True,1.0,9.552598295714532e-11,
scripts\PredicciónImágenes\Mass\00021455_008.png,chest_xray,1.0,True,1.0,1.0307974092349514e-11,
scripts\PredicciónImágenes\Mass\00004833_004.png,chest_xray,0.9999998807907104,True,0.9999998807907104,1.6978940209355642e-07,
scripts\PredicciónImágenes\Mass\00014753_001.png,chest_xray,0.9999996423721313,True,0.9999996423721313,3.133219763640227e-07,
scripts\PredicciónImágenes\Mass\00018101_012.png,chest_xray,1.0,True,1.0,2.0298100977811373e-09,
scripts\PredicciónImágenes\Mass\00029532_001.png,chest_xray,0.9999996423721313,True,0.9999996423721313,3.5246756624474074e-07,
scripts\PredicciónImágenes\Mass\00015039_008.png,chest_xray,1.0,True,1.0,3.240309409680009e-11,
scripts\PredicciónImágenes\Mass\00007264_000.png,chest_xray,1.0,True,1.0,1.999963042398356e-11,
scripts\PredicciónImágenes\Mass\00015167_000.png,chest_xray,1.0,True,1.0,4.848697832127158e-12,
scripts\PredicciónImágenes\Mass\00009485_004.png,chest_xray,1.0,True,1.0,7.474260793616239e-11,
scripts\PredicciónImágenes\Mass\00010584_001.png,chest_xray,1.0,True,1.0,5.177804851541623e-10,
scripts\PredicciónImágenes\Mass\00013265_002.png,chest_xray,1.0,True,1.0,2.9752467156640705e-10,
scripts\PredicciónImágenes\Mass\00019373_010.png,chest_xray,1.0,True,1.0,3.018944427779502e-09,
scripts\PredicciónImágenes\Mass\00020821_000.png,chest_xray,1.0,True,1.0,4.437982070726321e-08,
scripts\PredicciónImágenes\Mass\00017685_004.png,chest_xray,1.0,True,1.0,1.021600581907478e-10,
scripts\PredicciónImágenes\Mass\00007534_021.png,chest_xray,1.0,True,1.0,1.3026040246444381e-09,
scripts\PredicciónImágenes\Mass\00001005_000.png,chest_xray,1.0,True,1.0,1.852038522542898e-08,
scripts\PredicciónImágenes\Mass\00009349_039.png,chest_xray,1.0,True,1.0,8.431215448023721e-11,
scripts\PredicciónImágenes\Mass\00011804_005.png,chest_xray,1.0,True,1.0,2.3359214562646e-10,
scripts\PredicciónImágenes\Mass\00018080_002.png,chest_xray,1.0,True,1.0,3.75097522486989e-11,
scripts\PredicciónImágenes\Mass\00013206_007.png,chest_xray,0.9999673366546631,True,0.9999673366546631,3.264714541728608e-05,
scripts\PredicciónImágenes\Mass\00011199_000.png,chest_xray,1.0,True,1.0,2.3464780118942485e-10,
scripts\PredicciónImágenes\Mass\00002361_010.png,chest_xray,1.0,True,1.0,8.590823052934127e-10,
scripts\PredicciónImágenes\Mass\00014265_012.png,chest_xray,1.0,True,1.0,1.3376638685613784e-10,
scripts\PredicciónImágenes\Mass\00013977_004.png,chest_xray,1.0,True,1.0,6.994888002154198e-10,
scripts\PredicciónImágenes\Mass\00017136_002.png,chest_xray,1.0,True,1.0,2.7717542150362817e-10,
scripts\PredicciónImágenes\Mass\00029579_008.png,chest_xray,1.0,True,1.0,1.6930867818842898e-09,
scripts\PredicciónImágenes\Mass\00001719_001.png,chest_xray,1.0,True,1.0,6.573298794165794e-09,
scripts\PredicciónImágenes\Mass\00004014_000.png,chest_xray,1.0,True,1.0,1.704253960177482e-10,
scripts\PredicciónImágenes\Mass\00017050_002.png,chest_xray,1.0,True,1.0,1.2896683720953206e-11,
scripts\PredicciónImágenes\Mass\00019959_003.png,chest_xray,1.0,True,1.0,1.6309770374534072e-12,
scripts\PredicciónImágenes\Mass\00006182_000.png,chest_xray,1.0,True,1.0,5.611756059842321e-10,
scripts\PredicciónImágenes\Mass\00027937_007.png,chest_xray,1.0,True,1.0,2.296812046109764e-11,
scripts\PredicciónImágenes\Mass\00026524_016.png,chest_xray,1.0,True,1.0,2.483362127048139e-10,
scripts\PredicciónImágenes\Mass\00017136_015.png,chest_xray,0.9999958276748657,True,0.9999958276748657,4.144570084463339e-06,
scripts\PredicciónImágenes\Mass\00009955_002.png,chest_xray,1.0,True,1.0,1.0037747716351575e-10,
scripts\PredicciónImágenes\Mass\00028380_010.png,chest_xray,1.0,True,1.0,9.18347273226594e-11,
scripts\PredicciónImágenes\Mass\00012460_004.png,chest_xray,1.0,True,1.0,3.39039352148518e-10,
scripts\PredicciónImágenes\Mass\00022948_006.png,chest_xray,1.0,True,1.0,6.845511137110183e-12,
scripts\PredicciónImágenes\Mass\00003367_005.png,chest_xray,1.0,True,1.0,1.2970666207756665e-11,
scripts\PredicciónImágenes\Mass\00001787_008.png,chest_xray,0.9999985694885254,True,0.9999985694885254,1.3981514257466188e-06,
scripts\PredicciónImágenes\Mass\00014905_001.png,chest_xray,1.0,True,1.0,4.719597976321488e-11,
scripts\PredicciónImágenes\Mass\00015297_000.png,chest_xray,0.9999996423721313,True,0.9999996423721313,3.157059040859167e-07,
scripts\PredicciónImágenes\Mass\00010753_000.png,chest_xray,1.0,True,1.0,1.2013027017587774e-08,
scripts\PredicciónImágenes\Mass\00014798_010.png,chest_xray,0.9999998807907104,True,0.9999998807907104,6.835543331362715e-08,
scripts\PredicciónImágenes\Mass\00025543_010.png,chest_xray,0.9999995231628418,True,0.9999995231628418,4.314064483423863e-07,
scripts\PredicciónImágenes\Mass\00006338_002.png,chest_xray,1.0,True,1.0,5.394606636399679e-12,
scripts\PredicciónImágenes\Mass\00020644_000.png,chest_xray,0.9999847412109375,True,0.9999847412109375,1.5204446754069068e-05,
scripts\PredicciónImágenes\Mass\00014203_068.png,chest_xray,1.0,True,1.0,6.9192953588981254e-09,
scripts\PredicciónImágenes\Mass\00010584_000.png,chest_xray,1.0,True,1.0,3.064932130314446e-08,
scripts\PredicciónImágenes\Mass\00015996_001.png,chest_xray,0.9999994039535522,True,0.9999994039535522,5.434874310594751e-07,
scripts\PredicciónImágenes\Mass\00028518_007.png,chest_xray,1.0,True,1.0,4.092874483774267e-09,
scripts\PredicciónImágenes\Mass\00006856_006.png,chest_xray,1.0,True,1.0,1.2022505213593604e-10,
scripts\PredicciónImágenes\Mass\00007793_002.png,chest_xray,1.0,True,1.0,3.103743928534186e-10,
scripts\PredicciónImágenes\Mass\00006700_001.png,chest_xray,1.0,True,1.0,4.0205970605784735e-14,
scripts\PredicciónImágenes\Mass\00013858_001.png,chest_xray,1.0,True,1.0,6.7446124241143934e-09,
scripts\PredicciónImágenes\Mass\00015240_000.png,chest_xray,1.0,True,1.0,1.8973184568588097e-12,
scripts\PredicciónImágenes\Mass\00014919_016.png,chest_xray,0.9999998807907104,True,0.9999998807907104,6.108635375312588e-08,
scripts\PredicciónImágenes\Mass\00016429_008.png,chest_xray,1.0,True,1.0,1.047747305582547e-11,
scripts\PredicciónImágenes\Mass\00028593_000.png,chest_xray,1.0,True,1.0,5.118474741272472e-11,
scripts\PredicciónImágenes\Mass\00010551_001.png,chest_xray,1.0,True,1.0,7.731666695764972e-11,
scripts\PredicciónImágenes\Mass\00014265_027.png,chest_xray,1.0,True,1.0,7.701053683639714e-11,
scripts\PredicciónImágenes\Mass\00011157_000.png,chest_xray,1.0,True,1.0,8.661901196305166e-10,
scripts\PredicciónImágenes\Mass\00017178_000.png,chest_xray,1.0,True,1.0,1.7970306132042424e-08,
scripts\PredicciónImágenes\Mass\00000061_001.png,chest_xray,0.9999998807907104,True,0.9999998807907104,1.0965772645477045e-07,
scripts\PredicciónImágenes\Mass\00015863_002.png,chest_xray,1.0,True,1.0,5.874166930652791e-09,
scripts\PredicciónImágenes\Mass\00009953_012.png,chest_xray,1.0,True,1.0,4.2047268444811436e-10,
scripts\PredicciónImágenes\Mass\00007869_002.png,chest_xray,1.0,True,1.0,2.5792444569017192e-11,
scripts\PredicciónImágenes\Mass\00000618_002.png,chest_xray,1.0,True,1.0,1.8301500315232033e-09,
scripts\PredicciónImágenes\Mass\00005721_002.png,chest_xray,1.0,True,1.0,8.886275604247373e-10,
scripts\PredicciónImágenes\Mass\00022267_001.png,chest_xray,1.0,True,1.0,1.507006075485151e-09,
scripts\PredicciónImágenes\Mass\00006712_003.png,chest_xray,0.9999997615814209,True,0.9999997615814209,1.9730484268620785e-07,
scripts\PredicciónImágenes\Mass\00021137_000.png,chest_xray,1.0,True,1.0,1.8498258480548202e-11,
scripts\PredicciónImágenes\Mass\00016892_000.png,chest_xray,1.0,True,1.0,2.2504447194648947e-09,
scripts\PredicciónImágenes\Mass\00016475_002.png,chest_xray,1.0,True,1.0,4.474562054213038e-09,
scripts\PredicciónImágenes\Mass\00021420_019.png,chest_xray,0.9999990463256836,True,0.9999990463256836,1.0089738680107985e-06,
scripts\PredicciónImágenes\Mass\00016971_004.png,chest_xray,1.0,True,1.0,7.962321080245971e-11,
scripts\PredicciónImágenes\Mass\00014497_000.png,chest_xray,1.0,True,1.0,5.306338701771551e-10,
scripts\PredicciónImágenes\Mass\00022192_003.png,chest_xray,1.0,True,1.0,2.4558359790205486e-09,
scripts\PredicciónImágenes\Mass\00027509_001.png,chest_xray,1.0,True,1.0,2.6366853145276536e-11,
scripts\PredicciónImágenes\Mass\00007416_001.png,chest_xray,1.0,True,1.0,6.626900634146282e-13,
scripts\PredicciónImágenes\Mass\00004872_000.png,chest_xray,1.0,True,1.0,1.9154984265412622e-09,
scripts\PredicciónImágenes\Mass\00014018_003.png,chest_xray,1.0,True,1.0,9.263659284108883e-11,
scripts\PredicciónImágenes\Mass\00018334_002.png,chest_xray,0.9999996423721313,True,0.9999996423721313,3.4190554742963286e-07,
scripts\PredicciónImágenes\Mass\00005794_000.png,chest_xray,1.0,True,1.0,2.1542411951513962e-12,
scripts\PredicciónImágenes\Mass\00003221_007.png,chest_xray,1.0,True,1.0,8.295586982100256e-13,
scripts\PredicciónImágenes\Mass\00018091_021.png,chest_xray,1.0,True,1.0,2.6902502447967436e-10,
scripts\PredicciónImágenes\Mass\00008295_020.png,chest_xray,1.0,True,1.0,7.582759420365903e-11,
scripts\PredicciónImágenes\Mass\00006827_005.png,chest_xray,1.0,True,1.0,8.944080719108793e-12,
scripts\PredicciónImágenes\Mass\00017467_010.png,chest_xray,1.0,True,1.0,6.118868745019768e-10,
scripts\PredicciónImágenes\Mass\00014731_023.png,chest_xray,0.9999992847442627,True,0.9999992847442627,7.024816000011924e-07,
scripts\PredicciónImágenes\Mass\00010727_001.png,chest_xray,1.0,True,1.0,5.289644833261775e-10,
scripts\PredicciónImágenes\Mass\00006948_021.png,chest_xray,1.0,True,1.0,1.5081016435658512e-09,
scripts\PredicciónImágenes\Mass\00000372_001.png,chest_xray,1.0,True,1.0,6.136423591485141e-10,
scripts\PredicciónImágenes\Mass\00021616_012.png,chest_xray,1.0,True,1.0,1.9396271255800457e-09,
scripts\PredicciónImágenes\Mass\00015643_001.png,chest_xray,1.0,True,1.0,5.0218110919653114e-11,
scripts\PredicciónImágenes\Mass\00017243_005.png,chest_xray,0.9999994039535522,True,0.9999994039535522,6.089046564738965e-07,
scripts\PredicciónImágenes\Mass\00014839_000.png,chest_xray,1.0,True,1.0,9.260797684262911e-11,
scripts\PredicciónImágenes\Mass\00002207_002.png,chest_xray,1.0,True,1.0,1.0053124555042814e-08,
scripts\PredicciónImágenes\Mass\00014265_021.png,chest_xray,1.0,True,1.0,4.773689690068528e-12,
scripts\PredicciónImágenes\Mass\00006413_001.png,chest_xray,1.0,True,1.0,7.768874432656503e-11,
scripts\PredicciónImágenes\Mass\00021597_000.png,chest_xray,1.0,True,1.0,1.2164012852533546e-10,
scripts\PredicciónImágenes\Mass\00012502_000.png,chest_xray,1.0,True,1.0,6.392607363597813e-12,
scripts\PredicciónImágenes\Mass\00004436_009.png,chest_xray,0.9999996423721313,True,0.9999996423721313,3.4146887628594413e-07,
scripts\PredicciónImágenes\Mass\00028265_007.png,chest_xray,1.0,True,1.0,2.0183208437885014e-09,
scripts\PredicciónImágenes\Mass\00014675_001.png,chest_xray,1.0,True,1.0,5.122142265889806e-09,
scripts\PredicciónImágenes\Mass\00017036_015.png,chest_xray,1.0,True,1.0,9.978315063108312e-09,
scripts\PredicciónImágenes\Mass\00012270_005.png,chest_xray,1.0,True,1.0,8.708239462862366e-09,
scripts\PredicciónImágenes\Mass\00022837_000.png,chest_xray,1.0,True,1.0,3.0779241377842936e-09,
scripts\PredicciónImágenes\Mass\00008924_001.png,chest_xray,1.0,True,1.0,2.2916803177341905e-10,
scripts\PredicciónImágenes\Mass\00016801_002.png,chest_xray,1.0,True,1.0,3.0867443712168097e-08,
scripts\PredicciónImágenes\Mass\00026202_008.png,chest_xray,1.0,True,1.0,3.848241517112605e-11,
scripts\PredicciónImágenes\Mass\00003241_000.png,chest_xray,1.0,True,1.0,4.25777357815349e-10,
scripts\PredicciónImágenes\Mass\00017403_000.png,chest_xray,1.0,True,1.0,3.473801246656194e-10,
scripts\PredicciónImágenes\Mass\00004532_000.png,chest_xray,1.0,True,1.0,6.085647263898153e-11,
scripts\PredicciónImágenes\Mass\00013846_002.png,chest_xray,1.0,True,1.0,2.674022947513066e-10,
scripts\PredicciónImágenes\Mass\00029658_001.png,chest_xray,1.0,True,1.0,5.286561410855484e-09,
scripts\PredicciónImágenes\Mass\00012978_000.png,chest_xray,1.0,True,1.0,1.2819296735244734e-09,
scripts\PredicciónImágenes\Mass\00003187_001.png,chest_xray,1.0,True,1.0,6.667328911191817e-10,
scripts\PredicciónImágenes\Mass\00009993_006.png,chest_xray,1.0,True,1.0,8.395037594775834e-13,
scripts\PredicciónImágenes\Mass\00018091_027.png,chest_xray,1.0,True,1.0,5.995031138184004e-09,
scripts\PredicciónImágenes\Mass\00008613_012.png,chest_xray,1.0,True,1.0,5.752773812872647e-10,
scripts\PredicciónImágenes\Mass\00005628_000.png,chest_xray,1.0,True,1.0,3.1645930320678417e-09,
scripts\PredicciónImágenes\Mass\00009618_000.png,chest_xray,1.0,True,1.0,3.724044961295192e-10,
scripts\PredicciónImágenes\Mass\00027320_000.png,chest_xray,1.0,True,1.0,1.1892856491280135e-12,
scripts\PredicciónImágenes\Mass\00025128_007.png,chest_xray,0.9999996423721313,True,0.9999996423721313,3.5249917118562735e-07,
scripts\PredicciónImágenes\Mass\00019439_003.png,chest_xray,1.0,True,1.0,2.477894625596555e-12,
scripts\PredicciónImágenes\Mass\00030039_000.png,chest_xray,0.9999997615814209,True,0.9999997615814209,2.466978514803486e-07,
scripts\PredicciónImágenes\Mass\00012804_001.png,chest_xray,1.0,True,1.0,2.1544992456767886e-09,
scripts\PredicciónImágenes\Mass\00025635_004.png,chest_xray,1.0,True,1.0,3.285439831302028e-08,
scripts\PredicciónImágenes\Mass\00012413_021.png,chest_xray,1.0,True,1.0,4.828901722930823e-08,
scripts\PredicciónImágenes\Mass\00026261_002.png,chest_xray,1.0,True,1.0,4.984425650000901e-10,
scripts\PredicciónImágenes\Mass\00009198_001.png,chest_xray,1.0,True,1.0,1.0819810603024393e-09,
scripts\PredicciónImágenes\Mass\00019531_000.png,chest_xray,1.0,True,1.0,6.393119540704095e-12,
scripts\PredicciónImágenes\Mass\00009889_024.png,chest_xray,0.9999997615814209,True,0.9999997615814209,2.3051065056733933e-07,
scripts\PredicciónImágenes\Mass\00017520_000.png,chest_xray,1.0,True,1.0,9.26642877013828e-12,
scripts\PredicciónImágenes\Mass\00015196_003.png,chest_xray,1.0,True,1.0,1.4019105321061431e-10,
scripts\PredicciónImágenes\Mass\00012864_000.png,chest_xray,1.0,True,1.0,1.0613628725897328e-10,
scripts\PredicciónImágenes\Mass\00005460_001.png,chest_xray,1.0,True,1.0,1.3040495766558635e-11,
scripts\PredicciónImágenes\Mass\00014663_040.png,chest_xray,0.9999998807907104,True,0.9999998807907104,1.566986043144425e-07,
scripts\PredicciónImágenes\Mass\00018819_004.png,chest_xray,1.0,True,1.0,5.831669782491167e-12,
scripts\PredicciónImágenes\Mass\00022155_023.png,chest_xray,1.0,True,1.0,8.27777069112301e-10,
scripts\PredicciónImágenes\Mass\00010452_004.png,chest_xray,1.0,True,1.0,7.0191383087780945e-12,
scripts\PredicciónImágenes\Mass\00011521_000.png,chest_xray,1.0,True,1.0,1.005551978489061e-12,
scripts\PredicciónImágenes\Mass\00028698_003.png,chest_xray,1.0,True,1.0,6.872749331449102e-12,
scripts\PredicciónImágenes\Mass\00026004_004.png,chest_xray,1.0,True,1.0,1.0097808873787972e-11,
scripts\PredicciónImágenes\Mass\00012975_001.png,chest_xray,1.0,True,1.0,1.1446481096299976e-08,
scripts\PredicciónImágenes\Mass\00011925_073.png,chest_xray,1.0,True,1.0,1.3562000411582176e-09,
scripts\PredicciónImágenes\Mass\00030045_000.png,chest_xray,1.0,True,1.0,1.9022783348532357e-09,
scripts\PredicciónImágenes\Mass\00018958_004.png,chest_xray,1.0,True,1.0,7.759144715624444e-11,
scripts\PredicciónImágenes\Mass\00009142_000.png,chest_xray,1.0,True,1.0,1.0125856403364608e-10,
scripts\PredicciónImágenes\Mass\00006041_001.png,chest_xray,1.0,True,1.0,1.540566285651579e-11,
scripts\PredicciónImágenes\Mass\00015790_000.png,chest_xray,1.0,True,1.0,1.4774176326781685e-10,
scripts\PredicciónImágenes\Mass\00007120_008.png,chest_xray,1.0,True,1.0,2.83593837302476e-09,
scripts\PredicciónImágenes\Mass\00011723_023.png,chest_xray,1.0,True,1.0,5.255993973385387e-10,
scripts\PredicciónImágenes\Mass\00013947_000.png,chest_xray,1.0,True,1.0,3.57141982654241e-10,
scripts\PredicciónImágenes\Mass\00019305_000.png,chest_xray,1.0,True,1.0,1.829294077326793e-10,
scripts\PredicciónImágenes\Mass\00013244_004.png,chest_xray,1.0,True,1.0,6.025951872906665e-12,
scripts\PredicciónImágenes\Mass\00017227_013.png,chest_xray,1.0,True,1.0,5.205042299949447e-11,
scripts\PredicciónImágenes\Mass\00025082_001.png,chest_xray,1.0,True,1.0,3.2473274069744207e-10,
scripts\PredicciónImágenes\Mass\00011287_005.png,chest_xray,1.0,True,1.0,3.27183058423941e-09,
scripts\PredicciónImágenes\Mass\00002510_003.png,chest_xray,1.0,True,1.0,8.96815954831709e-10,
scripts\PredicciónImágenes\Mass\00000013_024.png,chest_xray,1.0,True,1.0,3.4932823300692917e-10,
scripts\PredicciónImágenes\Mass\00025150_009.png,chest_xray,1.0,True,1.0,3.769168137324197e-12,
scripts\PredicciónImágenes\Mass\00019774_002.png,chest_xray,1.0,True,1.0,1.0564388253087031e-10,
scripts\PredicciónImágenes\Mass\00020298_003.png,chest_xray,1.0,True,1.0,1.2467179198727418e-11,
scripts\PredicciónImágenes\Mass\00028572_000.png,chest_xray,1.0,True,1.0,7.294243681288393e-11,
scripts\PredicciónImágenes\Mass\00005785_000.png,chest_xray,1.0,True,1.0,1.9884629498534423e-09,
scripts\PredicciónImágenes\Mass\00013523_003.png,chest_xray,1.0,True,1.0,1.1918858788817488e-08,
scripts\PredicciónImágenes\Mass\00004163_001.png,chest_xray,1.0,True,1.0,1.7765060256191845e-10,
scripts\PredicciónImágenes\Mass\00005969_001.png,chest_xray,1.0,True,1.0,1.261059034973755e-09,
scripts\PredicciónImágenes\Mass\00018808_002.png,chest_xray,1.0,True,1.0,4.929082858019795e-13,
scripts\PredicciónImágenes\Mass\00019927_006.png,chest_xray,1.0,True,1.0,2.8248927641527644e-09,
scripts\PredicciónImágenes\Mass\00017575_000.png,chest_xray,1.0,True,1.0,2.4713482128790876e-12,
scripts\PredicciónImágenes\Mass\00027260_010.png,chest_xray,1.0,True,1.0,5.282262127703774e-11,
scripts\PredicciónImágenes\Mass\00009185_003.png,chest_xray,1.0,True,1.0,2.6892612581264075e-09,
scripts\PredicciónImágenes\Mass\00022707_009.png,chest_xray,0.9999998807907104,True,0.9999998807907104,1.0544674466927972e-07,
scripts\PredicciónImágenes\Mass\00019870_002.png,chest_xray,1.0,True,1.0,4.9933841783644795e-12,
scripts\PredicciónImágenes\Mass\00008464_000.png,chest_xray,1.0,True,1.0,9.48909006925902e-12,
scripts\PredicciónImágenes\Mass\00012342_003.png,chest_xray,1.0,True,1.0,3.506285817245214e-10,
scripts\PredicciónImágenes\Mass\00030159_007.png,chest_xray,0.9999979734420776,True,0.9999979734420776,2.0478801161516458e-06,
scripts\PredicciónImágenes\Mass\00014839_004.png,chest_xray,1.0,True,1.0,2.2236301341904685e-11,
scripts\PredicciónImágenes\Mass\00000711_000.png,chest_xray,0.9999997615814209,True,0.9999997615814209,2.7137309643876506e-07,
scripts\PredicciónImágenes\Mass\00020195_021.png,chest_xray,1.0,True,1.0,2.703397783410111e-10,
scripts\PredicciónImágenes\Mass\00001517_009.png,chest_xray,1.0,True,1.0,1.830291300464193e-11,
scripts\PredicciónImágenes\Mass\00016830_008.png,chest_xray,1.0,True,1.0,1.7501050608714763e-10,
scripts\PredicciónImágenes\Mass\00016544_000.png,chest_xray,1.0,True,1.0,2.6199606040222534e-08,
scripts\PredicciónImágenes\Mass\00011504_002.png,chest_xray,1.0,True,1.0,5.290593518836317e-10,
scripts\PredicciónImágenes\Mass\00012927_001.png,chest_xray,1.0,True,1.0,2.761695871988934e-10,
scripts\PredicciónImágenes\Mass\00008566_000.png,chest_xray,1.0,True,1.0,3.748970751893399e-12,
scripts\PredicciónImágenes\Mass\00025303_017.png,chest_xray,1.0,True,1.0,3.918971458460874e-08,
scripts\PredicciónImágenes\Mass\00010513_000.png,chest_xray,1.0,True,1.0,4.792428173056029e-12,
scripts\PredicciónImágenes\Mass\00025630_001.png,chest_xray,1.0,True,1.0,2.9406319157487815e-08,
scripts\PredicciónImágenes\Mass\00007564_001.png,chest_xray,1.0,True,1.0,2.5871191300375074e-10,
scripts\PredicciónImágenes\Mass\00006827_006.png,chest_xray,1.0,True,1.0,1.6926371415593167e-10,
scripts\PredicciónImágenes\Mass\00007772_001.png,chest_xray,1.0,True,1.0,4.355378002696142e-10,
scripts\PredicciónImágenes\Mass\00015163_001.png,chest_xray,1.0,True,1.0,5.37864301708435e-11,
scripts\PredicciónImágenes\Mass\00011157_001.png,chest_xray,1.0,True,1.0,2.8773662272274514e-11,
scripts\PredicciónImágenes\Mass\00012415_000.png,chest_xray,1.0,True,1.0,3.620660882219795e-09,
scripts\PredicciónImágenes\Mass\00018663_000.png,chest_xray,1.0,True,1.0,1.040270578012148e-10,
scripts\PredicciónImágenes\Mass\00019369_002.png,chest_xray,1.0,True,1.0,1.9170738330132053e-09,
scripts\PredicciónImágenes\Mass\00016064_001.png,chest_xray,1.0,True,1.0,8.322319500209119e-10,
scripts\PredicciónImágenes\Mass\00010337_000.png,chest_xray,1.0,True,1.0,1.1401430494162312e-10,
scripts\PredicciónImágenes\Mass\00017875_000.png,chest_xray,1.0,True,1.0,2.2403032762241537e-09,
scripts\PredicciónImágenes\Mass\00013931_002.png,chest_xray,1.0,True,1.0,1.3746902227662616e-10,
scripts\PredicciónImágenes\Mass\00025802_000.png,chest_xray,1.0,True,1.0,4.398550967898984e-12,
scripts\PredicciónImágenes\Mass\00009604_002.png,chest_xray,1.0,True,1.0,5.359260812909383e-10,
scripts\PredicciónImágenes\Mass\00006827_003.png,chest_xray,1.0,True,1.0,9.618984775361383e-11,
scripts\PredicciónImágenes\Mass\00013078_002.png,chest_xray,1.0,True,1.0,4.1466486494501353e-11,
scripts\PredicciónImágenes\Mass\00009698_004.png,chest_xray,1.0,True,1.0,3.597620645834354e-09,
scripts\PredicciónImágenes\Mass\00026202_001.png,chest_xray,1.0,True,1.0,4.225858329931498e-09,
scripts\PredicciónImágenes\Mass\00000079_000.png,chest_xray,1.0,True,1.0,2.529320086708253e-10,
scripts\PredicciónImágenes\Mass\00006938_003.png,chest_xray,1.0,True,1.0,1.0322966439990644e-11,
scripts\PredicciónImágenes\Mass\00025241_001.png,chest_xray,1.0,True,1.0,2.1788709725356625e-11,
scripts\PredicciónImágenes\Mass\00016277_000.png,chest_xray,1.0,True,1.0,5.643151501644184e-10,
scripts\PredicciónImágenes\Mass\00021640_002.png,chest_xray,1.0,True,1.0,5.6367750467245514e-09,
scripts\PredicciónImágenes\Mass\00027299_007.png,chest_xray,1.0,True,1.0,1.9042640797550803e-09,
scripts\PredicciónImágenes\Mass\00030121_001.png,chest_xray,1.0,True,1.0,1.2934073367887322e-08,
scripts\PredicciónImágenes\Mass\00020436_001.png,chest_xray,0.9999997615814209,True,0.9999997615814209,2.4558005407016026e-07,
scripts\PredicciónImágenes\Mass\00004436_007.png,chest_xray,0.9999996423721313,True,0.9999996423721313,3.0710532428201986e-07,
scripts\PredicciónImágenes\Mass\00001248_019.png,chest_xray,1.0,True,1.0,3.21326798502497e-10,
scripts\PredicciónImágenes\Mass\00014839_002.png,chest_xray,1.0,True,1.0,1.1253575848968467e-08,
scripts\PredicciónImágenes\Mass\00013524_000.png,chest_xray,1.0,True,1.0,2.072453667012475e-11,
scripts\PredicciónImágenes\Mass\00016587_063.png,chest_xray,1.0,True,1.0,4.002975173555967e-10,
scripts\PredicciónImágenes\Mass\00003894_008.png,chest_xray,1.0,True,1.0,1.2439258512131346e-09,
scripts\PredicciónImágenes\Mass\00007136_000.png,chest_xray,1.0,True,1.0,1.0709610975823125e-10,
scripts\PredicciónImágenes\Mass\00008012_005.png,chest_xray,1.0,True,1.0,2.2859646467421335e-11,
scripts\PredicciónImágenes\Mass\00028070_000.png,chest_xray,1.0,True,1.0,2.9344738444736507e-12,
scripts\PredicciónImágenes\Mass\00023309_011.png,chest_xray,0.9999829530715942,True,0.9999829530715942,1.7050420865416527e-05,
scripts\PredicciónImágenes\Mass\00011144_015.png,chest_xray,1.0,True,1.0,2.6394642027582904e-10,
scripts\PredicciónImágenes\Mass\00007534_003.png,chest_xray,1.0,True,1.0,1.90969618590886e-11,
scripts\PredicciónImágenes\Mass\00025393_003.png,chest_xray,1.0,True,1.0,2.316945568736628e-08,
scripts\PredicciónImágenes\Mass\00028359_001.png,chest_xray,1.0,True,1.0,8.32247826210164e-10,
scripts\PredicciónImágenes\Mass\00009518_000.png,chest_xray,1.0,True,1.0,1.298435404334386e-11,
scripts\PredicciónImágenes\Mass\00002613_002.png,chest_xray,1.0,True,1.0,8.214202651402047e-09,
scripts\PredicciónImágenes\Mass\00007532_000.png,chest_xray,1.0,True,1.0,3.393393552264534e-11,
scripts\PredicciónImágenes\Mass\00018203_002.png,chest_xray,1.0,True,1.0,1.5727028013223787e-10,
scripts\PredicciónImágenes\Mass\00007886_007.png,chest_xray,1.0,True,1.0,2.1201804201176344e-11,
scripts\PredicciónImágenes\Mass\00008777_006.png,chest_xray,1.0,True,1.0,2.6648669382289825e-11,
scripts\PredicciónImágenes\Mass\00021901_002.png,chest_xray,0.9999997615814209,True,0.9999997615814209,2.561768042141921e-07,
scripts\PredicciónImágenes\Mass\00016871_001.png,chest_xray,1.0,True,1.0,4.405099549020797e-12,
scripts\PredicciónImágenes\Mass\00014731_001.png,chest_xray,1.0,True,1.0,8.11710698656043e-10,
scripts\PredicciónImágenes\Mass\00016311_005.png,chest_xray,1.0,True,1.0,1.6366510369181242e-09,
scripts\PredicciónImágenes\Mass\00001808_001.png,chest_xray,1.0,True,1.0,9.379191867608938e-10,
scripts\PredicciónImágenes\Mass\00007810_004.png,chest_xray,1.0,True,1.0,5.9138644502299e-12,
scripts\PredicciónImágenes\Mass\00006083_001.png,chest_xray,1.0,True,1.0,6.818440256850522e-10,
scripts\PredicciónImágenes\Mass\00010666_000.png,chest_xray,1.0,True,1.0,4.853627721956855e-09,
scripts\PredicciónImágenes\Mass\00012891_006.png,chest_xray,1.0,True,1.0,9.082659971348939e-12,
scripts\PredicciónImágenes\Mass\00025695_003.png,chest_xray,1.0,True,1.0,2.2682984379684967e-09,
scripts\PredicciónImágenes\Mass\00022055_000.png,chest_xray,1.0,True,1.0,2.0981041903844755e-10,
scripts\PredicciónImágenes\Mass\00028819_001.png,chest_xray,1.0,True,1.0,6.650934913920992e-09,
scripts\PredicciónImágenes\Mass\00010083_000.png,chest_xray,1.0,True,1.0,8.929401218438215e-09,
scripts\PredicciónImágenes\Mass\00009349_022.png,chest_xray,1.0,True,1.0,5.246338918851734e-10,
scripts\PredicciónImágenes\Mass\00009702_000.png,chest_xray,1.0,True,1.0,2.4450930863340048e-11,
scripts\PredicciónImágenes\Mass\00012413_007.png,chest_xray,1.0,True,1.0,4.60145949121582e-10,
scripts\PredicciónImágenes\Mass\00017144_005.png,chest_xray,1.0,True,1.0,2.5288557706226733e-11,
scripts\PredicciónImágenes\Mass\00012290_000.png,chest_xray,1.0,True,1.0,1.1608333044810237e-10,
scripts\PredicciónImágenes\Mass\00020427_000.png,chest_xray,1.0,True,1.0,3.864547082343961e-08,
scripts\PredicciónImágenes\Mass\00023296_011.png,chest_xray,1.0,True,1.0,8.64534666078498e-10,
scripts\PredicciónImágenes\Mass\00001637_009.png,chest_xray,1.0,True,1.0,1.0670758499031763e-08,
scripts\PredicciónImágenes\Mass\00016643_010.png,chest_xray,1.0,True,1.0,1.5464035385548414e-08,
scripts\PredicciónImágenes\Mass\00016971_006.png,chest_xray,1.0,True,1.0,2.9608956952920096e-10,
scripts\PredicciónImágenes\Mass\00012184_007.png,chest_xray,1.0,True,1.0,1.0974670477947868e-10,
scripts\PredicciónImágenes\Mass\00015039_012.png,chest_xray,1.0,True,1.0,3.979482854354899e-10,
scripts\PredicciónImágenes\Mass\00025630_000.png,chest_xray,1.0,True,1.0,4.070376036224843e-09,
scripts\PredicciónImágenes\Mass\00002104_000.png,chest_xray,1.0,True,1.0,2.686220135217354e-10,
scripts\PredicciónImágenes\Mass\00000827_005.png,chest_xray,1.0,True,1.0,8.330863776606634e-10,
scripts\PredicciónImágenes\Mass\00022743_000.png,chest_xray,1.0,True,1.0,3.867349107622431e-08,
scripts\PredicciónImágenes\Mass\00021889_001.png,chest_xray,1.0,True,1.0,2.707556956416113e-10,
scripts\PredicciónImágenes\Mass\00013472_000.png,chest_xray,1.0,True,1.0,3.3397790089040313e-10,
scripts\PredicciónImágenes\Mass\00015196_001.png,chest_xray,1.0,True,1.0,1.3585974567575931e-09,
scripts\PredicciónImágenes\Mass\00004117_000.png,chest_xray,1.0,True,1.0,2.051268356562108e-11,
scripts\PredicciónImágenes\Mass\00007405_000.png,chest_xray,1.0,True,1.0,2.403249127480578e-11,
scripts\PredicciónImágenes\Mass\00005395_000.png,chest_xray,1.0,True,1.0,1.4570599837782083e-08,
scripts\PredicciónImágenes\Mass\00019613_001.png,chest_xray,1.0,True,1.0,1.7214883962779481e-09,
scripts\PredicciónImágenes\Mass\00002032_014.png,chest_xray,1.0,True,1.0,1.1773519659197262e-10,
scripts\PredicciónImágenes\Mass\00008964_003.png,chest_xray,1.0,True,1.0,3.689751976176936e-11,
scripts\PredicciónImágenes\Mass\00015895_022.png,chest_xray,1.0,True,1.0,6.87941197063946e-12,
scripts\PredicciónImágenes\Mass\00012021_005.png,chest_xray,1.0,True,1.0,4.0504182230449715e-09,
scripts\PredicciónImágenes\Mass\00016798_011.png,chest_xray,1.0,True,1.0,1.7995454085206752e-11,
scripts\PredicciónImágenes\Mass\00017467_015.png,chest_xray,1.0,True,1.0,2.549387589922958e-09,
scripts\PredicciónImágenes\Mass\00008636_000.png,chest_xray,1.0,True,1.0,1.0459123150896588e-11,
scripts\PredicciónImágenes\Mass\00004911_008.png,chest_xray,1.0,True,1.0,7.680868441273248e-11,
scripts\PredicciónImágenes\Mass\00016748_000.png,chest_xray,1.0,True,1.0,2.694818326820503e-12,
scripts\PredicciónImágenes\Mass\00006832_009.png,chest_xray,1.0,True,1.0,8.660105521585137e-09,
scripts\PredicciónImágenes\Mass\00027893_000.png,chest_xray,1.0,True,1.0,1.286426104529781e-10,
scripts\PredicciónImágenes\Mass\00013608_020.png,chest_xray,0.9999825954437256,True,0.9999825954437256,1.7398515410604887e-05,
scripts\PredicciónImágenes\Mass\00007126_005.png,chest_xray,1.0,True,1.0,5.087183799212802e-11,
scripts\PredicciónImágenes\Mass\00022444_001.png,chest_xray,1.0,True,1.0,3.328673447988706e-11,
scripts\PredicciónImágenes\Mass\00025085_002.png,chest_xray,1.0,True,1.0,2.3176283114878515e-10,
scripts\PredicciónImágenes\Mass\00023026_003.png,chest_xray,1.0,True,1.0,4.534146669232797e-11,
scripts\PredicciónImágenes\Mass\00013894_051.png,chest_xray,1.0,True,1.0,1.560888129858995e-08,
scripts\PredicciónImágenes\Mass\00004858_041.png,chest_xray,1.0,True,1.0,4.719550972254183e-08,
scripts\PredicciónImágenes\Mass\00018004_003.png,chest_xray,1.0,True,1.0,2.5717594720475745e-10,
scripts\PredicciónImágenes\Mass\00006700_002.png,chest_xray,1.0,True,1.0,3.117935076790701e-11,
scripts\PredicciónImágenes\Mass\00021431_001.png,chest_xray,1.0,True,1.0,3.9683104025023397e-10,
scripts\PredicciónImágenes\Mass\00014358_005.png,chest_xray,1.0,True,1.0,7.222692496172689e-12,
scripts\PredicciónImágenes\Mass\00020450_000.png,chest_xray,1.0,True,1.0,1.3772523121957647e-09,
scripts\PredicciónImágenes\Mass\00027833_007.png,chest_xray,1.0,True,1.0,1.4121852132120694e-08,
scripts\PredicciónImágenes\Mass\00030158_000.png,chest_xray,1.0,True,1.0,1.1217931028539851e-09,
scripts\PredicciónImágenes\Mass\00005952_002.png,chest_xray,1.0,True,1.0,1.817441752649529e-10,
scripts\PredicciónImágenes\Mass\00000326_000.png,chest_xray,1.0,True,1.0,4.0742279341920984e-13,
scripts\PredicciónImágenes\Mass\00010069_002.png,chest_xray,1.0,True,1.0,2.805571608366364e-10,
scripts\PredicciónImágenes\Mass\00010604_000.png,chest_xray,1.0,True,1.0,9.363707725862369e-11,
scripts\PredicciónImágenes\Mass\00020209_000.png,chest_xray,1.0,True,1.0,5.129567604011953e-11,
scripts\PredicciónImágenes\Mass\00021179_000.png,chest_xray,1.0,True,1.0,5.256923715779571e-11,
scripts\PredicciónImágenes\Mass\00005388_002.png,chest_xray,1.0,True,1.0,1.4178765939121263e-09,
scripts\PredicciónImágenes\Mass\00009010_000.png,chest_xray,1.0,True,1.0,5.2844791043060724e-11,
scripts\PredicciónImágenes\Mass\00025181_015.png,chest_xray,1.0,True,1.0,4.122081342927686e-09,
scripts\PredicciónImágenes\Mass\00015312_001.png,chest_xray,1.0,True,1.0,4.352002265506361e-12,
scripts\PredicciónImágenes\Mass\00006827_002.png,chest_xray,1.0,True,1.0,8.002301599141504e-11,
scripts\PredicciónImágenes\Mass\00011164_002.png,chest_xray,0.9999998807907104,True,0.9999998807907104,6.408954789094423e-08,
scripts\PredicciónImágenes\Mass\00017429_000.png,chest_xray,1.0,True,1.0,6.234820659756224e-09,
scripts\PredicciónImágenes\Mass\00009845_000.png,chest_xray,1.0,True,1.0,1.9851715757357447e-11,
scripts\PredicciónImágenes\Mass\00018220_000.png,chest_xray,1.0,True,1.0,3.1650984610998023e-10,
scripts\PredicciónImágenes\Mass\00014663_020.png,chest_xray,1.0,True,1.0,1.5011042409085462e-10,
scripts\PredicciónImágenes\Mass\00018874_000.png,chest_xray,1.0,True,1.0,1.3106081497848976e-10,
scripts\PredicciónImágenes\Mass\00011723_020.png,chest_xray,1.0,True,1.0,2.3931595594106625e-10,
scripts\PredicciónImágenes\Mass\00013977_002.png,chest_xray,1.0,True,1.0,1.1589749299156793e-10,
scripts\PredicciónImágenes\Mass\00014398_011.png,chest_xray,0.9999998807907104,True,0.9999998807907104,6.502001070884944e-08,
scripts\PredicciónImágenes\Mass\00027837_003.png,chest_xray,1.0,True,1.0,8.035097032177418e-10,
scripts\PredicciónImágenes\Mass\00018627_000.png,chest_xray,1.0,True,1.0,3.5836353958103306e-13,
scripts\PredicciónImágenes\Mass\00001034_000.png,chest_xray,1.0,True,1.0,1.1312153470888209e-12,
scripts\PredicciónImágenes\Mass\00011647_000.png,chest_xray,1.0,True,1.0,3.639924139875461e-09,
scripts\PredicciónImágenes\Mass\00009766_002.png,chest_xray,1.0,True,1.0,9.44047444384477e-12,
scripts\PredicciónImágenes\Mass\00015251_000.png,chest_xray,1.0,True,1.0,3.0068919576464737e-10,
scripts\PredicciónImágenes\Mass\00015495_005.png,chest_xray,1.0,True,1.0,3.7118514484291154e-08,
scripts\PredicciónImágenes\Mass\00019122_000.png,chest_xray,1.0,True,1.0,4.5908041812481315e-08,
scripts\PredicciónImágenes\Mass\00014604_000.png,chest_xray,1.0,True,1.0,1.9040659673952298e-11,
scripts\PredicciónImágenes\Mass\00007795_006.png,chest_xray,1.0,True,1.0,5.868192043401166e-11,
scripts\PredicciónImágenes\Mass\00002466_006.png,chest_xray,1.0,True,1.0,1.6978055246419377e-12,
scripts\PredicciónImágenes\Mass\00017467_023.png,chest_xray,1.0,True,1.0,5.017120052741575e-11,
scripts\PredicciónImágenes\Mass\00008943_001.png,chest_xray,1.0,True,1.0,1.2494234535864734e-09,
scripts\PredicciónImágenes\Mass\00017467_012.png,chest_xray,1.0,True,1.0,7.192616641171767e-11,
scripts\PredicciónImágenes\Mass\00014070_000.png,chest_xray,1.0,True,1.0,4.134612791029113e-11,
scripts\PredicciónImágenes\Mass\00008012_002.png,chest_xray,1.0,True,1.0,1.5921104434823974e-09,
scripts\PredicciónImágenes\Mass\00005279_000.png,chest_xray,1.0,True,1.0,3.885116880986139e-11,
scripts\PredicciónImágenes\Mass\00007886_005.png,chest_xray,1.0,True,1.0,2.8597252604151135e-12,
scripts\PredicciónImágenes\Mass\00010677_002.png,chest_xray,1.0,True,1.0,1.2880269073534123e-10,
scripts\PredicciónImágenes\Mass\00025561_006.png,chest_xray,1.0,True,1.0,2.081548444721193e-08,
scripts\PredicciónImágenes\Mass\00001014_000.png,chest_xray,1.0,True,1.0,2.0331479555490972e-11,
scripts\PredicciónImágenes\Mass\00017425_000.png,chest_xray,1.0,True,1.0,1.0864463995119422e-08,
scripts\PredicciónImágenes\Mass\00007716_004.png,chest_xray,1.0,True,1.0,5.543706119159886e-12,
scripts\PredicciónImágenes\Mass\00005722_038.png,chest_xray,1.0,True,1.0,5.496716326547357e-08,
scripts\PredicciónImágenes\Mass\00013031_000.png,chest_xray,1.0,True,1.0,2.3830409645597683e-08,
scripts\PredicciónImágenes\Mass\00004094_001.png,chest_xray,1.0,True,1.0,1.644423708313525e-09,
scripts\PredicciónImágenes\Mass\00010866_003.png,chest_xray,1.0,True,1.0,1.1021917822873206e-09,
scripts\PredicciónImágenes\Mass\00007519_002.png,chest_xray,1.0,True,1.0,3.969619910559885e-10,
scripts\PredicciónImágenes\Mass\00016773_000.png,chest_xray,1.0,True,1.0,4.590849922436746e-11,
scripts\PredicciónImágenes\Mass\00016568_030.png,chest_xray,1.0,True,1.0,1.0411956019584778e-10,
scripts\PredicciónImágenes\Mass\00026993_005.png,chest_xray,0.9999997615814209,True,0.9999997615814209,2.5486045274192293e-07,
scripts\PredicciónImágenes\Mass\00025548_000.png,chest_xray,1.0,True,1.0,3.817897332916015e-13,
scripts\PredicciónImágenes\Mass\00012927_010.png,chest_xray,1.0,True,1.0,6.828956289339772e-10,
scripts\PredicciónImágenes\Mass\00014609_004.png,chest_xray,1.0,True,1.0,1.3740341330004124e-11,
scripts\PredicciónImágenes\Mass\00011913_001.png,chest_xray,1.0,True,1.0,2.843908962490982e-11,
scripts\PredicciónImágenes\Mass\00014753_002.png,chest_xray,0.9999998807907104,True,0.9999998807907104,6.32680183798584e-08,
scripts\PredicciónImágenes\Mass\00014029_003.png,chest_xray,1.0,True,1.0,1.3738738147139884e-08,
scripts\PredicciónImágenes\Mass\00004665_000.png,chest_xray,0.9999998807907104,True,0.9999998807907104,8.679904084374357e-08,
scripts\PredicciónImágenes\Mass\00003556_000.png,chest_xray,1.0,True,1.0,2.4576928936426157e-08,
scripts\PredicciónImágenes\Mass\00020867_000.png,chest_xray,1.0,True,1.0,9.668649214589209e-11,
scripts\PredicciónImágenes\Mass\00025635_006.png,chest_xray,0.9999998807907104,True,0.9999998807907104,1.2151681971772632e-07,
scripts\PredicciónImágenes\Mass\00010143_000.png,chest_xray,1.0,True,1.0,3.4769111418100906e-13,
scripts\PredicciónImágenes\Mass\00013659_016.png,chest_xray,1.0,True,1.0,1.0907443837027131e-08,
scripts\PredicciónImágenes\Mass\00019089_001.png,chest_xray,1.0,True,1.0,1.829196377700626e-10,
scripts\PredicciónImágenes\Mass\00016819_001.png,chest_xray,1.0,True,1.0,3.910814814350738e-13,
scripts\PredicciónImágenes\Mass\00015115_005.png,chest_xray,1.0,True,1.0,8.007863261383363e-10,
scripts\PredicciónImágenes\Mass\00021499_020.png,chest_xray,1.0,True,1.0,1.9116130553498145e-11,
scripts\PredicciónImágenes\Mass\00007932_005.png,chest_xray,0.9999998807907104,True,0.9999998807907104,6.312397715646512e-08,
scripts\PredicciónImágenes\Mass\00016481_003.png,chest_xray,1.0,True,1.0,4.1329375477516805e-09,
scripts\PredicciónImágenes\Mass\00006275_005.png,chest_xray,1.0,True,1.0,9.013237378674432e-11,
scripts\PredicciónImágenes\Mass\00015793_001.png,chest_xray,1.0,True,1.0,2.4458604030996867e-09,
scripts\PredicciónImágenes\Mass\00012891_007.png,chest_xray,1.0,True,1.0,2.3704078630504277e-11,
scripts\PredicciónImágenes\Mass\00009397_016.png,chest_xray,1.0,True,1.0,4.4133269955226595e-11,
scripts\PredicciónImágenes\Mass\00017110_006.png,chest_xray,0.9999998807907104,True,0.9999998807907104,6.394534324272172e-08,
scripts\PredicciónImágenes\Mass\00006832_008.png,chest_xray,1.0,True,1.0,2.0805966324810576e-11,
scripts\PredicciónImágenes\Mass\00009843_000.png,chest_xray,1.0,True,1.0,2.150114752907939e-09,
scripts\PredicciónImágenes\Mass\00014956_012.png,chest_xray,1.0,True,1.0,3.4338015764134866e-10,
scripts\PredicciónImágenes\Mass\00017050_001.png,chest_xray,1.0,True,1.0,1.847900304996486e-11,
scripts\PredicciónImágenes\Mass\00026263_004.png,chest_xray,0.9999998807907104,True,0.9999998807907104,9.138701528854654e-08,
scripts\PredicciónImágenes\Mass\00028258_002.png,chest_xray,1.0,True,1.0,2.294053835782961e-11,
scripts\PredicciónImágenes\Mass\00021038_000.png,chest_xray,1.0,True,1.0,4.479360882214678e-09,
scripts\PredicciónImágenes\Mass\00006622_002.png,chest_xray,1.0,True,1.0,1.3421855848960718e-09,
scripts\PredicciónImágenes\Mass\00021499_024.png,chest_xray,1.0,True,1.0,4.021753763350233e-11,
scripts\PredicciónImágenes\Mass\00023162_001.png,chest_xray,0.9999997615814209,True,0.9999997615814209,2.528460072426242e-07,
scripts\PredicciónImágenes\Mass\00015754_015.png,chest_xray,1.0,True,1.0,6.839915439593724e-11,
scripts\PredicciónImágenes\Mass\00027464_000.png,chest_xray,0.9999984502792358,True,0.9999984502792358,1.509302933300205e-06,
scripts\PredicciónImágenes\Mass\00006500_006.png,chest_xray,1.0,True,1.0,6.313448375205866e-11,
scripts\PredicciónImágenes\Mass\00011074_002.png,chest_xray,0.9999998807907104,True,0.9999998807907104,1.637876749782663e-07,
scripts\PredicciónImágenes\Mass\00012515_000.png,chest_xray,1.0,True,1.0,3.139210003055837e-10,
scripts\PredicciónImágenes\Mass\00026701_000.png,chest_xray,1.0,True,1.0,3.671000925464796e-08,
scripts\PredicciónImágenes\Mass\00016971_005.png,chest_xray,1.0,True,1.0,1.855847767129326e-11,
scripts\PredicciónImágenes\Mass\00018065_000.png,chest_xray,1.0,True,1.0,3.8163011639724687e-10,
scripts\PredicciónImágenes\Mass\00028844_018.png,chest_xray,0.9999997615814209,True,0.9999997615814209,2.9205659757280955e-07,
scripts\PredicciónImágenes\Mass\00030000_003.png,chest_xray,1.0,True,1.0,3.454532493396556e-11,
scripts\PredicciónImágenes\Mass\00011956_004.png,chest_xray,1.0,True,1.0,1.0488661050800374e-09,
scripts\PredicciónImágenes\Mass\00015685_002.png,chest_xray,1.0,True,1.0,5.292851573690527e-11,
scripts\PredicciónImágenes\Mass\00016106_003.png,chest_xray,1.0,True,1.0,1.7773194027626005e-10,
scripts\PredicciónImágenes\Mass\00008081_006.png,chest_xray,1.0,True,1.0,1.8447960936640584e-09,
scripts\PredicciónImágenes\Mass\00013650_000.png,chest_xray,1.0,True,1.0,7.60248322628776e-11,
scripts\PredicciónImágenes\Mass\00015660_000.png,chest_xray,1.0,True,1.0,2.783875213685505e-11,
scripts\PredicciónImágenes\Mass\00018632_000.png,chest_xray,1.0,True,1.0,9.912751730567493e-10,
scripts\PredicciónImágenes\Mass\00013141_000.png,chest_xray,0.9999936819076538,True,0.9999936819076538,6.336986189126037e-06,
scripts\PredicciónImágenes\Mass\00012376_006.png,chest_xray,1.0,True,1.0,6.201505531322482e-09,
scripts\PredicciónImágenes\Mass\00008924_000.png,chest_xray,1.0,True,1.0,1.0013084805748917e-09,
scripts\PredicciónImágenes\Mass\00019089_000.png,chest_xray,1.0,True,1.0,9.231460929015611e-09,
scripts\PredicciónImágenes\Mass\00016988_000.png,chest_xray,1.0,True,1.0,7.55229993126827e-12,
scripts\PredicciónImágenes\Mass\00006116_000.png,chest_xray,1.0,True,1.0,5.263078861617032e-09,
scripts\PredicciónImágenes\Mass\00026769_003.png,chest_xray,1.0,True,1.0,2.7408994518474117e-10,
scripts\PredicciónImágenes\Mass\00025169_004.png,chest_xray,1.0,True,1.0,2.4329349646023957e-09,
scripts\PredicciónImágenes\Mass\00012604_001.png,chest_xray,1.0,True,1.0,2.148480149344323e-08,
scripts\PredicciónImágenes\Mass\00016986_004.png,chest_xray,1.0,True,1.0,2.2280211009473305e-10,
scripts\PredicciónImágenes\Mass\00022577_000.png,chest_xray,0.9999997615814209,True,0.9999997615814209,1.8898285247814783e-07,
scripts\PredicciónImágenes\Mass\00007417_005.png,chest_xray,1.0,True,1.0,4.695561300893658e-11,
scripts\PredicciónImágenes\Mass\00019895_003.png,chest_xray,1.0,True,1.0,1.1759841100911217e-08,
scripts\PredicciónImágenes\Mass\00011096_000.png,chest_xray,1.0,True,1.0,5.471825770264616e-10,
scripts\PredicciónImágenes\Mass\00017178_001.png,chest_xray,1.0,True,1.0,2.669127585619435e-09,
scripts\PredicciónImágenes\Mass\00020477_002.png,chest_xray,1.0,True,1.0,3.0342797718851955e-11,
scripts\PredicciónImágenes\Mass\00023309_010.png,chest_xray,1.0,True,1.0,8.341596302585685e-10,
scripts\PredicciónImágenes\Mass\00028876_007.png,chest_xray,1.0,True,1.0,1.0492057223032702e-10,
scripts\PredicciónImágenes\Mass\00002722_001.png,chest_xray,1.0,True,1.0,9.587480115369473e-11,
scripts\PredicciónImágenes\Mass\00010447_008.png,chest_xray,1.0,True,1.0,3.3714750991009623e-09,
scripts\PredicciónImágenes\Mass\00007757_005.png,chest_xray,1.0,True,1.0,5.514522757703311e-13,
scripts\PredicciónImágenes\Mass\00014398_005.png,chest_xray,1.0,True,1.0,1.784553127492927e-08,
scripts\PredicciónImágenes\Mass\00028433_003.png,chest_xray,1.0,True,1.0,2.507953622554737e-09,
scripts\PredicciónImágenes\Mass\00026800_000.png,chest_xray,1.0,True,1.0,1.5109252737843804e-10,
scripts\PredicciónImágenes\Mass\00030157_001.png,chest_xray,1.0,True,1.0,1.805290916756519e-10,
scripts\PredicciónImágenes\Mass\00006986_000.png,chest_xray,1.0,True,1.0,3.2110711659094626e-12,
scripts\PredicciónImágenes\Mass\00017235_004.png,chest_xray,1.0,True,1.0,1.3864251080519807e-08,
scripts\PredicciónImágenes\Mass\00016487_001.png,chest_xray,1.0,True,1.0,3.170575347405391e-12,
scripts\PredicciónImágenes\Mass\00014462_002.png,chest_xray,1.0,True,1.0,1.5100027131453864e-11,
scripts\PredicciónImágenes\Mass\00017484_001.png,chest_xray,1.0,True,1.0,1.590270415352535e-10,
scripts\PredicciónImágenes\Mass\00018331_009.png,chest_xray,0.9999990463256836,True,0.9999990463256836,9.556417808198603e-07,
scripts\PredicciónImágenes\Mass\00011355_042.png,chest_xray,1.0,True,1.0,1.6312345918478854e-09,
scripts\PredicciónImágenes\Mass\00028379_000.png,chest_xray,1.0,True,1.0,3.9594626188854676e-11,
scripts\PredicciónImágenes\Mass\00013659_001.png,chest_xray,1.0,True,1.0,3.7731784363614906e-10,
scripts\PredicciónImágenes\Mass\00011804_019.png,chest_xray,1.0,True,1.0,1.7659404605296913e-08,
scripts\PredicciónImágenes\Mass\00003490_002.png,chest_xray,1.0,True,1.0,1.1311593439700118e-08,
scripts\PredicciónImágenes\Mass\00014265_015.png,chest_xray,1.0,True,1.0,7.401568247189516e-11,
scripts\PredicciónImágenes\Mass\00022223_000.png,chest_xray,1.0,True,1.0,4.174198313389166e-12,
scripts\PredicciónImágenes\Mass\00016772_008.png,chest_xray,1.0,True,1.0,2.8441613508789487e-09,
scripts\PredicciónImágenes\Mass\00002230_000.png,chest_xray,1.0,True,1.0,1.287531414817522e-09,
scripts\PredicciónImágenes\Mass\00010215_001.png,chest_xray,1.0,True,1.0,9.453006155624166e-10,
scripts\PredicciónImágenes\Mass\00023298_000.png,chest_xray,1.0,True,1.0,3.354040378766854e-10,
scripts\PredicciónImágenes\Mass\00004722_002.png,chest_xray,1.0,True,1.0,6.364910820622072e-10,
scripts\PredicciónImágenes\Mass\00014826_006.png,chest_xray,0.9999998807907104,True,0.9999998807907104,1.1241802866379658e-07,
scripts\PredicciónImágenes\Mass\00006829_005.png,chest_xray,1.0,True,1.0,7.706325161338512e-12,
scripts\PredicciónImágenes\Mass\00023073_000.png,chest_xray,1.0,True,1.0,7.795250556164035e-11,
scripts\PredicciónImágenes\Mass\00006664_000.png,chest_xray,1.0,True,1.0,7.839837667944494e-10,
scripts\PredicciónImágenes\Mass\00016971_010.png,chest_xray,1.0,True,1.0,2.6350390758267395e-09,
scripts\PredicciónImágenes\Mass\00014956_017.png,chest_xray,1.0,True,1.0,6.484912606907756e-11,
scripts\PredicciónImágenes\Mass\00022837_036.png,chest_xray,1.0,True,1.0,5.293573579479016e-09,
scripts\PredicciónImágenes\Mass\00014018_001.png,chest_xray,1.0,True,1.0,1.4128492820120186e-10,
scripts\PredicciónImágenes\Mass\00009485_002.png,chest_xray,1.0,True,1.0,2.400107890210279e-10,
scripts\PredicciónImágenes\Mass\00016516_000.png,chest_xray,1.0,True,1.0,7.27953461399089e-12,
scripts\PredicciónImágenes\Mass\00003377_009.png,chest_xray,1.0,True,1.0,1.9600152664084325e-12,
scripts\PredicciónImágenes\Mass\00014010_001.png,chest_xray,1.0,True,1.0,5.478433331984611e-11,
scripts\PredicciónImágenes\Mass\00009421_000.png,chest_xray,1.0,True,1.0,1.8679844338009843e-09,
scripts\PredicciónImágenes\Mass\00014919_015.png,chest_xray,1.0,True,1.0,1.0420946772171646e-08,
scripts\PredicciónImágenes\Mass\00009431_005.png,chest_xray,1.0,True,1.0,3.016775414546591e-12,
scripts\PredicciónImágenes\Mass\00017618_034.png,chest_xray,0.9999998807907104,True,0.9999998807907104,7.039584914991792e-08,
scripts\PredicciónImágenes\Mass\00029343_000.png,chest_xray,0.9999997615814209,True,0.9999997615814209,2.5544127879584266e-07,
scripts\PredicciónImágenes\Mass\00006308_005.png,chest_xray,1.0,True,1.0,1.2435172336289213e-10,
scripts\PredicciónImágenes\Mass\00014032_007.png,chest_xray,1.0,True,1.0,8.989128885694697e-12,
scripts\PredicciónImágenes\Mass\00013063_001.png,chest_xray,1.0,True,1.0,2.2561295887069122e-10,
scripts\PredicciónImágenes\Mass\00002870_000.png,chest_xray,1.0,True,1.0,1.2822267553280753e-11,
scripts\PredicciónImágenes\Mass\00025529_010.png,chest_xray,0.9999998807907104,True,0.9999998807907104,1.2225878265326173e-07,
scripts\PredicciónImágenes\Mass\00017557_000.png,chest_xray,1.0,True,1.0,2.2378209008078187e-10,
scripts\PredicciónImágenes\Mass\00025093_013.png,chest_xray,1.0,True,1.0,1.9835686426716848e-09,
scripts\PredicciónImágenes\Mass\00026015_000.png,chest_xray,1.0,True,1.0,1.7443180146820003e-12,
scripts\PredicciónImágenes\Mass\00014663_010.png,chest_xray,1.0,True,1.0,2.7282629488922794e-09,
scripts\PredicciónImágenes\Mass\00011829_006.png,chest_xray,1.0,True,1.0,1.5881864712241622e-08,
scripts\PredicciónImágenes\Mass\00012007_002.png,chest_xray,1.0,True,1.0,1.9653769930960685e-11,
scripts\PredicciónImágenes\Mass\00012200_000.png,chest_xray,1.0,True,1.0,2.495368668642417e-11,
scripts\PredicciónImágenes\Mass\00017234_004.png,chest_xray,1.0,True,1.0,1.9550533636447653e-08,
scripts\PredicciónImágenes\Mass\00018733_001.png,chest_xray,1.0,True,1.0,1.901498514200739e-09,
scripts\PredicciónImágenes\Mass\00025368_002.png,chest_xray,1.0,True,1.0,1.5528460739488992e-09,
scripts\PredicciónImágenes\Mass\00017662_001.png,chest_xray,1.0,True,1.0,1.3505211393649574e-09,
scripts\PredicciónImágenes\Mass\00011104_000.png,chest_xray,1.0,True,1.0,3.7866748625603464e-10,
scripts\PredicciónImágenes\Mass\00005460_011.png,chest_xray,1.0,True,1.0,5.457538421183017e-09,
scripts\PredicciónImágenes\Mass\00008008_020.png,chest_xray,1.0,True,1.0,3.210941290632263e-09,
scripts\PredicciónImágenes\Mass\00023091_006.png,chest_xray,1.0,True,1.0,2.822275524394513e-09,
scripts\PredicciónImágenes\Mass\00010427_016.png,chest_xray,1.0,True,1.0,2.2233895280443505e-10,
scripts\PredicciónImágenes\Mass\00018010_000.png,chest_xray,1.0,True,1.0,9.542218404323677e-11,
scripts\PredicciónImágenes\Mass\00009305_001.png,chest_xray,1.0,True,1.0,1.9980489485149633e-11,
scripts\PredicciónImágenes\Mass\00017425_001.png,chest_xray,1.0,True,1.0,1.1244671860310973e-08,
scripts\PredicciónImágenes\Mass\00014578_001.png,chest_xray,1.0,True,1.0,1.0179462828219243e-09,
scripts\PredicciónImágenes\Mass\00019369_001.png,chest_xray,1.0,True,1.0,1.244528702315506e-09,
scripts\PredicciónImágenes\Mass\00027843_001.png,chest_xray,1.0,True,1.0,9.476862870838598e-12,
scripts\PredicciónImágenes\Mass\00019308_003.png,chest_xray,1.0,True,1.0,1.7999787771394438e-10,
scripts\PredicciónImágenes\Mass\00015863_000.png,chest_xray,1.0,True,1.0,4.0452355354325675e-10,
scripts\PredicciónImágenes\Mass\00021177_000.png,chest_xray,1.0,True,1.0,9.638373432707681e-12,
scripts\PredicciónImágenes\Mass\00014663_001.png,chest_xray,1.0,True,1.0,4.6541397402677376e-09,
scripts\PredicciónImágenes\Mass\00015767_000.png,chest_xray,0.9999840259552002,True,0.9999840259552002,1.5938625438138843e-05,
scripts\PredicciónImágenes\Mass\00021581_001.png,chest_xray,1.0,True,1.0,2.29639279814009e-10,
scripts\PredicciónImágenes\Mass\00006273_007.png,chest_xray,1.0,True,1.0,2.8491442538580714e-10,
scripts\PredicciónImágenes\Mass\00027589_000.png,chest_xray,1.0,True,1.0,2.2232434560010006e-08,
scripts\PredicciónImágenes\Mass\00014265_010.png,chest_xray,1.0,True,1.0,8.04157851419518e-11,
scripts\PredicciónImágenes\Mass\00002073_002.png,chest_xray,0.9999998807907104,True,0.9999998807907104,1.0097750191562227e-07,
scripts\PredicciónImágenes\Mass\00009683_000.png,chest_xray,1.0,True,1.0,1.6314018191909696e-10,
scripts\PredicciónImágenes\Mass\00021640_001.png,chest_xray,1.0,True,1.0,1.1186389314854495e-10,
scripts\PredicciónImágenes\Mass\00009795_000.png,chest_xray,1.0,True,1.0,1.0082637849628817e-12,
scripts\PredicciónImágenes\Mass\00000248_024.png,chest_xray,0.999996542930603,True,0.999996542930603,3.499913191262749e-06,
scripts\PredicciónImágenes\Mass\00009653_003.png,chest_xray,1.0,True,1.0,1.0845292663930195e-08,
scripts\PredicciónImágenes\Mass\00015495_008.png,chest_xray,0.9999985694885254,True,0.9999985694885254,1.4092113360675285e-06,
scripts\PredicciónImágenes\Mass\00013608_014.png,chest_xray,0.9999971389770508,True,0.9999971389770508,2.9064058253425173e-06,
scripts\PredicciónImágenes\Mass\00000601_000.png,chest_xray,1.0,True,1.0,2.2254418793887787e-11,
scripts\PredicciónImágenes\Mass\00009889_039.png,chest_xray,1.0,True,1.0,1.194476878518813e-10,
scripts\PredicciónImágenes\Mass\00022059_000.png,chest_xray,0.9999997615814209,True,0.9999997615814209,2.0476444717587583e-07,
scripts\PredicciónImágenes\Mass\00007417_003.png,chest_xray,1.0,True,1.0,1.0838565600579386e-09,
scripts\PredicciónImágenes\Mass\00022364_000.png,chest_xray,1.0,True,1.0,1.1562238666495972e-10,
scripts\PredicciónImágenes\Mass\00002466_005.png,chest_xray,1.0,True,1.0,7.375568211731576e-11,
scripts\PredicciónImágenes\Mass\00004094_009.png,chest_xray,1.0,True,1.0,1.0500224995046992e-10,
scripts\PredicciónImágenes\Mass\00000071_008.png,chest_xray,1.0,True,1.0,1.0646068054898095e-10,
scripts\PredicciónImágenes\Mass\00008017_000.png,chest_xray,0.9999994039535522,True,0.9999994039535522,5.511728886631317e-07,
scripts\PredicciónImágenes\Mass\00019634_002.png,chest_xray,1.0,True,1.0,9.30539023613619e-09,
scripts\PredicciónImágenes\Mass\00018527_008.png,chest_xray,1.0,True,1.0,3.883120491821046e-09,
scripts\PredicciónImágenes\Mass\00022058_001.png,chest_xray,1.0,True,1.0,2.1358019353101554e-08,
scripts\PredicciónImágenes\Mass\00029224_000.png,chest_xray,1.0,True,1.0,5.365123456613219e-09,
scripts\PredicciónImágenes\Mass\00023153_000.png,chest_xray,1.0,True,1.0,1.1232827862306394e-10,
scripts\PredicciónImágenes\Mass\00026725_010.png,chest_xray,0.9999998807907104,True,0.9999998807907104,1.463991452510527e-07,
scripts\PredicciónImágenes\Mass\00006072_000.png,chest_xray,1.0,True,1.0,3.851768348717144e-10,
scripts\PredicciónImágenes\Mass\00006273_004.png,chest_xray,1.0,True,1.0,1.8585337435705895e-10,
scripts\PredicciónImágenes\Mass\00013381_000.png,chest_xray,1.0,True,1.0,6.879678077220674e-11,
scripts\PredicciónImágenes\Mass\00014125_039.png,chest_xray,1.0,True,1.0,4.569847625313095e-11,
scripts\PredicciónImágenes\Mass\00004621_000.png,chest_xray,1.0,True,1.0,1.883448605410898e-11,
scripts\PredicciónImágenes\Mass\00010771_000.png,chest_xray,1.0,True,1.0,1.4348547350273577e-10,
scripts\PredicciónImágenes\Mass\00019786_001.png,chest_xray,1.0,True,1.0,4.406879050046497e-13,
scripts\PredicciónImágenes\Mass\00022837_002.png,chest_xray,1.0,True,1.0,8.683174179680009e-10,
scripts\PredicciónImágenes\Mass\00016798_006.png,chest_xray,1.0,True,1.0,1.8807141954901851e-10,
scripts\PredicciónImágenes\Mass\00018751_000.png,chest_xray,1.0,True,1.0,1.2947611038871543e-10,
scripts\PredicciónImágenes\Mass\00015848_000.png,chest_xray,1.0,True,1.0,3.349192798096645e-11,
scripts\PredicciónImágenes\Mass\00018640_001.png,chest_xray,1.0,True,1.0,1.783546574318784e-11,
scripts\PredicciónImágenes\Mass\00008841_051.png,chest_xray,1.0,True,1.0,3.0999541041770717e-12,
scripts\PredicciónImágenes\Mass\00009122_000.png,chest_xray,1.0,True,1.0,2.6448136215828644e-12,
scripts\PredicciónImágenes\Mass\00006308_004.png,chest_xray,1.0,True,1.0,5.83337475545953e-11,
scripts\PredicciónImágenes\Mass\00006827_004.png,chest_xray,1.0,True,1.0,4.0014561109025237e-10,
scripts\PredicciónImágenes\Mass\00026024_001.png,chest_xray,1.0,True,1.0,5.257558277627083e-10,
scripts\PredicciónImágenes\Mass\00012525_006.png,chest_xray,1.0,True,1.0,1.356453616097042e-09,
scripts\PredicciónImágenes\Mass\00008943_002.png,chest_xray,1.0,True,1.0,6.5691505568565844e-09,
scripts\PredicciónImágenes\Mass\00017234_007.png,chest_xray,1.0,True,1.0,1.7235483040778377e-09,
scripts\PredicciónImágenes\Mass\00015895_000.png,chest_xray,1.0,True,1.0,4.251449886583103e-11,
scripts\PredicciónImágenes\Mass\00020436_002.png,chest_xray,1.0,True,1.0,1.903188301399794e-10,
scripts\PredicciónImágenes\Mass\00024607_000.png,chest_xray,1.0,True,1.0,5.257435112260289e-11,
scripts\PredicciónImágenes\Mass\00020248_000.png,chest_xray,0.9999998807907104,True,0.9999998807907104,1.3224521921983978e-07,
scripts\PredicciónImágenes\Mass\00027557_000.png,chest_xray,1.0,True,1.0,6.149475928474146e-10,
scripts\PredicciónImágenes\Mass\00015163_000.png,chest_xray,1.0,True,1.0,2.3547870320328457e-09,
scripts\PredicciónImágenes\Mass\00005935_000.png,chest_xray,1.0,True,1.0,4.6469299762319505e-12,
scripts\PredicciónImágenes\Mass\00008613_001.png,chest_xray,1.0,True,1.0,1.3238282692284997e-10,
scripts\PredicciónImágenes\Mass\00028253_000.png,chest_xray,1.0,True,1.0,8.376013771460578e-11,
scripts\PredicciónImágenes\Mass\00005730_000.png,chest_xray,1.0,True,1.0,2.8597252604151135e-12,
scripts\PredicciónImágenes\Mass\00013777_000.png,chest_xray,1.0,True,1.0,1.4073752580001653e-11,
scripts\PredicciónImágenes\Mass\00011151_004.png,chest_xray,1.0,True,1.0,4.911039752641955e-08,
scripts\PredicciónImágenes\Mass\00007359_000.png,chest_xray,1.0,True,1.0,3.966870582017279e-11,
scripts\PredicciónImágenes\Mass\00019233_000.png,chest_xray,1.0,True,1.0,1.0620225185387078e-11,
scripts\PredicciónImágenes\Mass\00000416_001.png,chest_xray,1.0,True,1.0,1.9865217055960865e-13,
scripts\PredicciónImágenes\Mass\00004436_010.png,chest_xray,0.9999940395355225,True,0.9999940395355225,5.937808964517899e-06,
scripts\PredicciónImágenes\Mass\00009397_015.png,chest_xray,1.0,True,1.0,1.1468378247059263e-08,
scripts\PredicciónImágenes\Mass\00017616_000.png,chest_xray,1.0,True,1.0,7.91019250101499e-10,
scripts\PredicciónImágenes\Mass\00006173_002.png,chest_xray,1.0,True,1.0,6.457335968018674e-12,
scripts\PredicciónImágenes\Mass\00014731_020.png,chest_xray,1.0,True,1.0,8.271910933999038e-11,
scripts\PredicciónImágenes\Mass\00005298_013.png,chest_xray,0.9999673366546631,True,0.9999673366546631,3.264518454670906e-05,
scripts\PredicciónImágenes\Mass\00014607_002.png,chest_xray,1.0,True,1.0,6.413078401656946e-11,
scripts\PredicciónImágenes\Mass\00015029_002.png,chest_xray,1.0,True,1.0,8.710838994563375e-11,
scripts\PredicciónImágenes\Mass\00018373_000.png,chest_xray,1.0,True,1.0,3.5562733313732053e-11,
scripts\PredicciónImágenes\Mass\00022198_003.png,chest_xray,1.0,True,1.0,1.2449417052806666e-09,
scripts\PredicciónImágenes\Mass\00010992_005.png,chest_xray,1.0,True,1.0,5.037796291240682e-10,
scripts\PredicciónImágenes\Mass\00006313_000.png,chest_xray,1.0,True,1.0,1.8949793123557157e-11,
scripts\PredicciónImágenes\Mass\00009993_004.png,chest_xray,1.0,True,1.0,3.0348411284020216e-11,
scripts\PredicciónImágenes\Mass\00027621_002.png,chest_xray,1.0,True,1.0,3.571308873628887e-11,
scripts\PredicciónImágenes\Mass\00014357_000.png,chest_xray,1.0,True,1.0,1.5413407217224062e-09,
scripts\PredicciónImágenes\Mass\00019549_003.png,chest_xray,1.0,True,1.0,1.0536709282860102e-08,
scripts\PredicciónImágenes\Mass\00025473_003.png,chest_xray,1.0,True,1.0,2.2491047912964746e-10,
scripts\PredicciónImágenes\Mass\00019935_008.png,chest_xray,1.0,True,1.0,2.0200365685729693e-11,
scripts\PredicciónImágenes\Mass\00016122_000.png,chest_xray,1.0,True,1.0,3.3254371478719236e-11,
scripts\PredicciónImágenes\Mass\00017618_018.png,chest_xray,1.0,True,1.0,9.067955830666108e-10,
scripts\PredicciónImágenes\Mass\00013683_000.png,chest_xray,1.0,True,1.0,6.503003469049418e-09,
scripts\PredicciónImágenes\Mass\00021972_013.png,chest_xray,1.0,True,1.0,4.171156309240587e-09,
scripts\PredicciónImágenes\Mass\00006938_001.png,chest_xray,0.9999994039535522,True,0.9999994039535522,5.560528393289133e-07,
scripts\PredicciónImágenes\Mass\00016009_009.png,chest_xray,1.0,True,1.0,2.0236778919269227e-10,
scripts\PredicciónImágenes\Mass\00022948_002.png,chest_xray,1.0,True,1.0,6.005187319635397e-11,
scripts\PredicciónImágenes\Mass\00003837_001.png,chest_xray,1.0,True,1.0,8.027985221037426e-11,
scripts\PredicciónImágenes\Mass\00013499_003.png,chest_xray,1.0,True,1.0,3.0078055601734377e-09,
scripts\PredicciónImágenes\Mass\00017235_000.png,chest_xray,1.0,True,1.0,4.5620990318795407e-10,
scripts\PredicciónImágenes\Mass\00014320_015.png,chest_xray,1.0,True,1.0,4.580456673675126e-12,
scripts\PredicciónImágenes\Mass\00015643_000.png,chest_xray,1.0,True,1.0,1.2321890729971585e-10,
scripts\PredicciónImágenes\Mass\00001410_000.png,chest_xray,1.0,True,1.0,3.719031679838558e-11,
scripts\PredicciónImágenes\Mass\00013992_026.png,chest_xray,1.0,True,1.0,5.354309877414476e-12,
scripts\PredicciónImágenes\Mass\00021748_003.png,chest_xray,1.0,True,1.0,5.571548222782496e-10,
scripts\PredicciónImágenes\Mass\00028416_000.png,chest_xray,1.0,True,1.0,4.0197442596756616e-11,
scripts\PredicciónImágenes\Mass\00014839_005.png,chest_xray,1.0,True,1.0,2.2177353009578127e-10,
scripts\PredicciónImágenes\Mass\00006074_000.png,chest_xray,1.0,True,1.0,8.68713723178871e-09,
scripts\PredicciónImágenes\Mass\00011331_000.png,chest_xray,1.0,True,1.0,3.1981042813988836e-10,
scripts\PredicciónImágenes\Mass\00018606_007.png,chest_xray,0.9999998807907104,True,0.9999998807907104,6.708908983910078e-08,
scripts\PredicciónImágenes\Mass\00018733_000.png,chest_xray,1.0,True,1.0,3.850145202655142e-10,
scripts\PredicciónImágenes\Mass\00021539_001.png,chest_xray,1.0,True,1.0,3.134227766210529e-09,
scripts\PredicciónImágenes\Mass\00001410_002.png,chest_xray,0.9999995231628418,True,0.9999995231628418,4.896491532235814e-07,
scripts\PredicciónImágenes\Mass\00017618_017.png,chest_xray,1.0,True,1.0,2.60949983843517e-10,
scripts\PredicciónImágenes\Mass\00000103_008.png,chest_xray,1.0,True,1.0,7.970495791154164e-11,
scripts\PredicciónImágenes\Mass\00000248_016.png,chest_xray,1.0,True,1.0,1.1438225921978074e-09,
scripts\PredicciónImágenes\Mass\00009709_001.png,chest_xray,1.0,True,1.0,9.337490503025236e-11,
scripts\PredicciónImágenes\Mass\00014874_006.png,chest_xray,1.0,True,1.0,1.894842095728766e-11,
scripts\PredicciónImágenes\Mass\00017994_000.png,chest_xray,1.0,True,1.0,7.313977867795529e-09,
scripts\PredicciónImágenes\Mass\00019774_005.png,chest_xray,1.0,True,1.0,1.152257289582792e-09,
scripts\PredicciónImágenes\Mass\00013648_032.png,chest_xray,1.0,True,1.0,2.197429793682204e-08,
scripts\PredicciónImágenes\Mass\00022326_002.png,chest_xray,1.0,True,1.0,1.814931993755764e-12,
scripts\PredicciónImágenes\Mass\00014664_005.png,chest_xray,1.0,True,1.0,5.7055808966310906e-09,
scripts\PredicciónImágenes\Mass\00010144_000.png,chest_xray,1.0,True,1.0,3.667244286020832e-11,
scripts\PredicciónImágenes\Mass\00012470_002.png,chest_xray,0.9999998807907104,True,0.9999998807907104,8.610729906877168e-08,
scripts\PredicciónImágenes\Mass\00023075_033.png,chest_xray,1.0,True,1.0,1.0820038198744442e-09,
scripts\PredicciónImágenes\Mass\00020967_005.png,chest_xray,1.0,True,1.0,8.230693210320439e-11,
scripts\PredicciónImágenes\Mass\00022776_006.png,chest_xray,0.9999998807907104,True,0.9999998807907104,6.842365252168747e-08,
scripts\PredicciónImágenes\Mass\00005970_007.png,chest_xray,1.0,True,1.0,1.5978371403768676e-11,
scripts\PredicciónImágenes\Mass\00007534_020.png,chest_xray,1.0,True,1.0,6.95100851877406e-11,
scripts\PredicciónImágenes\Mass\00021115_002.png,chest_xray,1.0,True,1.0,3.721190577898881e-10,
scripts\PredicciónImágenes\Mass\00009508_001.png,chest_xray,1.0,True,1.0,4.1060713162899276e-10,
scripts\PredicciónImágenes\Mass\00014664_003.png,chest_xray,1.0,True,1.0,1.5778113260367377e-09,
scripts\PredicciónImágenes\Mass\00016953_006.png,chest_xray,0.9999998807907104,True,0.9999998807907104,7.444294425340559e-08,
scripts\PredicciónImágenes\Mass\00026573_004.png,chest_xray,1.0,True,1.0,2.5426544550399832e-11,
scripts\PredicciónImágenes\Mass\00002207_001.png,chest_xray,1.0,True,1.0,1.7718014555523354e-11,
scripts\PredicciónImágenes\Mass\00000248_018.png,chest_xray,0.9999997615814209,True,0.9999997615814209,2.1841799480171176e-07,
scripts\PredicciónImágenes\Mass\00007230_000.png,chest_xray,1.0,True,1.0,2.8812748627954354e-12,
scripts\PredicciónImágenes\Mass\00018964_009.png,chest_xray,1.0,True,1.0,4.007535969741127e-10,
scripts\PredicciónImágenes\Mass\00018867_000.png,chest_xray,1.0,True,1.0,6.259240348249762e-11,
scripts\PredicciónImágenes\Mass\00027230_001.png,chest_xray,1.0,True,1.0,4.5192166453489335e-08,
scripts\PredicciónImágenes\Mass\00022155_022.png,chest_xray,1.0,True,1.0,1.8642187793460607e-09,
scripts\PredicciónImágenes\Mass\00025393_001.png,chest_xray,0.9999963045120239,True,0.9999963045120239,3.6983508380217245e-06,
scripts\PredicciónImágenes\Mass\00027833_018.png,chest_xray,0.9999998807907104,True,0.9999998807907104,1.0643098136142726e-07,
scripts\PredicciónImágenes\Mass\00005794_002.png,chest_xray,1.0,True,1.0,5.312632278542395e-12,
scripts\PredicciónImágenes\Mass\00013133_000.png,chest_xray,1.0,True,1.0,1.4767597811271571e-08,
scripts\PredicciónImágenes\Mass\00028861_000.png,chest_xray,1.0,True,1.0,4.4110334417209185e-13,
scripts\PredicciónImágenes\Mass\00011291_002.png,chest_xray,0.999998927116394,True,0.999998927116394,1.072722398021142e-06,
scripts\PredicciónImágenes\Mass\00019805_003.png,chest_xray,1.0,True,1.0,4.5022630068558556e-10,
scripts\PredicciónImágenes\Mass\00011804_004.png,chest_xray,1.0,True,1.0,3.197531128762421e-10,
scripts\PredicciónImágenes\Mass\00011925_077.png,chest_xray,0.999988317489624,True,0.999988317489624,1.1697241461661179e-05,
scripts\PredicciónImágenes\Mass\00016475_000.png,chest_xray,1.0,True,1.0,1.9050133914788603e-08,
scripts\PredicciónImágenes\Mass\00007757_006.png,chest_xray,1.0,True,1.0,2.248727315468102e-10,
scripts\PredicciónImágenes\Mass\00017467_009.png,chest_xray,1.0,True,1.0,2.0144355628026744e-10,
scripts\PredicciónImágenes\Mass\00000618_006.png,chest_xray,1.0,True,1.0,2.9209407115260433e-10,
scripts\PredicciónImágenes\Mass\00008986_000.png,chest_xray,1.0,True,1.0,1.2170946542267025e-11,
scripts\PredicciónImágenes\Mass\00019145_013.png,chest_xray,1.0,True,1.0,1.550189487886655e-08,
scripts\PredicciónImágenes\Mass\00029413_000.png,chest_xray,1.0,True,1.0,5.2522233090490644e-11,
scripts\PredicciónImágenes\Mass\00027387_000.png,chest_xray,1.0,True,1.0,1.894113060840752e-10,
scripts\PredicciónImágenes\Mass\00019174_000.png,chest_xray,1.0,True,1.0,5.502750338726159e-11,
scripts\PredicciónImágenes\Mass\00016097_000.png,chest_xray,1.0,True,1.0,3.1919736298569035e-10,
scripts\PredicciónImágenes\Mass\00023071_002.png,chest_xray,1.0,True,1.0,1.1099853675089477e-12,
scripts\PredicciónImágenes\Mass\00013435_002.png,chest_xray,1.0,True,1.0,1.863610821217776e-09,
scripts\PredicciónImágenes\Mass\00006252_005.png,chest_xray,0.9999997615814209,True,0.9999997615814209,2.3057968689954578e-07,
scripts\PredicciónImágenes\Mass\00011355_040.png,chest_xray,1.0,True,1.0,3.17688479689604e-11,
scripts\PredicciónImágenes\Mass\00016974_000.png,chest_xray,1.0,True,1.0,3.1351587992389796e-10,
scripts\PredicciónImágenes\Mass\00027893_001.png,chest_xray,1.0,True,1.0,1.6013855172469782e-11,
scripts\PredicciónImágenes\Mass\00029727_001.png,chest_xray,1.0,True,1.0,1.3526175622266545e-12,
scripts\PredicciónImágenes\Mass\00018101_013.png,chest_xray,1.0,True,1.0,2.1056772991911998e-10,
scripts\PredicciónImágenes\Mass\00006273_008.png,chest_xray,1.0,True,1.0,7.520703677876828e-12,
scripts\PredicciónImágenes\Mass\00009671_000.png,chest_xray,1.0,True,1.0,1.2739967067409985e-11,
scripts\PredicciónImágenes\Mass\00005798_003.png,chest_xray,1.0,True,1.0,2.696282308534137e-09,
scripts\PredicciónImágenes\Mass\00009093_002.png,chest_xray,1.0,True,1.0,1.1528552557038552e-09,
scripts\PredicciónImágenes\Mass\00013648_000.png,chest_xray,1.0,True,1.0,4.3968377116260227e-13,
scripts\PredicciónImágenes\Mass\00028350_002.png,chest_xray,1.0,True,1.0,5.857889694149687e-12,
scripts\PredicciónImágenes\Mass\00007557_022.png,chest_xray,1.0,True,1.0,1.2767194246254832e-10,
scripts\PredicciónImágenes\Mass\00019429_000.png,chest_xray,1.0,True,1.0,2.502562324036006e-10,
scripts\PredicciónImágenes\Mass\00017429_005.png,chest_xray,1.0,True,1.0,1.7226305104589557e-10,
scripts\PredicciónImágenes\Mass\00008012_006.png,chest_xray,1.0,True,1.0,8.813662688567092e-09,
scripts\PredicciónImágenes\Mass\00015173_000.png,chest_xray,1.0,True,1.0,5.777118228245115e-10,
scripts\PredicciónImágenes\Mass\00017747_048.png,chest_xray,1.0,True,1.0,1.0784182574719026e-10,
scripts\PredicciónImágenes\Mass\00019251_000.png,chest_xray,1.0,True,1.0,1.7592585721537546e-10,
scripts\PredicciónImágenes\Mass\00017170_001.png,chest_xray,1.0,True,1.0,1.400267679585454e-09,
scripts\PredicciónImágenes\Mass\00017170_000.png,chest_xray,1.0,True,1.0,1.789176307109841e-10,
scripts\PredicciónImágenes\Mass\00006829_009.png,chest_xray,1.0,True,1.0,1.602411345974497e-12,
scripts\PredicciónImágenes\Mass\00008004_005.png,chest_xray,1.0,True,1.0,2.9080052255103794e-10,
scripts\PredicciónImágenes\Mass\00017110_009.png,chest_xray,1.0,True,1.0,9.326632521844402e-11,
scripts\PredicciónImágenes\Mass\00007691_006.png,chest_xray,1.0,True,1.0,1.756380285655723e-08,
scripts\PredicciónImágenes\Mass\00026423_000.png,chest_xray,1.0,True,1.0,1.7633974835895572e-10,
scripts\PredicciónImágenes\Mass\00023033_015.png,chest_xray,1.0,True,1.0,1.1841848335247818e-10,
scripts\PredicciónImágenes\Mass\00007932_008.png,chest_xray,1.0,True,1.0,2.046963487600806e-09,
scripts\PredicciónImágenes\Mass\00010497_000.png,chest_xray,1.0,True,1.0,8.437420900841985e-12,
scripts\PredicciónImágenes\Mass\00014839_003.png,chest_xray,1.0,True,1.0,1.369147330232412e-11,
scripts\PredicciónImágenes\Mass\00018126_013.png,chest_xray,0.9999997615814209,True,0.9999997615814209,2.236449745396385e-07,
scripts\PredicciónImágenes\Mass\00020436_000.png,chest_xray,1.0,True,1.0,3.481885613165758e-11,
scripts\PredicciónImágenes\Mass\00007731_003.png,chest_xray,1.0,True,1.0,2.9347663188517004e-11,
scripts\PredicciónImágenes\Mass\00001187_005.png,chest_xray,1.0,True,1.0,1.9234713821703053e-10,
scripts\PredicciónImágenes\Mass\00011478_004.png,chest_xray,1.0,True,1.0,5.547144610318355e-08,
scripts\PredicciónImágenes\Mass\00021590_000.png,chest_xray,1.0,True,1.0,7.269846617058429e-13,
scripts\PredicciónImágenes\Mass\00021589_000.png,chest_xray,1.0,True,1.0,1.6544974279497637e-09,
scripts\PredicciónImágenes\Mass\00017618_031.png,chest_xray,0.9999997615814209,True,0.9999997615814209,1.809253973306113e-07,
scripts\PredicciónImágenes\Mass\00005909_003.png,chest_xray,1.0,True,1.0,9.146893312217408e-13,
scripts\PredicciónImágenes\Mass\00018815_000.png,chest_xray,0.9999997615814209,True,0.9999997615814209,2.636413682921557e-07,
scripts\PredicciónImágenes\Mass\00014367_000.png,chest_xray,1.0,True,1.0,2.597529613276861e-12,
scripts\PredicciónImágenes\Mass\00001410_003.png,chest_xray,1.0,True,1.0,4.720705076843856e-11,
scripts\PredicciónImágenes\Mass\00017227_002.png,chest_xray,1.0,True,1.0,1.786433674599852e-11,
scripts\PredicciónImágenes\Mass\00019871_010.png,chest_xray,1.0,True,1.0,1.1838455563073502e-11,
scripts\PredicciónImágenes\Mass\00016577_003.png,chest_xray,1.0,True,1.0,9.890164243131494e-10,
scripts\PredicciónImágenes\Mass\00005014_012.png,chest_xray,1.0,True,1.0,2.6211739445614057e-09,
scripts\PredicciónImágenes\Mass\00025518_002.png,chest_xray,1.0,True,1.0,3.7043154654803345e-10,
scripts\PredicciónImágenes\Mass\00017136_014.png,chest_xray,0.9999998807907104,True,0.9999998807907104,6.954267206538134e-08,
scripts\PredicciónImágenes\Mass\00025393_002.png,chest_xray,0.9999995231628418,True,0.9999995231628418,4.6325016000992036e-07,
scripts\PredicciónImágenes\Mass\00020843_001.png,chest_xray,1.0,True,1.0,8.673105289513927e-11,
scripts\PredicciónImágenes\Mass\00021889_000.png,chest_xray,1.0,True,1.0,7.22599931279877e-12,
scripts\PredicciónImágenes\Mass\00022235_010.png,chest_xray,1.0,True,1.0,4.516926069286775e-11,
scripts\PredicciónImágenes\Mass\00008451_004.png,chest_xray,1.0,True,1.0,4.288725108381186e-08,
scripts\PredicciónImágenes\Mass\00011144_023.png,chest_xray,1.0,True,1.0,9.137020029470477e-10,
scripts\PredicciónImágenes\Mass\00007886_009.png,chest_xray,1.0,True,1.0,1.2986825156935389e-12,
scripts\PredicciónImágenes\Mass\00013501_002.png,chest_xray,1.0,True,1.0,1.42263006930321e-10,
scripts\PredicciónImágenes\Mass\00016331_000.png,chest_xray,1.0,True,1.0,1.3149105138055006e-09,
scripts\PredicciónImágenes\Mass\00006832_007.png,chest_xray,1.0,True,1.0,1.6339249953034596e-09,
scripts\PredicciónImágenes\Mass\00010938_001.png,chest_xray,0.9999994039535522,True,0.9999994039535522,6.181020353324129e-07,
scripts\PredicciónImágenes\Mass\00006252_000.png,chest_xray,1.0,True,1.0,7.336125630585943e-12,
scripts\PredicciónImágenes\Mass\00014105_002.png,chest_xray,1.0,True,1.0,4.91986220652052e-08,
scripts\PredicciónImágenes\Mass\00019773_005.png,chest_xray,1.0,True,1.0,2.9004525003983872e-08,
scripts\PredicciónImágenes\Mass\00007136_001.png,chest_xray,1.0,True,1.0,1.5676654419038982e-10,
scripts\PredicciónImágenes\Mass\00017662_003.png,chest_xray,1.0,True,1.0,2.6692886385937774e-14,
scripts\PredicciónImágenes\Mass\00019700_004.png,chest_xray,1.0,True,1.0,9.841765180595985e-10,
scripts\PredicciónImágenes\Mass\00029161_000.png,chest_xray,1.0,True,1.0,9.988106695890675e-12,
scripts\PredicciónImágenes\Mass\00011285_001.png,chest_xray,1.0,True,1.0,3.5049265573183774e-11,
scripts\PredicciónImágenes\Mass\00026586_000.png,chest_xray,1.0,True,1.0,4.0417033608797226e-10,
scripts\PredicciónImágenes\Mass\00027230_002.png,chest_xray,1.0,True,1.0,1.5856673751812878e-09,
scripts\PredicciónImágenes\Mass\00009022_000.png,chest_xray,1.0,True,1.0,1.1750020512124593e-08,
scripts\PredicciónImágenes\Mass\00020499_011.png,chest_xray,0.9999997615814209,True,0.9999997615814209,2.1381075043791498e-07,
scripts\PredicciónImágenes\Mass\00019436_000.png,chest_xray,1.0,True,1.0,9.226276687090973e-11,
scripts\PredicciónImágenes\Mass\00018637_000.png,chest_xray,1.0,True,1.0,2.3382115688086458e-11,
scripts\PredicciónImágenes\Mass\00021539_002.png,chest_xray,1.0,True,1.0,1.4797208597316924e-11,
scripts\PredicciónImágenes\Mass\00003974_003.png,chest_xray,1.0,True,1.0,3.448961294338915e-08,
scripts\PredicciónImágenes\Mass\00005721_003.png,chest_xray,1.0,True,1.0,6.843158928404591e-09,
scripts\PredicciónImágenes\Mass\00005296_000.png,chest_xray,1.0,True,1.0,5.011023596068753e-09,
scripts\PredicciónImágenes\Mass\00017136_003.png,chest_xray,1.0,True,1.0,1.0837087303927628e-11,
scripts\PredicciónImágenes\Mass\00019006_002.png,chest_xray,1.0,True,1.0,1.9669456341464553e-10,
scripts\PredicciónImágenes\Mass\00005348_015.png,chest_xray,1.0,True,1.0,7.903462606595468e-11,
scripts\PredicciónImágenes\Mass\00026505_000.png,chest_xray,1.0,True,1.0,1.3258295850082646e-10,
scripts\PredicciónImágenes\Mass\00007506_000.png,chest_xray,1.0,True,1.0,2.1843041698305088e-12,
scripts\PredicciónImágenes\Mass\00026202_006.png,chest_xray,1.0,True,1.0,1.6656556134364564e-09,
scripts\PredicciónImágenes\Mass\00001875_001.png,chest_xray,0.9999998807907104,True,0.9999998807907104,1.4698811412472423e-07,
scripts\PredicciónImágenes\Mass\00000416_008.png,chest_xray,1.0,True,1.0,9.070351240925145e-12,
scripts\PredicciónImágenes\Mass\00009608_032.png,chest_xray,0.9999992847442627,True,0.9999992847442627,7.569604463242285e-07,
scripts\PredicciónImágenes\Mass\00017423_006.png,chest_xray,0.9999136924743652,True,0.9999136924743652,8.630717638880014e-05,
scripts\PredicciónImágenes\Mass\00030063_000.png,chest_xray,1.0,True,1.0,6.158440424286482e-11,
scripts\PredicciónImágenes\Mass\00017644_001.png,chest_xray,1.0,True,1.0,4.863297264900979e-11,
scripts\PredicciónImágenes\Mass\00016743_000.png,chest_xray,1.0,True,1.0,7.690632158885435e-11,
scripts\PredicciónImágenes\Mass\00018284_000.png,chest_xray,1.0,True,1.0,9.993033067701163e-10,
scripts\PredicciónImágenes\Mass\00025989_000.png,chest_xray,1.0,True,1.0,7.345818398007964e-11,
scripts\PredicciónImágenes\Mass\00009953_037.png,chest_xray,1.0,True,1.0,1.6905641331277366e-08,
scripts\PredicciónImágenes\Mass\00016095_000.png,chest_xray,1.0,True,1.0,8.482902158490901e-10,
scripts\PredicciónImágenes\Mass\00011886_009.png,chest_xray,1.0,True,1.0,7.421274705876613e-11,
scripts\PredicciónImágenes\Mass\00027195_000.png,chest_xray,1.0,True,1.0,2.5685167770461703e-08,
scripts\PredicciónImágenes\Mass\00027798_000.png,chest_xray,1.0,True,1.0,6.355678761060801e-10,
scripts\PredicciónImágenes\Mass\00003870_000.png,chest_xray,0.9999997615814209,True,0.9999997615814209,2.0791841848222248e-07,
scripts\PredicciónImágenes\Mass\00020455_005.png,chest_xray,1.0,True,1.0,9.931847566591046e-10,
scripts\PredicciónImágenes\Mass\00010447_000.png,chest_xray,1.0,True,1.0,4.370639961059908e-10,
scripts\PredicciónImágenes\Mass\00013461_008.png,chest_xray,1.0,True,1.0,4.01700256391635e-10,
scripts\PredicciónImágenes\Mass\00019774_004.png,chest_xray,1.0,True,1.0,1.433751554980045e-11,
scripts\PredicciónImágenes\Mass\00009247_001.png,chest_xray,1.0,True,1.0,3.289805580730665e-11,
scripts\PredicciónImágenes\Mass\00005638_002.png,chest_xray,1.0,True,1.0,3.912079687973247e-11,
scripts\PredicciónImágenes\Mass\00013523_000.png,chest_xray,1.0,True,1.0,1.6884815767781447e-09,
scripts\PredicciónImágenes\Mass\00001833_012.png,chest_xray,0.9999998807907104,True,0.9999998807907104,1.2210847444293904e-07,
scripts\PredicciónImágenes\Mass\00005442_000.png,chest_xray,1.0,True,1.0,2.9032571902121163e-09,
scripts\PredicciónImágenes\Mass\00014663_056.png,chest_xray,1.0,True,1.0,1.4733498865382444e-08,
scripts\PredicciónImágenes\Mass\00017036_011.png,chest_xray,0.9999998807907104,True,0.9999998807907104,1.1792706544611065e-07,
scripts\PredicciónImágenes\Mass\00003758_001.png,chest_xray,1.0,True,1.0,1.769612928415043e-11,
scripts\PredicciónImágenes\Mass\00000693_004.png,chest_xray,1.0,True,1.0,3.277756677189103e-10,
scripts\PredicciónImágenes\Mass\00026432_004.png,chest_xray,0.9999997615814209,True,0.9999997615814209,2.556401454967272e-07,
scripts\PredicciónImágenes\Mass\00015895_011.png,chest_xray,0.9999998807907104,True,0.9999998807907104,1.0917355552919616e-07,
scripts\PredicciónImágenes\Mass\00012648_000.png,chest_xray,1.0,True,1.0,5.69326141786064e-10,
scripts\PredicciónImágenes\Mass\00016064_000.png,chest_xray,1.0,True,1.0,4.3592365273070754e-09,
scripts\PredicciónImágenes\Mass\00004928_005.png,chest_xray,0.9999996423721313,True,0.9999996423721313,3.838853501747508e-07,
scripts\PredicciónImágenes\Mass\00020373_000.png,chest_xray,1.0,True,1.0,4.015175344984634e-12,
scripts\PredicciónImágenes\Mass\00011379_001.png,chest_xray,0.9999998807907104,True,0.9999998807907104,8.807683826717039e-08,
scripts\PredicciónImágenes\Mass\00011478_001.png,chest_xray,1.0,True,1.0,3.6120113566795453e-09,
scripts\PredicciónImágenes\Mass\00017763_000.png,chest_xray,1.0,True,1.0,2.7628220891640076e-11,
scripts\PredicciónImágenes\Mass\00030096_000.png,chest_xray,1.0,True,1.0,1.1517968870333739e-11,
scripts\PredicciónImágenes\Mass\00003300_012.png,chest_xray,1.0,True,1.0,4.941772360246566e-13,
scripts\PredicciónImágenes\Mass\00018101_000.png,chest_xray,1.0,True,1.0,6.602585700399288e-10,
scripts\PredicciónImágenes\Mass\00011130_002.png,chest_xray,1.0,True,1.0,1.463140025803611e-11,
scripts\PredicciónImágenes\Mass\00017427_000.png,chest_xray,1.0,True,1.0,6.025460685954442e-11,
scripts\PredicciónImágenes\Mass\00010795_000.png,chest_xray,1.0,True,1.0,1.2245872718641415e-12,
scripts\PredicciónImágenes\Mass\00013931_005.png,chest_xray,1.0,True,1.0,3.962135508572828e-08,
scripts\PredicciónImágenes\Mass\00019759_001.png,chest_xray,1.0,True,1.0,3.3357125950317368e-09,
scripts\PredicciónImágenes\Mass\00028963_000.png,chest_xray,1.0,True,1.0,1.750695977076333e-10,
scripts\PredicciónImágenes\Mass\00002523_001.png,chest_xray,1.0,True,1.0,5.535808478285276e-10,
scripts\PredicciónImágenes\Mass\00013977_000.png,chest_xray,1.0,True,1.0,1.2996792878028351e-11,
scripts\PredicciónImágenes\Mass\00001951_019.png,chest_xray,0.9999988079071045,True,0.9999988079071045,1.1552505156942061e-06,
scripts\PredicciónImágenes\Mass\00015384_009.png,chest_xray,1.0,True,1.0,1.3854165037407995e-10,
scripts\PredicciónImágenes\Mass\00017064_008.png,chest_xray,1.0,True,1.0,1.50228518513984e-09,
scripts\PredicciónImágenes\Mass\00030184_003.png,chest_xray,1.0,True,1.0,2.9644062760070256e-09,
scripts\PredicciónImágenes\Mass\00013670_065.png,chest_xray,1.0,True,1.0,4.310868462198414e-08,
scripts\PredicciónImágenes\Mass\00006010_002.png,chest_xray,0.9999995231628418,True,0.9999995231628418,5.158086651135818e-07,
scripts\PredicciónImágenes\Mass\00006488_000.png,chest_xray,1.0,True,1.0,4.332256331451845e-09,
scripts\PredicciónImágenes\Mass\00018663_005.png,chest_xray,1.0,True,1.0,2.588332152775319e-11,
scripts\PredicciónImágenes\Mass\00006440_001.png,chest_xray,1.0,True,1.0,3.9006670116137343e-10,
scripts\PredicciónImágenes\Mass\00007416_002.png,chest_xray,1.0,True,1.0,1.9520929317451419e-10,
scripts\PredicciónImágenes\Mass\00028550_005.png,chest_xray,1.0,True,1.0,2.050103836692685e-10,
scripts\PredicciónImágenes\Mass\00027556_005.png,chest_xray,1.0,True,1.0,5.615849119067207e-09,
scripts\PredicciónImágenes\Mass\00011885_001.png,chest_xray,1.0,True,1.0,1.9216232771679387e-10,
scripts\PredicciónImágenes\Mass\00027833_010.png,chest_xray,1.0,True,1.0,2.4957675037740046e-08,
scripts\PredicciónImágenes\Mass\00018748_000.png,chest_xray,1.0,True,1.0,4.750297377675849e-10,
scripts\PredicciónImágenes\Mass\00028421_000.png,chest_xray,1.0,True,1.0,1.8549911606768887e-11,
scripts\PredicciónImágenes\Mass\00011804_018.png,chest_xray,1.0,True,1.0,2.850145897070888e-09,
scripts\PredicciónImágenes\Mass\00017756_000.png,chest_xray,1.0,True,1.0,7.717515515537343e-09,
scripts\PredicciónImágenes\Mass\00005578_002.png,chest_xray,1.0,True,1.0,1.0835439490097798e-10,
scripts\PredicciónImágenes\Mass\00011956_006.png,chest_xray,1.0,True,1.0,8.743564205992982e-11,
scripts\PredicciónImágenes\Mass\00011352_000.png,chest_xray,1.0,True,1.0,2.1726698131580013e-12,
scripts\PredicciónImágenes\Mass\00013846_001.png,chest_xray,1.0,True,1.0,1.3143638399881752e-09,
scripts\PredicciónImágenes\Mass\00010458_000.png,chest_xray,1.0,True,1.0,4.8989357709361414e-11,
scripts\PredicciónImágenes\Mass\00009953_027.png,chest_xray,1.0,True,1.0,4.1579326648388815e-08,
scripts\PredicciónImágenes\Mass\00014822_022.png,chest_xray,0.9999998807907104,True,0.9999998807907104,1.4811341486620222e-07,
scripts\PredicciónImágenes\Mass\00001187_002.png,chest_xray,1.0,True,1.0,6.8353246673869e-11,
scripts\PredicciónImágenes\Mass\00016103_000.png,chest_xray,1.0,True,1.0,2.587459690950311e-10,
scripts\PredicciónImágenes\Mass\00017467_014.png,chest_xray,1.0,True,1.0,1.6547870018701616e-10,
scripts\PredicciónImágenes\Mass\00011804_008.png,chest_xray,1.0,True,1.0,1.0390445448482666e-11,
scripts\PredicciónImágenes\Mass\00006827_001.png,chest_xray,1.0,True,1.0,7.284348124692031e-10,
scripts\PredicciónImágenes\Mass\00007009_001.png,chest_xray,1.0,True,1.0,1.5981457823777134e-10,
scripts\PredicciónImágenes\Mass\00019959_001.png,chest_xray,1.0,True,1.0,1.5449624218843994e-11,
scripts\PredicciónImágenes\Mass\00010050_017.png,chest_xray,1.0,True,1.0,4.547196397197695e-08,
scripts\PredicciónImágenes\Mass\00011845_017.png,chest_xray,1.0,True,1.0,5.66967028881038e-10,
scripts\PredicciónImágenes\Mass\00020290_005.png,chest_xray,1.0,True,1.0,6.350044379210829e-10,
scripts\PredicciónImágenes\Mass\00013158_001.png,chest_xray,1.0,True,1.0,1.2788825998200082e-08,
scripts\PredicciónImágenes\Mass\00006827_007.png,chest_xray,1.0,True,1.0,1.7232830273883337e-08,
scripts\PredicciónImágenes\Mass\00012048_003.png,chest_xray,1.0,True,1.0,7.27548576939796e-11,
scripts\PredicciónImágenes\Mass\00004532_003.png,chest_xray,0.9999998807907104,True,0.9999998807907104,8.488979830190146e-08,
scripts\PredicciónImágenes\Mass\00015167_002.png,chest_xray,1.0,True,1.0,1.0532921063122203e-10,
scripts\PredicciónImágenes\Mass\00014822_025.png,chest_xray,0.9999998807907104,True,0.9999998807907104,1.0989118237603179e-07,
scripts\PredicciónImágenes\Mass\00022427_005.png,chest_xray,1.0,True,1.0,2.3370367863151387e-09,
scripts\PredicciónImágenes\Mass\00015495_006.png,chest_xray,1.0,True,1.0,1.3770895535003547e-09,
scripts\PredicciónImágenes\Mass\00017618_027.png,chest_xray,0.9999996423721313,True,0.9999996423721313,3.6905817069055047e-07,
scripts\PredicciónImágenes\Mass\00012927_003.png,chest_xray,1.0,True,1.0,5.054907534218778e-11,
scripts\PredicciónImágenes\Mass\00017875_001.png,chest_xray,1.0,True,1.0,4.801257702524708e-08,
scripts\PredicciónImágenes\Mass\00005632_002.png,chest_xray,0.9999964237213135,True,0.9999964237213135,3.603220193326706e-06,
scripts\PredicciónImágenes\Mass\00011630_004.png,chest_xray,1.0,True,1.0,3.2941756961113455e-11,
scripts\PredicciónImágenes\Mass\00016830_007.png,chest_xray,1.0,True,1.0,1.434329460758832e-10,
scripts\PredicciónImágenes\Mass\00018284_019.png,chest_xray,1.0,True,1.0,4.774136286300745e-08,
scripts\PredicciónImágenes\Mass\00011804_011.png,chest_xray,1.0,True,1.0,8.976248910830265e-11,
scripts\PredicciónImágenes\Mass\00014570_000.png,chest_xray,0.9999955892562866,True,0.9999955892562866,4.460277068574214e-06,
scripts\PredicciónImágenes\Mass\00009604_006.png,chest_xray,1.0,True,1.0,5.896109156466878e-10,
scripts\PredicciónImágenes\Mass\00009022_001.png,chest_xray,1.0,True,1.0,1.1623898288348755e-08,
scripts\PredicciónImágenes\Mass\00017250_000.png,chest_xray,1.0,True,1.0,2.2426982146384056e-12,
scripts\PredicciónImágenes\Mass\00026063_000.png,chest_xray,1.0,True,1.0,7.458851591923832e-11,
scripts\PredicciónImágenes\Mass\00000248_017.png,chest_xray,1.0,True,1.0,1.5938127262415946e-08,
scripts\PredicciónImágenes\Mass\00001643_003.png,chest_xray,1.0,True,1.0,2.243048191630237e-09,
scripts\PredicciónImágenes\Mass\00008008_067.png,chest_xray,1.0,True,1.0,6.321564161027027e-09,
scripts\PredicciónImágenes\Mass\00020290_004.png,chest_xray,1.0,True,1.0,9.934210398743204e-11,
scripts\PredicciónImágenes\Mass\00004808_080.png,chest_xray,1.0,True,1.0,1.2249279368603538e-09,
scripts\PredicciónImágenes\Mass\00022155_002.png,chest_xray,0.9999998807907104,True,0.9999998807907104,1.1255233545170995e-07,
scripts\PredicciónImágenes\Mass\00029658_000.png,chest_xray,1.0,True,1.0,1.972468299804575e-10,
scripts\PredicciónImágenes\Mass\00010583_013.png,chest_xray,1.0,True,1.0,1.6316818729489313e-10,
scripts\PredicciónImágenes\Mass\00013917_033.png,chest_xray,1.0,True,1.0,5.023116367297575e-10,
scripts\PredicciónImágenes\Mass\00013942_000.png,chest_xray,1.0,True,1.0,1.1445945580224048e-10,
scripts\PredicciónImágenes\Mass\00019145_012.png,chest_xray,1.0,True,1.0,2.700954737644423e-10,
scripts\PredicciónImágenes\Mass\00017136_016.png,chest_xray,0.9999998807907104,True,0.9999998807907104,1.4016931970672886e-07,
scripts\PredicciónImágenes\Mass\00012891_008.png,chest_xray,1.0,True,1.0,5.985923562379369e-13,
scripts\PredicciónImágenes\Mass\00015754_000.png,chest_xray,1.0,True,1.0,5.51713744134652e-11,
scripts\PredicciónImágenes\Mass\00025181_014.png,chest_xray,1.0,True,1.0,2.3990576636379046e-08,
scripts\PredicciónImágenes\Mass\00010744_000.png,chest_xray,1.0,True,1.0,2.6671186148519155e-08,
scripts\PredicciónImágenes\Mass\00022772_000.png,chest_xray,1.0,True,1.0,2.0626195196271624e-10,
scripts\PredicciónImágenes\Mass\00029191_000.png,chest_xray,1.0,True,1.0,1.87754043423638e-08,
scripts\PredicciónImágenes\Mass\00021431_005.png,chest_xray,1.0,True,1.0,2.0651526710935286e-08,
scripts\PredicciónImágenes\Mass\00027905_003.png,chest_xray,1.0,True,1.0,1.8169288296121522e-10,
scripts\PredicciónImágenes\Mass\00006247_002.png,chest_xray,1.0,True,1.0,3.353821040330551e-11,
scripts\PredicciónImágenes\Mass\00004104_000.png,chest_xray,1.0,True,1.0,2.1439136577150464e-10,
scripts\PredicciónImágenes\Mass\00019475_000.png,chest_xray,1.0,True,1.0,1.6377111472509753e-11,
scripts\PredicciónImágenes\Mass\00028654_001.png,chest_xray,1.0,True,1.0,3.601325904156738e-10,
scripts\PredicciónImágenes\Mass\00014203_046.png,chest_xray,1.0,True,1.0,1.8584433547630397e-08,
scripts\PredicciónImágenes\Mass\00005014_011.png,chest_xray,1.0,True,1.0,3.180721463991176e-08,
scripts\PredicciónImágenes\Mass\00019739_001.png,chest_xray,1.0,True,1.0,1.3823592444339727e-11,
scripts\PredicciónImágenes\Mass\00010932_004.png,chest_xray,1.0,True,1.0,7.966179105256543e-11,
scripts\PredicciónImágenes\Mass\00007497_011.png,chest_xray,1.0,True,1.0,2.207247579155691e-11,
scripts\PredicciónImágenes\Mass\00014719_001.png,chest_xray,1.0,True,1.0,1.1856454706915542e-09,
scripts\PredicciónImágenes\Mass\00001615_001.png,chest_xray,1.0,True,1.0,1.0360889923788363e-09,
scripts\PredicciónImágenes\Mass\00007998_000.png,chest_xray,1.0,True,1.0,1.5832489486111712e-10,
scripts\PredicciónImágenes\Mass\00014822_021.png,chest_xray,1.0,True,1.0,4.0587894156729476e-11,
scripts\PredicciónImágenes\Mass\00012927_002.png,chest_xray,1.0,True,1.0,1.600514565325284e-08,
scripts\PredicciónImágenes\Mass\00018263_005.png,chest_xray,1.0,True,1.0,3.0897364666770954e-08,
scripts\PredicciónImágenes\Mass\00002510_002.png,chest_xray,1.0,True,1.0,4.4119824460508994e-10,
scripts\PredicciónImágenes\Mass\00011074_001.png,chest_xray,1.0,True,1.0,1.970994062405751e-10,
scripts\PredicciónImágenes\Mass\00006518_000.png,chest_xray,1.0,True,1.0,5.740563024936307e-10,
scripts\PredicciónImágenes\Mass\00001214_000.png,chest_xray,1.0,True,1.0,8.977418253230951e-10,
scripts\PredicciónImágenes\Mass\00026480_006.png,chest_xray,1.0,True,1.0,3.5267545828165936e-11,
scripts\PredicciónImágenes\Mass\00005952_000.png,chest_xray,1.0,True,1.0,1.9650792104641823e-09,
scripts\PredicciónImágenes\Mass\00014265_011.png,chest_xray,1.0,True,1.0,3.245209656554948e-10,
scripts\PredicciónImágenes\Mass\00008397_006.png,chest_xray,1.0,True,1.0,4.4476696631212675e-11,
scripts\PredicciónImágenes\Mass\00025812_003.png,chest_xray,1.0,True,1.0,7.260157475208473e-10,
scripts\PredicciónImágenes\Mass\00005410_000.png,chest_xray,1.0,True,1.0,2.245473078310578e-11,
scripts\PredicciónImágenes\Mass\00011622_006.png,chest_xray,1.0,True,1.0,5.92712476321644e-11,
scripts\PredicciónImágenes\Mass\00009953_038.png,chest_xray,1.0,True,1.0,2.3793791381621077e-09,
scripts\PredicciónImágenes\Mass\00013917_008.png,chest_xray,1.0,True,1.0,1.6753079826181683e-11,
scripts\PredicciónImágenes\Mass\00010551_000.png,chest_xray,1.0,True,1.0,5.7622368682119784e-11,
scripts\PredicciónImágenes\Mass\00018136_000.png,chest_xray,1.0,True,1.0,6.478097572260033e-12,
scripts\PredicciónImágenes\Mass\00027937_008.png,chest_xray,1.0,True,1.0,1.0923380949767747e-10,
scripts\PredicciónImágenes\Mass\00008642_001.png,chest_xray,1.0,True,1.0,2.73860545352278e-10,
scripts\PredicciónImágenes\Mass\00019124_074.png,chest_xray,1.0,True,1.0,2.4916542787356555e-11,
scripts\PredicciónImágenes\Mass\00016550_025.png,chest_xray,0.9999895095825195,True,0.9999895095825195,1.0435393051011488e-05,
scripts\PredicciónImágenes\Mass\00002361_015.png,chest_xray,1.0,True,1.0,5.242937750615795e-10,
scripts\PredicciónImágenes\Mass\00014593_002.png,chest_xray,1.0,True,1.0,2.7858644280343015e-09,
scripts\PredicciónImágenes\Mass\00026986_000.png,chest_xray,1.0,True,1.0,1.7573736910136972e-10,
scripts\PredicciónImágenes\Mass\00004904_000.png,chest_xray,1.0,True,1.0,2.044676872259288e-09,
scripts\PredicciónImágenes\Mass\00018304_014.png,chest_xray,1.0,True,1.0,3.604184728445148e-10,
scripts\PredicciónImágenes\Mass\00022948_005.png,chest_xray,1.0,True,1.0,3.4580280305895883e-10,
scripts\PredicciónImágenes\Mass\00009237_008.png,chest_xray,1.0,True,1.0,9.969725045522182e-11,
scripts\PredicciónImágenes\Mass\00005335_000.png,chest_xray,1.0,True,1.0,2.2619217610042597e-09,
scripts\PredicciónImágenes\Mass\00020378_000.png,chest_xray,1.0,True,1.0,2.2790894504964854e-08,
scripts\PredicciónImágenes\Mass\00017423_004.png,chest_xray,0.9999998807907104,True,0.9999998807907104,7.773850541070715e-08,
scripts\PredicciónImágenes\Mass\00004592_000.png,chest_xray,1.0,True,1.0,3.9710705834750115e-08,
scripts\PredicciónImágenes\Mass\00019240_001.png,chest_xray,1.0,True,1.0,7.030614979086636e-10,
scripts\PredicciónImágenes\Mass\00012184_010.png,chest_xray,1.0,True,1.0,3.5943166665219906e-08,
scripts\PredicciónImágenes\Mass\00004581_003.png,chest_xray,1.0,True,1.0,1.8195774748042126e-11,
scripts\PredicciónImágenes\Mass\00028453_004.png,chest_xray,1.0,True,1.0,1.920137648880882e-08,
scripts\PredicciónImágenes\Mass\00007193_005.png,chest_xray,1.0,True,1.0,1.8887666430877914e-10,
scripts\PredicciónImágenes\Mass\00014131_000.png,chest_xray,1.0,True,1.0,3.51152316113712e-08,
scripts\PredicciónImágenes\Mass\00022308_000.png,chest_xray,1.0,True,1.0,1.5999643832032007e-09,
scripts\PredicciónImágenes\Mass\00008215_001.png,chest_xray,1.0,True,1.0,7.731839474223179e-12,
scripts\PredicciónImágenes\Mass\00017662_002.png,chest_xray,1.0,True,1.0,3.914322643794321e-09,
scripts\PredicciónImágenes\Mass\00002383_002.png,chest_xray,1.0,True,1.0,8.159439920593647e-13,
scripts\PredicciónImágenes\Mass\00007716_006.png,chest_xray,1.0,True,1.0,4.005814430163568e-11,
scripts\PredicciónImágenes\Mass\00003086_003.png,chest_xray,1.0,True,1.0,2.2722454126600233e-11,
scripts\PredicciónImágenes\Mass\00000963_015.png,chest_xray,1.0,True,1.0,1.3777876062270877e-10,
scripts\PredicciónImágenes\Mass\00025924_028.png,chest_xray,1.0,True,1.0,3.145401161752659e-10,
scripts\PredicciónImágenes\Mass\00011304_001.png,chest_xray,1.0,True,1.0,4.17875664626699e-11,
scripts\PredicciónImágenes\Mass\00028923_003.png,chest_xray,1.0,True,1.0,1.2131691484729146e-10,
scripts\PredicciónImágenes\Mass\00028550_004.png,chest_xray,1.0,True,1.0,5.5530219311705764e-11,
scripts\PredicciónImágenes\Mass\00018201_000.png,chest_xray,1.0,True,1.0,6.852774424304098e-12,
scripts\PredicciónImágenes\Mass\00019169_012.png,chest_xray,1.0,True,1.0,8.611217750149891e-13,
scripts\PredicciónImágenes\Mass\00003187_000.png,chest_xray,1.0,True,1.0,2.1429448493481829e-10,
scripts\PredicciónImágenes\Mass\00000959_001.png,chest_xray,1.0,True,1.0,1.8849364777362432e-11,
scripts\PredicciónImágenes\Mass\00017788_000.png,chest_xray,1.0,True,1.0,5.91241555714106e-10,
scripts\PredicciónImágenes\Mass\00018663_011.png,chest_xray,1.0,True,1.0,1.2303620622322597e-10,
scripts\PredicciónImágenes\Mass\00001668_000.png,chest_xray,1.0,True,1.0,4.258981362026404e-11,
scripts\PredicciónImágenes\Mass\00018284_016.png,chest_xray,0.9999998807907104,True,0.9999998807907104,1.1873438410248127e-07,
scripts\PredicciónImágenes\Mass\00016009_015.png,chest_xray,1.0,True,1.0,9.958274439433867e-13,
scripts\PredicciónImágenes\Mass\00030206_006.png,chest_xray,1.0,True,1.0,1.8560770698172746e-08,
scripts\PredicciónImágenes\Mass\00011925_070.png,chest_xray,1.0,True,1.0,1.4898289546483312e-10,
scripts\PredicciónImágenes\Mass\00015131_000.png,chest_xray,1.0,True,1.0,1.458395210152119e-11,
scripts\PredicciónImágenes\Mass\00011654_000.png,chest_xray,1.0,True,1.0,6.637178306956315e-11,
scripts\PredicciónImágenes\Mass\00014296_003.png,chest_xray,1.0,True,1.0,1.4883570070844954e-11,
scripts\PredicciónImágenes\Mass\00006338_005.png,chest_xray,1.0,True,1.0,1.6780823150312763e-13,
scripts\PredicciónImágenes\Mass\00016986_001.png,chest_xray,1.0,True,1.0,2.0682559831453062e-11,
scripts\PredicciónImágenes\Mass\00016971_033.png,chest_xray,1.0,True,1.0,5.310249129308886e-09,
scripts\PredicciónImágenes\Mass\00004767_000.png,chest_xray,1.0,True,1.0,3.754056621119162e-09,
scripts\PredicciónImágenes\Mass\00017426_000.png,chest_xray,1.0,True,1.0,4.420388777237605e-10,
scripts\PredicciónImágenes\Mass\00013917_016.png,chest_xray,1.0,True,1.0,1.0043646470059286e-10,
scripts\PredicciónImágenes\Mass\00030111_002.png,chest_xray,1.0,True,1.0,1.9617472091226773e-08,
scripts\PredicciónImágenes\Mass\00011723_040.png,chest_xray,1.0,True,1.0,2.765441209362507e-08,
scripts\PredicciónImágenes\Mass\00017429_004.png,chest_xray,1.0,True,1.0,6.021051990323656e-10,
scripts\PredicciónImágenes\Mass\00008435_002.png,chest_xray,1.0,True,1.0,1.2065617602252665e-11,
scripts\PredicciónImágenes\Mass\00018606_012.png,chest_xray,0.9999966621398926,True,0.9999966621398926,3.319569486848195e-06,
scripts\PredicciónImágenes\Mass\00018524_000.png,chest_xray,1.0,True,1.0,4.852361568108421e-12,
scripts\PredicciónImágenes\Mass\00014105_001.png,chest_xray,1.0,True,1.0,2.140965449370924e-08,
scripts\PredicciónImágenes\Mass\00015190_003.png,chest_xray,1.0,True,1.0,5.633069531663093e-12,
scripts\PredicciónImágenes\Mass\00005325_000.png,chest_xray,1.0,True,1.0,5.4375055569266806e-09,
scripts\PredicciónImágenes\Mass\00012610_006.png,chest_xray,1.0,True,1.0,1.967946638981033e-11,
scripts\PredicciónImágenes\Mass\00029450_003.png,chest_xray,1.0,True,1.0,8.418842012414274e-11,
scripts\PredicciónImágenes\Mass\00003879_000.png,chest_xray,1.0,True,1.0,5.04518382626884e-09,
scripts\PredicciónImágenes\Mass\00017645_010.png,chest_xray,1.0,True,1.0,2.112822278244053e-10,
scripts\PredicciónImágenes\Mass\00016212_000.png,chest_xray,1.0,True,1.0,2.2781720086795243e-12,
scripts\PredicciónImágenes\Mass\00014265_023.png,chest_xray,1.0,True,1.0,3.0110900751945113e-12,
scripts\PredicciónImágenes\Mass\00009764_001.png,chest_xray,0.9999998807907104,True,0.9999998807907104,1.0485429413620295e-07,
scripts\PredicciónImágenes\Mass\00026993_002.png,chest_xray,0.9999986886978149,True,0.9999986886978149,1.3048311302554794e-06,
scripts\PredicciónImágenes\Mass\00002361_013.png,chest_xray,1.0,True,1.0,7.011679015178629e-10,
scripts\PredicciónImágenes\Mass\00010780_005.png,chest_xray,1.0,True,1.0,4.1179143428493603e-10,
scripts\PredicciónImágenes\Mass\00014525_001.png,chest_xray,1.0,True,1.0,8.745590918124435e-09,
scripts\PredicciónImágenes\Mass\00012141_026.png,chest_xray,1.0,True,1.0,4.5250921065775884e-11,
scripts\PredicciónImágenes\Mass\00003341_000.png,chest_xray,1.0,True,1.0,4.2396732825855654e-12,
scripts\PredicciónImágenes\Mass\00025319_000.png,chest_xray,1.0,True,1.0,5.274650854980578e-11,
scripts\PredicciónImágenes\Mass\00015173_011.png,chest_xray,1.0,True,1.0,3.1353110212239965e-12,
scripts\PredicciónImágenes\Mass\00027555_000.png,chest_xray,1.0,True,1.0,1.3648199237437098e-10,
scripts\PredicciónImágenes\Mass\00002419_003.png,chest_xray,1.0,True,1.0,5.4377283925655107e-11,
scripts\PredicciónImágenes\Mass\00018518_002.png,chest_xray,1.0,True,1.0,4.459781068749669e-12,
scripts\PredicciónImágenes\Mass\00010561_001.png,chest_xray,1.0,True,1.0,2.6872025438162694e-11,
scripts\PredicciónImágenes\Mass\00007322_000.png,chest_xray,1.0,True,1.0,5.474247166681323e-10,
scripts\PredicciónImágenes\Mass\00007354_016.png,chest_xray,1.0,True,1.0,2.4680744559191226e-08,
scripts\PredicciónImágenes\Mass\00013206_008.png,chest_xray,1.0,True,1.0,8.887941049806614e-09,
scripts\PredicciónImágenes\Mass\00027440_000.png,chest_xray,1.0,True,1.0,3.9533748497078136e-10,
scripts\PredicciónImágenes\Mass\00016627_000.png,chest_xray,1.0,True,1.0,7.991689532360624e-10,
scripts\PredicciónImágenes\Mass\00008429_002.png,chest_xray,1.0,True,1.0,1.1391627224854872e-10,
scripts\PredicciónImágenes\Mass\00012502_001.png,chest_xray,1.0,True,1.0,4.056838892596559e-11,
scripts\PredicciónImágenes\Mass\00006585_002.png,chest_xray,1.0,True,1.0,6.829476983938321e-10,
scripts\PredicciónImágenes\Mass\00011125_000.png,chest_xray,1.0,True,1.0,6.656623169343234e-12,
scripts\PredicciónImágenes\Mass\00014601_000.png,chest_xray,1.0,True,1.0,3.4751396205123797e-10,
scripts\PredicciónImágenes\Mass\00021626_011.png,chest_xray,1.0,True,1.0,3.937441692136723e-11,
scripts\PredicciónImágenes\Mass\00017136_007.png,chest_xray,1.0,True,1.0,7.726363437932093e-10,
scripts\PredicciónImágenes\Mass\00008763_004.png,chest_xray,1.0,True,1.0,4.1414951329477034e-11,
scripts\PredicciónImágenes\Mass\00012973_001.png,chest_xray,1.0,True,1.0,5.840561811965017e-09,
scripts\PredicciónImágenes\Mass\00018091_022.png,chest_xray,1.0,True,1.0,5.6724559271970065e-08,
scripts\PredicciónImágenes\Mass\00005221_003.png,chest_xray,1.0,True,1.0,6.8769558936310204e-09,
scripts\PredicciónImágenes\Mass\00020398_030.png,chest_xray,1.0,True,1.0,1.8706344917518436e-08,
scripts\PredicciónImágenes\Mass\00018011_018.png,chest_xray,1.0,True,1.0,1.0635317071461259e-09,
scripts\PredicciónImágenes\Mass\00014320_018.png,chest_xray,1.0,True,1.0,7.969002194241348e-12,
scripts\PredicciónImágenes\Mass\00004436_008.png,chest_xray,0.9999994039535522,True,0.9999994039535522,6.235881642169261e-07,
scripts\PredicciónImágenes\Mass\00016277_001.png,chest_xray,1.0,True,1.0,1.1824792256476258e-09,
scripts\PredicciónImágenes\Mass\00019871_005.png,chest_xray,1.0,True,1.0,3.680682928580703e-12,
scripts\PredicciónImágenes\Mass\00013911_023.png,chest_xray,1.0,True,1.0,4.241467177479308e-09,
scripts\PredicciónImágenes\Mass\00000618_007.png,chest_xray,1.0,True,1.0,2.3034586391079692e-11,
scripts\PredicciónImágenes\Mass\00010198_016.png,chest_xray,0.9999990463256836,True,0.9999990463256836,9.16227804736991e-07,
scripts\PredicciónImágenes\Mass\00027937_005.png,chest_xray,1.0,True,1.0,1.6591325535664225e-10,
scripts\PredicciónImágenes\Mass\00011504_000.png,chest_xray,1.0,True,1.0,2.4627570816004862e-11,
scripts\PredicciónImágenes\Mass\00025169_000.png,chest_xray,1.0,True,1.0,2.5056479113771957e-10,
scripts\PredicciónImágenes\Mass\00016971_032.png,chest_xray,1.0,True,1.0,3.0308310527971116e-08,
scripts\PredicciónImágenes\Mass\00007837_000.png,chest_xray,1.0,True,1.0,1.955999806568798e-09,
scripts\PredicciónImágenes\Mass\00021420_029.png,chest_xray,0.9999998807907104,True,0.9999998807907104,1.1356238616144765e-07,
scripts\PredicciónImágenes\Mass\00029728_000.png,chest_xray,1.0,True,1.0,3.002586373979099e-11,
scripts\PredicciónImágenes\Mass\00014851_000.png,chest_xray,1.0,True,1.0,1.8801662449163814e-09,
scripts\PredicciónImágenes\Mass\00018792_001.png,chest_xray,1.0,True,1.0,5.017108506422119e-08,
scripts\PredicciónImágenes\Mass\00011049_003.png,chest_xray,1.0,True,1.0,3.670897266716544e-11,
scripts\PredicciónImágenes\Mass\00002361_002.png,chest_xray,1.0,True,1.0,7.11126801888895e-09,
scripts\PredicciónImágenes\Mass\00014358_004.png,chest_xray,1.0,True,1.0,1.1253984411041529e-08,
scripts\PredicciónImágenes\Mass\00003377_011.png,chest_xray,1.0,True,1.0,1.0104778342193144e-12,
scripts\PredicciónImágenes\Mass\00013992_025.png,chest_xray,1.0,True,1.0,6.701114108054185e-10,
scripts\PredicciónImágenes\Mass\00019613_000.png,chest_xray,1.0,True,1.0,3.2106581282498325e-10,
scripts\PredicciónImágenes\Mass\00001483_000.png,chest_xray,1.0,True,1.0,3.076444876626283e-09,
scripts\PredicciónImágenes\Mass\00005505_000.png,chest_xray,1.0,True,1.0,4.019275223754448e-08,
scripts\PredicciónImágenes\Mass\00008188_002.png,chest_xray,1.0,True,1.0,2.7442407721234297e-11,
scripts\PredicciónImágenes\Mass\00002878_012.png,chest_xray,1.0,True,1.0,1.2882172542236225e-12,
scripts\PredicciónImágenes\Mass\00008566_001.png,chest_xray,1.0,True,1.0,7.293074477665584e-11,
scripts\PredicciónImágenes\Mass\00019124_073.png,chest_xray,1.0,True,1.0,2.5763399746914217e-10,
scripts\PredicciónImágenes\Mass\00019031_001.png,chest_xray,1.0,True,1.0,1.0367476191777691e-12,
scripts\PredicciónImágenes\Mass\00005578_003.png,chest_xray,1.0,True,1.0,2.0648581802729105e-11,
scripts\PredicciónImágenes\Mass\00017515_000.png,chest_xray,1.0,True,1.0,1.8985165002594062e-12,
scripts\PredicciónImágenes\Mass\00008463_001.png,chest_xray,0.9999998807907104,True,0.9999998807907104,1.3774874219052435e-07,
scripts\PredicciónImágenes\Mass\00004532_002.png,chest_xray,1.0,True,1.0,2.7980661343462998e-08,
scripts\PredicciónImágenes\Mass\00015793_008.png,chest_xray,1.0,True,1.0,2.9499235054686324e-08,
scripts\PredicciónImágenes\Mass\00005642_002.png,chest_xray,1.0,True,1.0,3.4445548635630985e-09,
scripts\PredicciónImágenes\Mass\00010773_000.png,chest_xray,1.0,True,1.0,3.0178619603304924e-09,
scripts\PredicciónImágenes\Mass\00018117_000.png,chest_xray,1.0,True,1.0,8.594145534113196e-11,
scripts\PredicciónImágenes\Mass\00021581_002.png,chest_xray,1.0,True,1.0,2.1394868099378073e-09,
scripts\PredicciónImágenes\Mass\00001900_021.png,chest_xray,1.0,True,1.0,7.43847830553257e-11,
scripts\PredicciónImágenes\Mass\00027833_001.png,chest_xray,0.9999997615814209,True,0.9999997615814209,2.0063816918991506e-07,
scripts\PredicciónImágenes\Mass\00008829_000.png,chest_xray,1.0,True,1.0,8.456376154875045e-10,
scripts\PredicciónImágenes\Mass\00014462_000.png,chest_xray,1.0,True,1.0,2.3690802097853236e-10,
scripts\PredicciónImágenes\Mass\00005785_001.png,chest_xray,1.0,True,1.0,5.0430406378643156e-12,
scripts\PredicciónImágenes\Mass\00014203_066.png,chest_xray,1.0,True,1.0,9.834151271093106e-09,
scripts\PredicciónImágenes\Mass\00018427_009.png,chest_xray,1.0,True,1.0,1.4024554087499475e-11,
scripts\PredicciónImágenes\Mass\00011886_001.png,chest_xray,1.0,True,1.0,1.1162848423396099e-08,
scripts\PredicciónImágenes\Mass\00007416_000.png,chest_xray,1.0,True,1.0,5.702229053522467e-13,
scripts\PredicciónImágenes\Mass\00013232_001.png,chest_xray,1.0,True,1.0,5.927184298926136e-10,
scripts\PredicciónImágenes\Mass\00027833_008.png,chest_xray,0.9999998807907104,True,0.9999998807907104,1.4092556455125305e-07,
scripts\PredicciónImágenes\Mass\00021264_000.png,chest_xray,1.0,True,1.0,2.5034803119439175e-09,
scripts\PredicciónImágenes\Mass\00019651_002.png,chest_xray,1.0,True,1.0,1.5256205188052263e-08,
scripts\PredicciónImágenes\Mass\00003045_003.png,chest_xray,1.0,True,1.0,4.766213465567937e-11,
scripts\PredicciónImágenes\Mass\00002867_000.png,chest_xray,1.0,True,1.0,2.0346309359542403e-10,
scripts\PredicciónImágenes\Mass\00003233_005.png,chest_xray,1.0,True,1.0,5.81731954274467e-11,
scripts\PredicciónImágenes\Mass\00015147_005.png,chest_xray,1.0,True,1.0,1.748270139767527e-10,
scripts\PredicciónImágenes\Mass\00010016_001.png,chest_xray,1.0,True,1.0,1.3971330758977274e-09,
scripts\PredicciónImágenes\Mass\00018173_001.png,chest_xray,1.0,True,1.0,6.502407945419009e-09,
scripts\PredicciónImágenes\Mass\00006827_000.png,chest_xray,1.0,True,1.0,4.2838994573912714e-09,
scripts\PredicciónImágenes\Mass\00016587_051.png,chest_xray,1.0,True,1.0,2.8302228116672268e-08,
scripts\PredicciónImágenes\Mass\00028765_001.png,chest_xray,1.0,True,1.0,6.3495511071209876e-09,
scripts\PredicciónImágenes\Mass\00009337_000.png,chest_xray,0.9999998807907104,True,0.9999998807907104,7.171762916868829e-08,
scripts\PredicciónImágenes\Mass\00008277_000.png,chest_xray,1.0,True,1.0,1.1002090349876426e-09,
scripts\PredicciónImágenes\Mass\00010847_003.png,chest_xray,1.0,True,1.0,3.918199044296994e-13,
scripts\PredicciónImágenes\Mass\00017266_001.png,chest_xray,1.0,True,1.0,2.5128663594387035e-09,
scripts\PredicciónImágenes\Mass\00019124_079.png,chest_xray,1.0,True,1.0,7.349998387695678e-10,
scripts\PredicciónImágenes\Mass\00007296_000.png,chest_xray,1.0,True,1.0,2.4244818392499257e-12,
scripts\PredicciónImágenes\Mass\00016971_013.png,chest_xray,1.0,True,1.0,2.946379362711582e-09,
scripts\PredicciónImágenes\Mass\00019308_004.png,chest_xray,1.0,True,1.0,4.5219949312835794e-11,
scripts\PredicciónImágenes\Mass\00013472_001.png,chest_xray,1.0,True,1.0,6.557376169835649e-11,
scripts\PredicciónImágenes\Mass\00012927_004.png,chest_xray,1.0,True,1.0,6.638419675075724e-11,
scripts\PredicciónImágenes\Mass\00017576_000.png,chest_xray,1.0,True,1.0,7.548275338109534e-10,
scripts\PredicciónImágenes\Mass\00021383_001.png,chest_xray,1.0,True,1.0,2.808598242864946e-09,
scripts\PredicciónImágenes\Mass\00009764_002.png,chest_xray,0.9999998807907104,True,0.9999998807907104,7.267909296615471e-08,
scripts\PredicciónImágenes\Mass\00013594_036.png,chest_xray,1.0,True,1.0,1.6773048505669408e-09,
scripts\PredicciónImágenes\Mass\00017605_009.png,chest_xray,1.0,True,1.0,2.9954279057164968e-09,
scripts\PredicciónImágenes\Mass\00015754_013.png,chest_xray,1.0,True,1.0,3.0318789145944436e-11,
scripts\PredicciónImágenes\Mass\00009972_000.png,chest_xray,1.0,True,1.0,2.0497774144700998e-08,
scripts\PredicciónImágenes\Mass\00012525_004.png,chest_xray,1.0,True,1.0,4.4128239951035653e-10,
scripts\PredicciónImágenes\Mass\00028582_009.png,chest_xray,0.9999986886978149,True,0.9999986886978149,1.3389284276854596e-06,
scripts\PredicciónImágenes\Mass\00022427_000.png,chest_xray,0.9999998807907104,True,0.9999998807907104,8.664785156042853e-08,
scripts\PredicciónImágenes\Mass\00029310_001.png,chest_xray,1.0,True,1.0,3.318060669971201e-12,
scripts\PredicciónImágenes\Mass\00028876_059.png,chest_xray,1.0,True,1.0,5.804601688197408e-09,
scripts\PredicciónImágenes\Mass\00011737_001.png,chest_xray,1.0,True,1.0,5.065589903097134e-08,
scripts\PredicciónImágenes\Mass\00016798_002.png,chest_xray,1.0,True,1.0,8.727731211355394e-12,
scripts\PredicciónImágenes\Mass\00029259_005.png,chest_xray,1.0,True,1.0,3.0059559008588366e-11,
scripts\PredicciónImágenes\Mass\00016937_005.png,chest_xray,1.0,True,1.0,5.039728079303529e-10,
scripts\PredicciónImágenes\Mass\00015196_008.png,chest_xray,1.0,True,1.0,1.187514864220418e-09,
scripts\PredicciónImágenes\Mass\00020703_016.png,chest_xray,1.0,True,1.0,3.452730990005648e-09,
scripts\PredicciónImágenes\Mass\00006338_004.png,chest_xray,1.0,True,1.0,9.828834968139688e-11,
scripts\PredicciónImágenes\Mass\00012922_001.png,chest_xray,1.0,True,1.0,4.143407145162925e-11,
scripts\PredicciónImágenes\Mass\00014381_000.png,chest_xray,1.0,True,1.0,1.0982287128313839e-11,
scripts\PredicciónImágenes\Mass\00005348_010.png,chest_xray,1.0,True,1.0,1.8417084524102734e-10,
scripts\PredicciónImágenes\Mass\00014308_000.png,chest_xray,1.0,True,1.0,2.3604821222655836e-11,
scripts\PredicciónImágenes\Mass\00002111_004.png,chest_xray,1.0,True,1.0,5.444193706960476e-11,
scripts\PredicciónImágenes\Mass\00005515_000.png,chest_xray,1.0,True,1.0,3.093619527216873e-10,
scripts\PredicciónImágenes\Mass\00005676_001.png,chest_xray,1.0,True,1.0,1.5430968725027583e-09,
scripts\PredicciónImágenes\Mass\00011232_000.png,chest_xray,1.0,True,1.0,2.169370585947128e-11,
scripts\PredicciónImágenes\Mass\00004858_083.png,chest_xray,1.0,True,1.0,3.2705340172189956e-12,
scripts\PredicciónImágenes\Mass\00014719_003.png,chest_xray,1.0,True,1.0,3.2958363815893676e-10,
scripts\PredicciónImágenes\Mass\00027416_001.png,chest_xray,1.0,True,1.0,5.214517262430718e-09,
scripts\PredicciónImágenes\Mass\00026769_001.png,chest_xray,1.0,True,1.0,2.3455269844430138e-12,
scripts\PredicciónImágenes\Mass\00017695_000.png,chest_xray,0.9999998807907104,True,0.9999998807907104,6.125647189492156e-08,
scripts\PredicciónImágenes\Mass\00015625_001.png,chest_xray,1.0,True,1.0,6.713933298208019e-10,
